4096
0	153.2725116	0
1	156.055226	-1.065814104e-14
2	158.9756401	-3.197442311e-14
3	162.012098	-2.131628207e-14
4	165.1416179	-3.552713679e-15
5	168.3401102	0
6	171.5826077	-2.131628207e-14
7	174.8435069	-2.486899575e-14
8	178.0968177	-2.842170943e-14
9	181.3164183	-4.618527782e-14
10	184.4763131	-4.618527782e-14
11	187.5508926	-1.350031198e-13
12	190.5151898	-3.552713679e-15
13	193.3451331	-5.329070518e-14
14	196.0177921	3.552713679e-14
15	198.5116133	6.75015599e-14
16	200.8066447	-1.421085472e-14
17	202.8847452	-1.492139745e-13
18	204.7297783	-1.385558335e-13
19	206.3277865	-1.776356839e-14
20	207.6671461	-1.563194019e-13
21	208.7386996	1.278976924e-13
22	209.5358637	1.776356839e-14
23	210.0547142	1.740829703e-13
24	210.2940432	2.415845302e-13
25	210.2553909	-1.953992523e-13
26	209.9430502	-5.329070518e-14
27	209.364043	1.421085472e-13
28	208.5280706	7.105427358e-14
29	207.4474356	4.263256415e-14
30	206.136939	-1.421085472e-14
31	204.61375	-3.552713679e-15
32	202.8972531	-1.065814104e-14
33	201.0088702	-4.263256415e-14
34	198.9718631	2.842170943e-14
35	196.811115	0
36	194.5528948	1.065814104e-14
37	192.224606	-2.557953849e-13
38	189.8545227	7.105427358e-15
39	187.4715149	2.344791028e-13
40	185.104766	-2.522426712e-13
41	182.7834855	-7.212008768e-13
42	180.5366193	-8.881784197e-14
43	178.3925603	-1.314504061e-13
44	176.3788634	-2.664535259e-13
45	174.521966	-8.171241461e-14
46	172.8469181	5.329070518e-14
47	171.3771243	-1.563194019e-13
48	170.1341008	-2.238209618e-13
49	169.1372485	-5.577760476e-13
50	168.4036467	-1.012523398e-12
51	167.9478679	-6.75015599e-14
52	167.7818161	-5.329070518e-13
53	167.9145912	-7.709388683e-13
54	168.3523796	-2.202682481e-13
55	169.0983733	-5.329070518e-14
56	170.1527183	-9.272582702e-13
57	171.5124926	9.592326933e-14
58	173.1717149	-1.044497822e-12
59	175.1213831	-2.98427949e-13
60	177.3495438	-2.771116669e-13
61	179.8413908	-3.055333764e-13
62	182.5793931	-3.446132268e-13
63	185.5434501	-1.811883976e-13
64	188.7110741	-6.430411759e-13
65	192.0575972	-9.769962617e-13
66	195.5564006	-1.001865257e-12
67	199.1791659	-6.679101716e-13
68	202.8961442	-1.229238933e-12
69	206.6764404	-5.577760476e-13
70	210.4883123	-4.831690603e-13
71	214.2994782	-1.008970685e-12
72	218.0774332	-8.419931419e-13
73	221.7897689	-9.130474155e-13
74	225.4044942	-7.993605777e-13
75	228.8903545	-7.105427358e-14
76	232.2171448	-7.425171589e-13
77	235.356015	-9.769962617e-13
78	238.2797631	-3.552713679e-13
79	240.9631147	-6.927791674e-13
80	243.382984	-1.165290087e-12
81	245.5187158	-1.10134124e-13
82	247.3523042	-1.712407993e-12
83	248.8685863	-9.592326933e-13
84	250.0554101	6.75015599e-13
85	250.9037719	-1.392663762e-12
86	251.4079243	-4.76063633e-13
87	251.5654532	-1.595168442e-12
88	251.3773204	-1.669775429e-13
89	250.8478753	-9.237055565e-14
90	249.9848314	-1.097788527e-12
91	248.7992098	-1.836752972e-12
92	247.3052506	6.110667528e-13
93	245.5202901	-1.090683099e-12
94	243.4646086	-1.428190899e-12
95	241.1612465	-1.733724275e-12
96	238.635793	7.176481631e-13
97	235.9161481	-9.663381206e-13
98	233.0322603	-1.289635065e-12
99	230.0158424	1.360689339e-12
100	226.9000682	-2.312816605e-12
101	223.7192535	-1.115552095e-12
102	220.5085233	-3.126388037e-13
103	217.3034693	-6.146194664e-13
104	214.1398008	-7.638334409e-13
105	211.0529929	7.389644452e-13
106	208.0779343	-1.406874617e-12
107	205.248579	-7.425171589e-13
108	202.597606	-2.273736754e-13
109	200.156089	-1.083577672e-12
110	197.9531799	-8.988365607e-13
111	196.0158105	-1.385558335e-12
112	194.3684136	-1.975308805e-12
113	193.0326672	-8.917311334e-13
114	192.0272658	1.421085472e-13
115	191.3677179	-2.682298827e-12
116	191.0661758	-2.209787908e-12
117	191.1312963	-3.7658765e-13
118	191.5681359	-6.8567374e-13
119	192.378081	-2.209787908e-12
120	193.5588133	-9.876544027e-13
121	195.1043127	-1.659117288e-12
122	197.0048958	-7.283063042e-13
123	199.2472916	-1.485034318e-12
124	201.8147527	-9.876544027e-13
125	204.6872012	-1.691091711e-12
126	207.841409	-3.659295089e-13
127	211.2512095	-3.026912054e-12
128	214.8877403	-1.712407993e-12
129	218.7197125	-4.86721774e-13
130	222.7137071	-2.533084853e-12
131	226.8344927	-1.740829703e-12
132	231.0453634	-2.6751934e-12
133	235.308493	-2.387423592e-12
134	239.585302	-1.310951347e-12
135	243.8368342	-2.092548357e-12
136	248.0241388	-3.18678417e-12
137	252.1086544	-1.669775429e-12
138	256.0525916	-1.087130386e-12
139	259.8193096	-1.701749852e-12
140	263.3736832	-1.655564574e-12
141	266.6824575	-1.676880856e-12
142	269.7145852	-2.142286348e-12
143	272.4415441	-1.367794766e-12
144	274.8376319	-2.255973186e-12
145	276.8802334	-2.202682481e-12
146	278.5500598	-1.271871497e-12
147	279.8313557	-5.542233339e-13
148	280.7120728	-2.025046797e-12
149	281.184007	-3.083755473e-12
150	281.2428995	-4.263256415e-13
151	280.8884982	-3.144151606e-12
152	280.1245807	-1.95043981e-12
153	278.9589375	-1.104893954e-12
154	277.4033149	-1.794120408e-12
155	275.4733198	-1.1688428e-12
156	273.1882846	1.421085472e-13
157	270.5710952	-3.190336884e-12
158	267.6479837	-8.562039966e-13
159	264.4482857	-1.19726451e-12
160	261.0041672	-2.863487225e-12
161	257.3503212	-4.618527782e-13
162	253.5236382	-8.135714324e-13
163	249.5628538	-2.238209618e-13
164	245.5081754	-4.877875881e-12
165	241.4008938	-2.003730515e-12
166	237.2829814	-3.08020276e-12
167	233.1966816	-1.06226139e-12
168	229.1840943	4.97379915e-13
169	225.2867599	8.171241461e-14
170	221.5452479	-1.868727395e-12
171	217.9987521	-4.281019983e-12
172	214.6846978	-4.583000646e-13
173	211.6383647	-1.012523398e-12
174	208.8925292	-1.698197138e-12
175	206.4771295	6.323830348e-13
176	204.4189569	-3.467448551e-12
177	202.7413776	-4.025224598e-12
178	201.4640855	-2.94519964e-12
179	200.6028915	-2.099653784e-12
180	200.1695495	-2.415845302e-13
181	200.1716212	-3.410605132e-13
182	200.6123823	-1.81543669e-12
183	201.4907702	-4.391154107e-12
184	202.8013743	-3.741007504e-12
185	204.5344689	-1.378452907e-12
186	206.6760895	-2.891908935e-12
187	209.2081503	-9.663381206e-13
188	212.1086035	-2.167155344e-12
189	215.3516384	-9.947598301e-13
190	218.9079182	-3.332445431e-12
191	222.7448528	-1.602273869e-12
192	226.8269051	-1.517008741e-12
193	231.1159274	-2.497557716e-12
194	235.5715252	-1.666222715e-12
195	240.1514451	-3.797850923e-12
196	244.8119824	-2.749800387e-12
197	249.5084045	-2.014388656e-12
198	254.1953877	-4.90629759e-12
199	258.82746	-3.335998144e-12
200	263.3594486	-5.28288524e-12
201	267.746926	-2.572164703e-12
202	271.946651	-3.375077995e-12
203	275.9169991	-4.252598274e-12
204	279.6183804	-2.618349981e-12
205	283.0136376	-3.673505944e-12
206	286.0684232	-5.858424856e-12
207	288.7515497	-2.760458528e-12
208	291.0353106	-1.712407993e-12
209	292.8957685	-7.709388683e-13
210	294.3130075	1.740829703e-13
211	295.2713463	-3.456790409e-12
212	295.7595115	-5.353939514e-12
213	295.7707675	-4.831690603e-12
214	295.3030026	2.09610107e-13
215	294.3587697	-1.424638185e-12
216	292.9452818	-1.758593271e-12
217	291.0743603	-7.887024367e-13
218	288.7623393	-4.902744877e-12
219	286.0299235	-5.115907697e-12
220	282.9020039	-4.398259534e-12
221	279.4074302	-3.019806627e-12
222	275.578744	-4.76063633e-13
223	271.4518743	-1.23634436e-12
224	267.0657983	-3.38928885e-12
225	262.4621712	-4.426681244e-12
226	257.684927	-3.87245791e-12
227	252.7798565	-1.456612608e-12
228	247.7941644	-9.379164112e-13
229	242.776011	5.769607014e-12
230	237.7740423	-4.011013743e-12
231	232.8369138	-3.026912054e-12
232	228.012812	-3.478106692e-12
233	223.3489784	-1.88293825e-13
234	218.8912412	-1.275424211e-12
235	214.6835587	-1.012523398e-12
236	210.7675796	-1.318056775e-12
237	207.1822239	-4.899192163e-12
238	203.9632894	-2.692956969e-12
239	201.1430867	-1.442401754e-12
240	198.7501077	-2.39452902e-12
241	196.80873	-1.843858399e-12
242	195.3389611	-3.876010624e-12
243	194.3562238	-2.316369319e-12
244	193.8711867	-1.1688428e-12
245	193.8896403	-4.064304449e-12
246	194.4124207	-3.460343123e-12
247	195.4353826	2.238209618e-13
248	196.9494194	-2.533084853e-12
249	198.9405344	-2.856381798e-12
250	201.3899588	-2.113864639e-12
251	204.2743181	-2.337685601e-12
252	207.5658436	3.232969448e-13
253	211.2326291	-2.6751934e-12
254	215.2389285	-5.302425166e-12
255	219.5454922	-5.21005461e-12
256	224.1099405	-3.5971226e-12
257	228.8871678	-2.135180921e-12
258	233.8297759	-2.15827356e-12
259	238.8885316	-5.387690294e-12
260	244.0128443	-5.139000336e-12
261	249.1512576	-4.023448241e-12
262	254.2519531	-5.146105764e-12
263	259.2632581	-2.261302257e-12
264	264.1341548	-5.204725539e-12
265	268.8147844	-5.682565529e-12
266	273.2569422	-5.506706202e-12
267	277.4145578	-6.602718372e-12
268	281.2441562	-9.219291996e-13
269	284.7052954	-3.93995947e-12
270	287.7609758	-4.07496259e-12
271	290.3780167	-2.936317856e-12
272	292.5273968	-6.560085808e-12
273	294.1845559	-4.233058348e-12
274	295.3296525	-4.65938399e-12
275	295.9477768	-5.38413758e-12
276	296.0291157	-1.588063014e-12
277	295.5690681	-4.009237387e-12
278	294.5683099	-2.795985665e-12
279	293.0328064	-5.147882121e-12
280	290.9737738	-2.904343432e-12
281	288.4075876	-3.421263273e-12
282	285.3556415	-2.948752353e-12
283	281.8441548	-1.006483785e-11
284	277.903933	-3.588240816e-12
285	273.5700812	-3.861799769e-12
286	268.8816752	-1.300293206e-12
287	263.881392	1.065814104e-14
288	258.615103	-9.414691249e-13
289	253.1314353	-3.479883048e-12
290	247.4813038	-4.346745186e-12
291	241.7174188	-3.199218668e-12
292	235.893775	-7.940315072e-13
293	230.0651255	3.819167205e-13
294	224.2864465	-7.389644452e-13
295	218.6123985	-2.87769808e-12
296	213.0967875	-4.32187619e-12
297	207.7920345	-3.272049298e-12
298	202.7486548	-1.33226763e-12
299	198.014756	-2.712496894e-12
300	193.6355567	-2.032152224e-12
301	189.6529324	-4.691358413e-12
302	186.1049932	-5.79447601e-12
303	183.0256961	-3.144151606e-13
304	180.4444972	-3.794298209e-12
305	178.3860479	-1.842082042e-12
306	176.8699355	2.312816605e-12
307	175.9104747	-4.854783242e-12
308	175.5165483	-3.257838443e-12
309	175.6915026	-2.819078304e-12
310	176.4330956	-1.277200568e-12
311	177.7335005	-2.010835942e-12
312	179.579364	1.98951966e-13
313	181.9519195	-9.947598301e-13
314	184.8271533	-2.012612299e-12
315	188.1760233	-4.993339076e-12
316	191.9647279	-3.671729587e-12
317	196.1550227	-2.630784479e-12
318	200.7045814	-3.986144748e-12
319	205.5673987	-5.515587986e-12
320	210.6942304	-6.144418307e-12
321	216.0330664	-4.790834396e-12
322	221.5296334	-3.353761713e-12
323	227.1279205	-6.211919867e-12
324	232.7707242	-3.494093903e-12
325	238.4002068	-4.892086736e-12
326	243.9584625	-6.494360605e-12
327	249.3880867	-7.611689057e-12
328	254.6327414	-8.883560554e-12
329	259.6377125	-5.353939514e-12
330	264.3504529	-7.450040584e-12
331	268.7211054	-3.725020292e-12
332	272.703002	-4.572342505e-12
333	276.2531321	-5.551115123e-12
334	279.3325772	-8.181899602e-12
335	281.9069066	-3.73212572e-12
336	283.9465297	1.74793513e-12
337	285.4270024	-1.923794457e-12
338	286.3292835	1.415756401e-12
339	286.6399395	-2.781774811e-12
340	286.3512937	-8.650857808e-12
341	285.4615202	-2.74269496e-12
342	283.9746803	-4.032330025e-12
343	281.9007013	3.463895837e-13
344	279.2552973	-6.19948537e-12
345	276.0598331	-2.938094212e-12
346	272.341132	-2.481570505e-12
347	268.1312297	-9.665157563e-12
348	263.4670755	-5.220712751e-12
349	258.3901852	-3.081979116e-12
350	252.9462473	7.569056493e-12
351	247.1846874	-4.050093594e-13
352	241.1581943	-5.533351555e-12
353	234.922213	4.56346072e-12
354	228.5344084	-7.545963854e-12
355	222.0541065	-3.335998144e-12
356	215.5417165	-2.380318165e-13
357	209.0581414	-4.085620731e-14
358	202.6641819	-3.995026532e-12
359	196.4199386	-5.401901149e-12
360	190.3842208	-2.646771691e-13
361	184.6139649	-5.803357794e-12
362	179.1636704	1.945110739e-12
363	174.0848572	-1.261213356e-12
364	169.4255521	-2.309263891e-12
365	165.2298064	-1.143973805e-12
366	161.5372524	-8.725464795e-12
367	158.3827015	-2.392752663e-12
368	155.7957883	-3.900879619e-12
369	153.8006654	-2.311040248e-12
370	152.4157502	7.656097978e-13
371	151.6535278	-3.515410185e-12
372	151.5204116	-3.579359031e-12
373	152.0166631	-8.1943341e-12
374	153.136372	3.730349363e-14
375	154.8674965	3.7658765e-12
376	157.1919649	-1.898925461e-12
377	160.0858353	2.819078304e-12
378	163.519515	-3.197442311e-13
379	167.4580348	2.268407684e-12
380	171.8613775	-2.113864639e-12
381	176.6848569	2.456701509e-12
382	181.8795434	-4.863665026e-12
383	187.3927328	-9.102052445e-12
384	193.1684537	4.884981308e-13
385	199.1480076	-3.643307878e-12
386	205.2705382	-6.945555242e-13
387	211.4736228	-7.155165349e-12
388	217.6938812	-4.092726158e-12
389	223.8675954	-1.556088591e-12
390	229.9313344	-1.077360423e-11
391	235.8225778	-4.414246746e-12
392	241.4803324	-4.32187619e-12
393	246.8457353	-1.372235658e-11
394	251.8626374	-4.250821917e-12
395	256.4781627	-8.986589251e-12
396	260.6432361	-5.581313189e-12
397	264.3130754	-2.70361511e-12
398	267.447643	-2.938094212e-12
399	270.0120517	-4.309441692e-12
400	271.9769212	-9.42534939e-12
401	273.318681	-7.748468533e-12
402	274.0198181	-4.177991286e-12
403	274.0690646	-6.892264537e-13
404	273.4615252	-9.49285095e-12
405	272.1987424	-1.433342334e-11
406	270.2886983	-7.172928917e-12
407	267.7457536	-1.30384592e-11
408	264.5905231	-5.970335337e-12
409	260.8496905	-7.437606087e-12
410	256.5557618	-3.064215548e-12
411	251.7467622	-9.757528119e-12
412	246.4658767	-1.137401284e-11
413	240.7610404	3.733902076e-12
414	234.6844802	6.075140391e-13
415	228.292213	-2.836841873e-12
416	221.6435064	-8.597567103e-13
417	214.8003054	-5.233147249e-12
418	207.8266311	-6.663114505e-12
419	200.7879579	-9.141132296e-12
420	193.7505752	1.751487844e-12
421	186.7809384	-3.730349363e-14
422	179.945018	2.842170943e-12
423	173.3076503	-1.012523398e-13
424	166.9318992	-1.657340931e-12
425	160.8784325	-1.396216476e-12
426	155.2049209	-2.621902695e-12
427	149.9654649	7.027267657e-12
428	145.2100548	-7.084111076e-12
429	140.9840705	-9.011458246e-12
430	137.3278247	1.913136316e-12
431	134.2761552	-6.592060231e-12
432	131.8580696	3.900879619e-12
433	130.0964467	-5.902833777e-12
434	129.0077969	1.852740183e-12
435	128.6020853	-3.357314426e-13
436	128.8826178	-5.675460102e-12
437	129.8459929	9.521272659e-13
438	131.4821191	-4.250821917e-12
439	133.7742978	4.458655667e-13
440	136.6993717	-3.87778698e-12
441	140.2279366	-3.463895837e-12
442	144.3246151	-1.460165322e-12
443	148.94839	-1.18038912e-11
444	154.0529931	-4.263256415e-12
445	159.5873473	-6.433964472e-12
446	165.4960564	-5.027089856e-13
447	171.7199388	-6.986411449e-12
448	178.1965992	-9.226397424e-12
449	184.8610335	-2.803091093e-12
450	191.6462608	-1.150901596e-11
451	198.4839763	1.829647545e-13
452	205.3052178	-4.28812541e-12
453	212.0410419	-1.128874771e-11
454	218.6231999	-5.766054301e-12
455	224.9848094	-4.169109502e-12
456	231.0610136	-4.936495657e-12
457	236.7896227	-1.229949476e-11
458	242.1117297	-3.922195901e-12
459	246.9722963	-1.536548666e-12
460	251.3207017	-7.117861855e-12
461	255.1112491	-7.865708085e-12
462	258.3036253	-5.465849995e-12
463	260.8633084	-6.130207453e-12
464	262.7619194	-8.91375862e-12
465	263.9775146	-6.005862474e-12
466	264.4948148	-6.254552432e-12
467	264.3053708	-1.55448987e-11
468	263.4076606	-8.181899602e-12
469	261.8071202	-7.565503779e-12
470	259.5161055	-2.273736754e-12
471	256.5537861	-8.263612017e-12
472	252.9459723	-9.011458246e-12
473	248.7248765	-4.733990977e-12
474	243.9288109	-3.513633828e-12
475	238.601825	-5.72164538e-12
476	232.7932858	-5.051958851e-12
477	226.5574054	-1.035260766e-11
478	219.9527187	-5.275779813e-12
479	213.0415193	-4.124700581e-12
480	205.8892562	-3.330669074e-12
481	198.5638983	-4.877875881e-12
482	191.135273	-1.044497822e-12
483	183.6743855	-3.989697461e-12
484	176.2527243	-8.808953567e-12
485	168.9415614	-2.36077824e-12
486	161.8112524	-5.682565529e-12
487	154.9305445	1.467270749e-12
488	148.365899	-2.964739565e-12
489	142.1808344	-1.208277922e-11
490	136.4352972	-2.275513111e-12
491	131.1850668	-6.865619184e-12
492	126.4811998	-4.066080805e-12
493	122.369519	8.224532166e-13
494	118.8901538	5.844214002e-12
495	116.0771348	-1.801225835e-12
496	113.9580475	-1.001154715e-11
497	112.5537489	2.682298827e-13
498	111.8781493	1.966427021e-12
499	111.9380616	3.032241125e-12
500	112.7331206	9.929834732e-13
501	114.2557723	-4.600764214e-12
502	116.4913332	-7.531752999e-13
503	119.4181208	-4.614975069e-12
504	123.0076519	3.984368391e-12
505	127.2249088	-8.881784197e-12
506	132.02867	-1.513456027e-12
507	137.3719019	-2.77644574e-12
508	143.2022095	-5.220712751e-12
509	149.4623392	-3.005595772e-12
510	156.0907312	-8.84625706e-12
511	163.022115	2.001954158e-12
512	170.188142	-6.121325669e-12
513	177.5180507	-1.470468192e-11
514	184.9393553	-3.835154416e-12
515	192.3785537	-8.341771718e-12
516	199.7618465	-7.835510019e-12
517	207.0158602	-9.382716826e-12
518	214.0683673	-1.328714916e-11
519	220.8489973	-9.501732734e-12
520	227.28993	-7.702283256e-12
521	233.3265656	-1.82076576e-12
522	238.8981641	-1.013766848e-11
523	243.9484483	-3.382183422e-12
524	248.4261638	-1.313260611e-11
525	252.285591	-1.075228795e-11
526	255.4870039	-6.377121053e-12
527	257.9970702	-1.000977079e-11
528	259.7891904	-4.101607942e-12
529	260.8437702	-9.986678151e-12
530	261.148426	-1.31041844e-11
531	260.6981193	-1.25570665e-11
532	259.4952187	-1.267963512e-11
533	257.5494908	-7.670308833e-12
534	254.878017	-1.58744129e-11
535	251.5050392	-1.228350754e-11
536	247.4617349	-2.932765142e-12
537	242.7859234	-1.095745716e-11
538	237.5217067	-7.514877609e-12
539	231.7190484	-8.627765169e-12
540	225.4332931	-3.314681862e-12
541	218.724634	-8.445688593e-12
542	211.65753	-1.012434581e-11
543	204.3000817	-6.418865439e-12
544	196.7233694	-8.732570222e-12
545	189.000761	-6.451728041e-12
546	181.2071969	-4.956035582e-12
547	173.4184569	7.061018437e-13
548	165.7104193	-5.589306795e-12
549	158.158316	-3.518962899e-12
550	150.8359943	7.664979762e-13
551	143.8151897	-1.26147981e-11
552	137.1648193	-6.519229601e-12
553	130.9503007	-2.561506562e-12
554	125.2329046	-1.176925224e-11
555	120.0691472	-2.785327524e-12
556	115.5102278	-5.822009541e-12
557	111.6015179	-1.496580637e-12
558	108.3821063	-5.370814904e-12
559	105.8844056	4.991562719e-13
560	104.1338233	-2.322586568e-12
561	103.1485009	-9.161560399e-12
562	102.9391242	-3.541167359e-12
563	103.5088065	-5.305089701e-12
564	104.8530451	5.062616992e-14
565	106.9597539	3.387512493e-12
566	109.8093689	-7.647216194e-12
567	113.3750283	-4.508393658e-12
568	117.6228242	-9.58255697e-12
569	122.5121236	-5.343281373e-12
570	127.9959562	-4.292566302e-12
571	134.0214648	-2.119193709e-12
572	140.5304143	-8.976819288e-12
573	147.459754	-1.630606761e-11
574	154.7422285	-2.922107001e-12
575	162.3070303	-1.034461405e-11
576	170.0804884	-6.516565065e-12
577	177.9867864	-7.305267502e-12
578	185.9487022	-1.317346232e-11
579	193.8883633	-8.776979143e-12
580	201.7280087	-1.67137415e-11
581	209.3907516	-1.010924677e-11
582	216.801335	-8.79563089e-12
583	223.8868709	-7.270628544e-12
584	230.5775594	-7.816858272e-12
585	236.8073769	-1.269917504e-11
586	242.5147294	-1.312994158e-11
587	247.6430624	-1.560973573e-11
588	252.1414233	-4.251710095e-12
589	255.9649684	-1.320810128e-11
590	259.0754122	-2.249400666e-11
591	261.4414117	-9.203304785e-12
592	263.0388835	-1.278444017e-11
593	263.8512511	-1.10835785e-11
594	263.8696173	-1.557154405e-11
595	263.0928629	-9.429790282e-12
596	261.5276684	-1.820854578e-11
597	259.1884594	-1.89528393e-11
598	256.0972765	-4.797939823e-12
599	252.2835693	-1.193356525e-11
600	247.7839183	-7.204015162e-12
601	242.641686	-1.491073931e-11
602	236.9066011	-1.343281042e-11
603	230.6342798	-5.000444503e-12
604	223.8856882	-1.213429357e-11
605	216.7265522	-3.7205794e-12
606	209.2267194	-9.814371538e-12
607	201.4594796	-5.956124483e-12
608	193.500851	-9.062084416e-12
609	185.4288386	-8.844480703e-12
610	177.3226715	-7.258194046e-12
611	169.2620279	-1.236788449e-11
612	161.3262547	-1.42730272e-12
613	153.5935884	-9.208633855e-12
614	146.1403868	-1.294342411e-11
615	139.0403775	-7.427836124e-12
616	132.3639318	-7.191580664e-12
617	126.1773699	-5.840661288e-12
618	120.5423054	-1.092193003e-11
619	115.5150347	-2.537525745e-12
620	111.1459786	-5.116795876e-12
621	107.4791795	-8.014922059e-12
622	104.5518617	-3.077538224e-12
623	102.3940576	-6.882494574e-12
624	101.0283036	-1.790567694e-12
625	100.4694099	-4.357403327e-12
626	100.7243049	-3.110400826e-12
627	101.7919576	3.66995323e-12
628	103.6633773	-9.192646644e-12
629	106.3216919	-7.966072246e-12
630	109.7423029	-6.128431096e-12
631	113.8931174	-4.244604668e-12
632	118.7348528	-8.502532012e-12
633	124.2214135	-8.596678924e-12
634	130.3003337	-6.112443884e-12
635	136.9132841	-1.085620482e-11
636	143.9966367	-7.797318347e-12
637	151.4820817	-8.772538251e-12
638	159.2972915	-1.477040712e-11
639	167.3666248	-1.243716241e-11
640	175.6118639	-1.547828532e-11
641	183.9529788	-3.947064897e-12
642	192.3089085	-1.192290711e-11
643	200.5983554	-1.735678268e-11
644	208.740581	-7.759126675e-12
645	216.6561981	-1.677769035e-11
646	224.2679507	-1.28244082e-11
647	231.5014736	-1.870370525e-11
648	238.286024	-6.473932501e-12
649	244.5551797	-1.402344907e-11
650	250.2474947	-2.182032333e-11
651	255.3071067	-1.389377502e-11
652	259.6842916	-2.175504221e-11
653	263.3359567	-1.106181813e-11
654	266.2260711	-1.87716509e-11
655	268.3260262	-2.300737378e-11
656	269.6149244	-1.604760769e-11
657	270.079792	-7.825740056e-12
658	269.7157152	-1.032063324e-11
659	268.5258964	-1.389732773e-11
660	266.521632	-1.958966322e-11
661	263.7222099	-2.613376182e-11
662	260.1547287	-1.413402728e-11
663	255.8538405	-1.465449984e-11
664	250.861419	-1.58864033e-11
665	245.2261564	-1.996802723e-11
666	239.0030931	-4.741540494e-12
667	232.2530849	-9.252598687e-12
668	225.0422118	-1.013900075e-11
669	217.4411363	-1.46478385e-11
670	209.5244144	-1.467359567e-11
671	201.3697694	6.217248938e-13
672	193.0573325	-4.268585485e-12
673	184.66886	-1.820676943e-11
674	176.2869333	-1.922062509e-11
675	167.9941499	-2.280575728e-11
676	159.8723139	-1.097699709e-11
677	152.0016332	-3.336886323e-12
678	144.4599313	-6.147082843e-12
679	137.3218822	-1.324318433e-11
680	130.6582753	-1.472288957e-11
681	124.5353174	-4.439559831e-12
682	119.0139794	-1.35487177e-11
683	114.1493932	-1.552002971e-11
684	109.990306	-1.144595529e-11
685	106.5785961	-1.916378167e-11
686	103.9488557	-1.501021529e-13
687	102.1280451	-1.918465387e-12
688	101.135221	-1.234212732e-11
689	100.9813424	-1.414202089e-11
690	101.6691555	-4.978240042e-13
691	103.1931593	8.002931651e-12
692	105.5396517	-3.398170634e-12
693	108.6868565	-3.595790332e-12
694	112.605129	-1.277644657e-11
695	117.2572402	-4.849454172e-13
696	122.598734	-3.86135568e-12
697	128.5783571	-7.507328093e-12
698	135.1385549	-7.580602812e-12
699	142.2160303	-2.081934625e-11
700	149.7423587	-1.000621808e-11
701	157.6446544	-1.541211603e-11
702	165.8462812	-1.993871734e-11
703	174.2675998	-2.385247555e-11
704	182.8267462	-2.817945877e-11
705	191.4404318	-1.685096507e-12
706	200.0247588	-1.265987315e-11
707	208.4960414	-1.398259286e-11
708	216.7716269	-1.864397525e-11
709	224.7707058	-2.5243585e-11
710	232.4151058	-1.149413897e-11
711	239.6300596	-3.125211201e-11
712	246.344941	-1.798672322e-11
713	252.4939597	-1.718447606e-11
714	258.0168102	-3.366196211e-12
715	262.8592671	-1.034394792e-11
716	266.9737213	-1.797428872e-11
717	270.3196517	-3.102096358e-11
718	272.8640276	-3.811506666e-11
719	274.5816381	-5.022426919e-12
720	275.4553456	-1.200706201e-11
721	275.4762589	-1.867417332e-11
722	274.6438273	-2.135847055e-11
723	272.9658518	-2.75011125e-11
724	270.4584145	-2.103628383e-11
725	267.1457276	-1.971089958e-11
726	263.0599015	-1.534661287e-11
727	258.2406357	-2.0658808e-11
728	252.7348354	-3.140332439e-11
729	246.5961567	-1.527866722e-11
730	239.8844855	-9.696909942e-12
731	232.6653547	-1.046562836e-11
732	225.0093058	-1.516431425e-11
733	216.9912011	-1.486422097e-11
734	208.6894929	1.112998582e-12
735	200.1854566	-3.07875947e-12
736	191.5623964	-1.40415457e-11
737	182.9048298	-1.728750476e-11
738	174.2976603	-4.035660695e-12
739	165.8253449	-1.190958443e-11
740	157.5710668	-3.559263995e-12
741	149.6159183	-6.564415678e-12
742	142.0381053	-7.504663557e-12
743	134.9121786	4.700462242e-12
744	128.3083009	-9.219069952e-12
745	122.2915559	-1.064603961e-11
746	116.9213081	-1.157873797e-11
747	112.2506163	-2.582212222e-12
748	108.3257102	1.73738246e-11
749	105.1855332	-6.765810134e-12
750	102.8613557	-1.638800207e-11
751	101.3764644	-1.728384103e-11
752	100.7459291	-1.868133426e-11
753	100.97645	-8.959000208e-12
754	102.0662873	-5.577760476e-13
755	104.0052731	-7.382733314e-12
756	106.774906	-1.708055919e-11
757	110.3485283	-1.874134181e-11
758	114.6915817	-2.39321063e-12
759	119.7619422	-5.011421833e-12
760	125.5103284	-1.323052778e-11
761	131.8807806	-1.684350055e-11
762	138.8112057	-1.085345702e-11
763	146.233982	-1.6964187e-11
764	154.0766196	-1.908530278e-11
765	162.2624675	-2.185809866e-11
766	170.7114633	-3.255543057e-11
767	179.3409157	-1.556865747e-11
768	188.0663136	-7.988887329e-12
769	196.8021535	-1.188338317e-11
770	205.4627769	-1.699373975e-11
771	213.9632099	-2.753142159e-11
772	222.2199961	-1.282951523e-11
773	230.1520153	-1.926753201e-11
774	237.68128	-1.879180145e-11
775	244.7337005	-2.953703948e-11
776	251.2398138	-2.615663242e-11
777	257.1354657	-1.667377347e-11
778	262.3624426	-2.316669079e-11
779	266.8690445	-2.975275581e-11
780	270.6105947	-3.667854909e-11
781	273.5498809	-3.430178364e-11
782	275.657523	-2.474487282e-11
783	276.9122647	-2.500200047e-11
784	277.3011854	-2.131650412e-11
785	276.8198303	-2.743127947e-11
786	275.4722576	-3.357936151e-11
787	273.2710024	-1.144484507e-11
788	270.2369574	-2.995159676e-11
789	266.3991715	-3.535671755e-11
790	261.7945685	-3.12152526e-11
791	256.4675882	-1.533972949e-11
792	250.4697543	-1.241518e-11
793	243.8591715	-1.624167467e-11
794	236.6999592	-1.684385964e-11
795	229.0616252	-2.221089979e-11
796	221.0183864	-6.371791983e-12
797	212.6484434	-1.857847209e-12
798	204.0332154	-9.6245234e-12
799	195.2565437	-1.51167967e-11
800	186.4038703	-2.168998314e-11
801	177.561402	-1.180433529e-11
802	168.8152652	-1.372968406e-11
803	160.2506617	-1.530620075e-11
804	151.9510342	-1.652833426e-11
805	143.997247	-1.803956984e-11
806	136.4667936	-5.832001548e-12
807	129.4330354	-7.388756273e-12
808	122.964482	-8.410605545e-12
809	117.1241183	-1.622635359e-11
810	111.9687852	-1.68969283e-11
811	107.5486211	1.18307586e-11
812	103.9065687	2.876365812e-12
813	101.0779517	-6.152856002e-12
814	99.09012676	-7.145173342e-12
815	97.96221323	-3.232969448e-13
816	97.70490356	-1.273203765e-12
817	98.32035628	-6.052269796e-12
818	99.80217265	-7.596812068e-12
819	102.1354572	-9.006129176e-12
820	105.2969618	7.52020668e-12
821	109.2553111	5.528022484e-12
822	113.9713086	3.199218668e-12
823	119.3983184	-1.024647034e-11
824	125.4827212	-1.853273091e-11
825	132.1644378	5.69322367e-13
826	139.3775169	-1.617994627e-11
827	147.0507797	-1.831557128e-11
828	155.1085169	-2.984235081e-11
829	163.4712298	-2.984767988e-11
830	172.0564083	-1.498445812e-11
831	180.7793393	-2.102806818e-11
832	189.5539368	-1.735367405e-11
833	198.2935847	-2.233679908e-11
834	206.9119864	-3.213740385e-11
835	215.32401	-1.29851685e-11
836	223.4465235	-1.472733047e-11
837	231.1992093	-2.171596236e-11
838	238.5053526	-2.731503912e-11
839	245.2925932	-1.334887756e-11
840	251.4936357	-1.958344598e-11
841	257.0469098	-2.612843275e-11
842	261.8971748	-3.441469332e-11
843	265.9960615	-3.742961496e-11
844	269.3025475	-2.674971356e-11
845	271.7833604	-2.306599356e-11
846	273.4133046	-2.191447024e-11
847	274.1755093	-2.963140844e-11
848	274.0615951	-3.58642005e-11
849	273.0717569	-1.281907913e-11
850	271.214763	-1.880762213e-11
851	268.5078701	-2.919753328e-11
852	264.976655	-4.339772985e-11
853	260.6547651	-4.197264758e-11
854	255.5835887	-1.490896295e-11
855	249.8118507	-1.338262834e-11
856	243.3951357	-1.278666062e-11
857	236.3953432	-1.881383938e-11
858	228.8800821	-2.476463479e-11
859	220.9220082	-1.761213397e-11
860	212.5981128	-1.41868739e-11
861	203.9889679	-1.479705247e-11
862	195.1779376	-1.843725173e-11
863	186.2503605	-4.851674618e-12
864	177.2927143	-1.619548939e-11
865	168.3917676	-1.833688756e-11
866	159.6337305	-2.358380158e-11
867	151.1034092	-2.091526952e-11
868	142.8833751	-7.652101175e-12
869	135.0531557	-9.539480317e-12
870	127.6884555	-1.120925575e-11
871	120.8604139	-1.229993885e-11
872	114.634908	-1.331690314e-11
873	109.0719078	-3.712585794e-13
874	104.2248881	5.405453862e-12
875	100.1403048	5.115463608e-12
876	96.85714012	-1.048361398e-11
877	94.4065207	-1.992184195e-11
878	92.81141307	-3.756994715e-13
879	92.08639901	-1.340261235e-12
880	92.23753311	-1.059508037e-11
881	93.26228405	-5.021760785e-12
882	95.14955996	-1.048583442e-11
883	97.87981781	8.046896482e-12
884	101.4252556	6.088463067e-12
885	105.7500856	-1.263789073e-11
886	110.8108858	-2.845901292e-11
887	116.557026	-9.206857499e-12
888	122.9311651	-4.152234112e-12
889	129.8698136	-1.416644579e-12
890	137.3039565	-1.28945743e-11
891	145.1597305	-1.478284162e-11
892	153.3591485	-2.275513111e-12
893	161.8208643	-1.050448617e-11
894	170.4609705	-1.466649024e-11
895	179.1938214	-1.297895125e-11
896	187.9328724	-1.652367132e-11
897	196.5915285	8.562039966e-13
898	205.0839933	-3.248068481e-12
899	213.3261095	-8.094858117e-12
900	221.2361838	-1.3590018e-11
901	228.7357874	-2.388400588e-11
902	235.7505238	-6.090239424e-12
903	242.2107578	-2.110045472e-11
904	248.052297	-2.222400042e-11
905	253.2170202	-2.865974125e-11
906	257.6534462	-4.30047109e-11
907	261.3172371	-1.765254609e-11
908	264.1716314	-2.43360887e-11
909	266.1878033	-2.513278474e-11
910	267.3451437	-2.767652774e-11
911	267.6314604	-3.452704789e-11
912	267.0430962	-2.08748574e-11
913	265.5849629	-2.452793524e-11
914	263.2704914	-3.081179756e-11
915	260.1214985	-3.694822226e-11
916	256.167971	-1.334665711e-11
917	251.4477702	-2.905231611e-12
918	246.0062591	-6.770584093e-12
919	239.895856	-2.273292665e-11
920	233.1755192	-3.313882502e-11
921	225.9101677	-1.825029017e-11
922	218.1700433	-2.316813408e-11
923	210.0300211	-1.690469986e-11
924	201.5688747	-1.815880779e-11
925	192.8685028	-2.220357231e-11
926	184.0131261	-5.739408948e-12
927	175.0884613	-1.362643332e-11
928	166.1808806	-1.717559428e-11
929	157.376565	-2.453681702e-11
930	148.7606603	-2.256328457e-11
931	140.4164426	-5.466738173e-12
932	132.4245029	-7.878142583e-12
933	124.8619582	-9.817924251e-12
934	117.8016971	-1.151434503e-11
935	111.3116669	-1.367350677e-11
936	105.4542089	7.318590178e-13
937	100.2854501	-4.572342505e-12
938	95.85475483	-6.045830503e-12
939	92.2042435	-1.271782679e-11
940	89.36838249	1.023447993e-11
941	87.37364911	-7.21644966e-12
942	86.23827503	-8.776979143e-12
943	85.97207075	-1.02522435e-11
944	86.57633266	-1.06101794e-11
945	88.04383357	7.475797759e-12
946	90.35889691	9.999112649e-12
947	93.49755373	-1.324629295e-11
948	97.42778091	-2.351541184e-11
949	102.1098183	-1.902034086e-11
950	107.4965617	-1.394440119e-12
951	113.5340273	5.600853115e-12
952	120.161884	2.804867449e-12
953	127.3140475	-3.897326906e-12
954	134.9193301	-2.1310953e-11
955	142.9021409	-4.898303985e-12
956	151.1832288	-4.061639913e-12
957	159.6804608	-8.517631045e-12
958	168.3096284	-1.438493769e-11
959	176.9852737	-1.890043677e-11
960	185.6215282	-5.67101921e-12
961	194.1329541	-1.361399882e-11
962	202.4353819	-1.394173665e-11
963	210.446735	-1.956390605e-11
964	218.087833	-6.04760686e-12
965	225.2831663	-8.539835505e-12
966	231.9616352	-1.183497744e-11
967	238.0572442	-2.102140684e-11
968	243.5097464	-1.935251959e-11
969	248.2652317	-9.41380307e-12
970	252.2766516	-1.630695579e-11
971	255.5042772	-2.337241511e-11
972	257.9160853	-1.916333758e-11
973	259.4880676	-2.096456342e-11
974	260.2044627	-8.277822872e-12
975	260.057906	-1.54010138e-11
976	259.0494976	-2.249755937e-11
977	257.1887871	-3.424105444e-11
978	254.4936754	-7.257305867e-12
979	250.9902348	2.622790873e-12
980	246.7124495	-1.173194875e-11
981	241.7018774	-1.835687158e-11
982	236.0072392	-2.477928973e-11
983	229.6839369	-3.092637257e-11
984	222.7935067	-4.253486452e-12
985	215.4030126	-1.439381947e-11
986	207.5843861	-1.867572763e-11
987	199.4137179	-2.365219132e-11
988	190.9705103	-8.649969629e-12
989	182.3368956	-5.718980844e-12
990	173.5968298	-1.016342566e-11
991	164.8352683	-1.132516303e-11
992	156.137333	-2.25579555e-11
993	147.587478	-3.642419699e-12
994	139.2686617	-6.902034499e-12
995	131.2615354	-6.065370428e-12
996	123.6436539	-1.302780106e-11
997	116.4887172	-1.74544823e-11
998	109.8658511	-3.179678743e-13
999	103.8389322	-9.94226923e-12
1000	98.46596552	-3.38928885e-12
1001	93.79851992	-5.583089546e-12
1002	89.88122667	-7.039702155e-12
1003	86.75134689	2.108535568e-12
1004	84.43841118	3.517186542e-13
1005	82.96393554	-2.170708058e-12
1006	82.34121592	-3.881339694e-12
1007	82.57520364	-2.527755782e-12
1008	83.66246262	1.470823463e-11
1009	85.59120902	-1.214850442e-11
1010	88.34143262	-1.38946632e-11
1011	91.88509883	-9.846345961e-12
1012	96.18642923	5.840661288e-12
1013	101.2022579	3.806732707e-12
1014	106.8824601	3.847588914e-12
1015	113.1704482	-1.162447916e-11
1016	120.0037317	-8.549605468e-12
1017	127.3145339	7.409184377e-12
1018	135.0304603	-2.412292588e-12
1019	143.0752119	-9.73443548e-12
1020	151.3693354	-1.432809427e-11
1021	159.8310056	-2.071232075e-11
1022	168.3768282	3.304023721e-13
1023	176.9226593	-3.950617611e-12
1024	185.3844304	-8.741452007e-12
1025	193.6789727	-1.406519345e-11
1026	201.7248316	-1.98170369e-11
1027	209.4430637	-1.435296326e-12
1028	216.7580089	-4.932942943e-12
1029	223.5980295	-1.216271528e-11
1030	229.8962089	-1.167066443e-11
1031	235.5910042	-2.419398015e-11
1032	240.6268447	-1.186784004e-11
1033	244.9546723	-1.338484878e-11
1034	248.5324165	-1.918998294e-11
1035	251.3254014	-2.417088751e-11
1036	253.3066793	-3.136158e-11
1037	254.4572884	-1.992717102e-11
1038	254.7664322	-2.173727864e-11
1039	254.2315779	-2.898303819e-11
1040	252.8584747	-1.099387248e-11
1041	250.66109	9.965361869e-13
1042	247.6614654	-4.735767334e-12
1043	243.8894938	-1.169730979e-11
1044	239.3826192	-1.881872436e-11
1045	234.1854633	-2.549427336e-11
1046	228.3493814	-4.426681244e-12
1047	221.9319533	-1.079314416e-11
1048	214.9964127	-1.659650195e-11
1049	207.6110231	-1.559641305e-11
1050	199.8484029	-1.65574221e-11
1051	191.7848106	-3.531397397e-12
1052	183.4993932	-2.907896146e-12
1053	175.0734078	-1.205968658e-11
1054	166.5894232	-1.135624927e-11
1055	158.1305088	-1.566391461e-11
1056	149.7794204	1.811883976e-13
1057	141.6177885	-8.391509709e-12
1058	133.7253197	-1.003286343e-11
1059	126.1790165	-1.335642708e-11
1060	119.0524257	-1.641886627e-11
1061	112.4149201	-9.947598301e-13
1062	106.3310225	-3.607780741e-12
1063	100.8597782	-4.430233957e-12
1064	96.0541812	-6.219025295e-12
1065	91.96066067	1.096545077e-11
1066	88.61863222	8.975931109e-12
1067	86.0601185	7.208456054e-12
1068	84.30944256	5.559996907e-12
1069	83.38299719	-4.42312853e-13
1070	83.2890921	2.395772469e-11
1071	84.02788076	-3.645084234e-12
1072	85.59136709	-8.700595799e-12
1073	87.96349227	-1.017319562e-11
1074	91.12030044	-1.172395514e-11
1075	95.03018173	4.883204952e-12
1076	99.65419012	7.593925488e-12
1077	104.9464329	-3.089084544e-12
1078	110.854528	-5.371703082e-12
1079	117.3201243	-7.895906151e-12
1080	124.2794799	9.064748951e-12
1081	131.6640931	6.590283874e-13
1082	139.4013788	-2.16360263e-12
1083	147.4153848	-1.202771216e-11
1084	155.6275398	-1.496935909e-11
1085	163.9574267	-3.357314426e-13
1086	172.3235731	-4.272138199e-12
1087	180.6442511	-4.817479748e-12
1088	188.8382788	-7.979394923e-12
1089	196.8258158	2.337685601e-12
1090	204.5291443	-2.808420163e-12
1091	211.8734287	-6.831868404e-12
1092	218.7874461	-1.181454934e-11
1093	225.2042805	-1.387867599e-11
1094	231.0619739	-2.014388656e-12
1095	236.3041279	-9.629630426e-12
1096	240.8804506	-1.35322864e-11
1097	244.7472424	-1.973354813e-11
1098	247.8678167	-2.350653006e-11
1099	250.2128516	-1.215205714e-11
1100	251.7606685	-2.667022159e-11
1101	252.497436	-2.340527772e-11
1102	252.4172955	-9.091394304e-12
1103	251.52241	-1.255529014e-11
1104	249.8229326	-1.366018409e-12
1105	247.3368977	-6.590283874e-12
1106	244.0900342	-1.339017786e-11
1107	240.1155044	-2.002309429e-11
1108	235.4535696	-2.090239093e-11
1109	230.1511862	-6.524558671e-12
1110	224.2615374	-1.448974274e-11
1111	217.8435039	-2.031796953e-11
1112	210.9610796	-2.062883198e-11
1113	203.6827372	-6.016520615e-12
1114	196.0807516	-1.177724585e-12
1115	188.2304861	-6.663114505e-12
1116	180.2096495	-1.170796793e-11
1117	172.0975313	-1.622701973e-11
1118	163.9742216	-2.593480986e-12
1119	155.9198251	-7.277733971e-12
1120	148.0136752	-7.425171589e-12
1121	140.3335572	-1.084288215e-11
1122	132.9549473	-1.411315509e-11
1123	125.9502751	3.108624469e-13
1124	119.3882179	-2.502886787e-12
1125	113.3330312	-2.584599201e-12
1126	107.8439249	-7.501554933e-12
1127	102.9744889	-9.567457937e-12
1128	98.77217522	5.966782624e-12
1129	95.27784016	3.025135697e-12
1130	92.52535281	1.267252969e-11
1131	90.54127198	1.33226763e-11
1132	89.34459543	-4.106937013e-12
1133	88.9465837	-6.235012506e-12
1134	89.35066001	-7.50866036e-12
1135	90.55238728	-8.707701227e-12
1136	92.53952222	-8.434142273e-12
1137	95.29214599	7.780442957e-12
1138	98.78287002	6.840750189e-12
1139	102.9771148	2.184918912e-13
1140	107.8334588	-3.156586104e-12
1141	113.3040542	-4.764189043e-12
1142	119.3351051	4.309441692e-12
1143	125.8674029	7.084111076e-12
1144	132.8369152	5.362821298e-12
1145	140.1754198	-4.764189043e-12
1146	147.8111801	-8.832046205e-12
1147	155.6696533	8.272493801e-12
1148	163.6742254	4.821032462e-12
1149	171.7469657	1.501021529e-12
1150	179.8093926	-2.181366199e-12
1151	187.7832441	-1.121591708e-11
1152	195.591245	2.385647235e-12
1153	203.1578635	4.707345624e-13
1154	210.4100487	-6.046718681e-12
1155	217.2779441	-1.050182163e-11
1156	223.6955671	-1.160671559e-11
1157	229.6014514	1.847411113e-13
1158	234.9392418	-4.762412686e-12
1159	239.6582404	-1.161915009e-11
1160	243.7138944	-2.531663768e-11
1161	247.0682243	-3.379696523e-11
1162	249.6901861	-2.312106062e-11
1163	251.5559653	-1.49977808e-11
1164	252.6491996	-2.325251103e-12
1165	252.9611276	-8.196110457e-12
1166	252.4906631	2.707167823e-12
1167	251.244394	-3.515410185e-12
1168	249.2365057	-1.261923899e-11
1169	246.4886301	-1.113242831e-11
1170	243.0296216	-1.705835473e-11
1171	238.895263	-6.293632282e-12
1172	234.1279035	-1.312017162e-11
1173	228.7760327	-6.059153179e-12
1174	222.8937952	-1.292121965e-11
1175	216.5404507	-2.167865887e-11
1176	209.7797844	-1.659117288e-12
1177	202.6794739	-6.929568031e-12
1178	195.3104189	-1.17665877e-11
1179	187.7460407	-1.624300694e-11
1180	180.0615576	-2.149924683e-11
1181	172.3332444	-4.028777312e-12
1182	164.6376816	-4.595435144e-12
1183	157.0510044	-8.400391494e-12
1184	149.6481558	-1.205435751e-11
1185	142.5021537	-1.725375398e-11
1186	135.6833771	-2.588151915e-12
1187	129.2588807	-4.638067708e-12
1188	123.2917416	-5.226041822e-12
1189	117.8404476	-1.05195852e-11
1190	112.9583306	1.657873838e-11
1191	108.6930521	1.349675927e-11
1192	105.0861449	1.28821398e-11
1193	102.1726157	3.371525281e-12
1194	99.98061269	-1.232791647e-12
1195	98.53116092	-4.707345624e-13
1196	97.8379679	-7.366551813e-12
1197	97.90730148	-8.073541835e-12
1198	98.73794096	-3.90620869e-12
1199	100.3212018	-4.209965709e-12
1200	102.6410334	4.291678124e-12
1201	105.6741895	3.707256724e-12
1202	109.3904681	6.572520306e-13
1203	113.7530202	-3.865352483e-12
1204	118.7187225	-1.328004373e-11
1205	124.2386115	4.098055228e-12
1206	130.258374	-8.313350008e-13
1207	136.7188891	-4.243716489e-12
1208	143.5568168	-5.151434834e-12
1209	150.7052271	-6.332712132e-12
1210	158.0942624	4.332534331e-12
1211	165.6518282	2.46735965e-12
1212	173.3043047	-3.000266702e-12
1213	180.9772714	-1.260858085e-11
1214	188.5962389	2.113864639e-13
1215	196.0873794	2.755129458e-12
1216	203.3782503	-4.085620731e-14
1217	210.398502	-7.602807273e-12
1218	217.0805645	-1.48823176e-11
1219	223.360305	-5.544009696e-12
1220	229.177651	-1.7129409e-11
1221	234.4771721	-1.41167078e-11
1222	239.2086152	-1.862154875e-11
1223	243.3273879	-2.164313173e-11
1224	246.7949854	-5.289990668e-12
1225	249.5793569	-7.471356867e-12
1226	251.6552083	2.200906124e-12
1227	253.004237	-2.415845302e-12
1228	253.6152985	-7.288392112e-12
1229	253.4845024	-1.087130386e-12
1230	252.6152364	-6.47482068e-12
1231	251.0181191	-9.981349081e-12
1232	248.7108822	-1.067945732e-11
1233	245.7181826	-1.582201037e-11
1234	242.0713469	-2.859934511e-13
1235	237.8080514	-5.611511256e-12
1236	232.9719395	-9.638512211e-12
1237	227.6121824	-5.906386491e-12
1238	221.7829848	-6.19948537e-13
1239	215.5430441	-5.439204642e-12
1240	208.9549643	-9.849898674e-12
1241	202.0846349	-1.410960238e-11
1242	195.0005769	-1.783639902e-11
1243	187.7732654	4.842348744e-12
1244	180.4744339	1.479705247e-12
1245	173.1763675	-9.979572724e-12
1246	165.9511923	-1.34665612e-11
1247	158.870168	-1.638156277e-11
1248	152.0029897	-1.596944799e-12
1249	145.4171071	1.037392394e-12
1250	139.1770668	1.092992363e-11
1251	133.3438847	4.682476629e-12
1252	127.974454	-1.978861519e-12
1253	123.1209949	1.230304747e-11
1254	118.8305519	1.200817223e-11
1255	115.144542	4.233058348e-12
1256	112.0983599	-2.414068945e-12
1257	109.7210429	-1.319655496e-11
1258	108.0349985	1.460165322e-12
1259	107.0557984	-4.627409567e-12
1260	106.7920398	-4.494182804e-12
1261	107.2452751	-6.499689675e-12
1262	108.4100114	6.252776075e-12
1263	110.273779	6.613376513e-12
1264	112.8172685	6.828315691e-12
1265	116.0145345	-2.417621658e-12
1266	119.8332645	-3.575806318e-12
1267	124.2351088	6.734168778e-12
1268	129.1760706	-1.504574243e-12
1269	134.6069492	-1.064037747e-12
1270	140.473834	-8.952838471e-13
1271	146.7186445	-9.094947018e-13
1272	153.2797083	8.178346889e-12
1273	160.0923751	1.364242053e-12
1274	167.0896573	-1.058708676e-12
1275	174.2028926	-5.389466651e-12
1276	181.362422	-6.025402399e-12
1277	188.4982756	7.737810392e-12
1278	195.5408601	8.633094239e-13
1279	202.4216411	-8.455458556e-13
1280	209.0738141	-4.757083616e-12
1281	215.4329557	-2.124878051e-11
1282	221.4376517	-9.293898984e-12
1283	227.0300927	-1.422151286e-11
1284	232.1566338	-1.777777925e-11
1285	236.7683122	-2.150812861e-11
1286	240.8213173	-1.852029641e-11
1287	244.277409	-4.416023103e-12
1288	247.1042812	-6.785683127e-13
1289	249.2758651	-9.798384326e-12
1290	250.7725713	-1.349675927e-11
1291	251.5814671	-3.019806627e-13
1292	251.6963889	-5.005773573e-12
1293	251.1179866	-4.533262654e-12
1294	249.853702	-1.456257337e-11
1295	247.9176801	-2.629718665e-11
1296	245.3306146	-6.72173428e-12
1297	242.1195295	-1.146105433e-11
1298	238.3174995	-1.636735192e-11
1299	233.9633106	-8.853362488e-12
1300	229.101066	-2.717825964e-12
1301	223.7797408	7.037925798e-12
1302	218.0526896	-4.419575816e-12
1303	211.9771118	-8.33466629e-12
1304	205.6134812	-1.204725208e-11
1305	199.0249442	-5.55289148e-12
1306	192.276693	-1.075051159e-11
1307	185.4353211	-9.549694369e-12
1308	178.568165	-1.769961955e-11
1309	171.7426419	-6.799893981e-12
1310	165.0255865	-1.387334692e-11
1311	158.4825968	2.881250794e-12
1312	152.1773916	-1.2544632e-11
1313	146.1711903	1.602984412e-11
1314	140.5221167	1.218580792e-12
1315	135.2846358	1.427125085e-11
1316	130.5090279	-5.208278253e-12
1317	126.2409045	8.235190307e-12
1318	122.5207715	-4.767741757e-12
1319	119.3836444	-1.14006582e-11
1320	116.858717	-1.011102313e-11
1321	114.9690892	-6.018296972e-12
1322	113.7315553	-9.865885886e-12
1323	113.156454	2.216182793e-11
1324	113.2475833	4.366285111e-12
1325	114.0021793	2.593836257e-11
1326	115.4109592	-2.611244554e-12
1327	117.4582293	1.734790089e-11
1328	120.1220551	-1.414690587e-11
1329	123.3744919	1.539390837e-11
1330	127.1818753	-9.70601377e-12
1331	131.5051654	1.310240805e-11
1332	136.3003447	1.65698566e-11
1333	141.5188628	4.160227718e-12
1334	147.1081249	1.553956963e-11
1335	153.012019	-1.071853717e-11
1336	159.1714759	2.774669383e-12
1337	165.5250576	-7.332801033e-12
1338	172.0095667	5.044853424e-12
1339	178.5606719	-1.83355553e-11
1340	185.1135431	-9.301004411e-12
1341	191.6034899	-1.676880856e-11
1342	197.9665965	1.544719908e-11
1343	204.1403481	9.22284471e-12
1344	210.0642413	1.705302566e-11
1345	215.6803736	1.810462891e-11
1346	220.9340054	1.962874308e-11
1347	225.7740897	-2.732036819e-12
1348	230.153764	2.636824092e-11
1349	234.0308	-8.665068663e-12
1350	237.3680059	2.05702122e-11
1351	240.1335789	7.943867786e-12
1352	242.3014033	3.839062401e-11
1353	243.851292	1.939426397e-11
1354	244.769169	1.447020281e-11
1355	245.0471914	1.70636838e-11
1356	244.6838099	-8.029132914e-13
1357	243.6837669	-3.588240816e-13
1358	242.0580329	-1.715605435e-11
1359	239.8236817	-8.618883385e-12
1360	237.0037064	-2.447109182e-11
1361	233.6267771	-9.727330053e-12
1362	229.7269434	1.261568627e-11
1363	225.3432852	-1.90105709e-11
1364	220.519515	2.272315669e-11
1365	215.303535	-1.071143174e-11
1366	209.746955	1.57918123e-11
1367	203.9045748	-1.763922342e-11
1368	197.8338368	-1.758593271e-11
1369	191.5942536	-3.241851232e-11
1370	185.2468176	-1.147171247e-11
1371	178.8533971	1.431743613e-12
1372	172.4761256	8.647305094e-12
1373	166.1767905	1.467270749e-12
1374	160.0162262	5.151434834e-12
1375	154.0537191	-2.107114483e-11
1376	148.3464289	1.661248916e-11
1377	142.9488327	-1.207567379e-11
1378	137.9121972	1.437072683e-11
1379	133.2840835	-2.314948233e-11
1380	129.1078902	3.03366221e-11
1381	125.4224388	-4.085620731e-13
1382	122.2616047	1.283595452e-11
1383	119.6539989	4.654054919e-13
1384	117.6227013	-2.042810365e-12
1385	116.1850504	1.250555215e-11
1386	115.3524888	8.732570222e-12
1387	115.1304686	2.315303504e-11
1388	115.5184143	3.847588914e-12
1389	116.5097471	-8.842704347e-12
1390	118.0919665	2.01545447e-11
1391	120.2467909	1.283240181e-11
1392	122.9503546	2.037481295e-11
1393	126.1734586	-8.128608897e-12
1394	129.8818741	2.08295603e-11
1395	134.0366936	-8.562039966e-12
1396	138.594728	1.603339683e-11
1397	143.5089437	-3.410605132e-13
1398	148.7289371	1.24664723e-11
1399	154.2014406	2.731681548e-11
1400	159.8708547	3.337063958e-11
1401	165.6798026	7.393197166e-12
1402	171.5696994	1.79731785e-11
1403	177.4813327	-8.384404282e-12
1404	183.3554467	1.417888029e-11
1405	189.1333253	-8.434142273e-12
1406	194.7573683	1.756461643e-11
1407	200.1716548	-8.220979453e-12
1408	205.3224879	1.851319098e-11
1409	210.1589167	1.227107305e-11
1410	214.6332291	2.044586722e-11
1411	218.7014109	2.867039939e-12
1412	222.3235683	1.149302875e-11
1413	225.464307	-9.215739283e-12
1414	228.093067	-1.769251412e-12
1415	230.1844083	9.62785407e-13
1416	231.7182452	-1.688604812e-11
1417	232.6800273	-2.228972562e-11
1418	233.0608658	-2.181366199e-11
1419	232.8576027	8.98126018e-12
1420	232.0728245	-5.680789172e-12
1421	230.7148181	1.616484724e-11
1422	228.7974721	-1.588063014e-12
1423	226.3401217	1.003641614e-11
1424	223.3673416	1.108446668e-12
1425	219.9086873	1.365307867e-11
1426	215.9983888	6.806999409e-12
1427	211.6749984	6.803446695e-12
1428	206.9809977	2.194155968e-11
1429	201.9623669	2.121325338e-11
1430	196.6681209	1.537259209e-11
1431	191.1498172	-5.28288524e-12
1432	185.4610404	5.329070518e-12
1433	179.6568679	-1.295319407e-11
1434	173.7933233	-2.479794148e-12
1435	167.9268215	-1.0025758e-11
1436	162.1136126	-6.600942015e-12
1437	156.4092283	-1.544719908e-11
1438	150.8679378	7.563727422e-12
1439	145.5422178	1.237765446e-11
1440	140.4822419	4.860112313e-12
1441	135.735394	8.547829111e-12
1442	131.3458113	3.453237696e-12
1443	127.3539607	6.469491609e-12
1444	123.7962523	-7.81241738e-12
1445	120.7046946	-1.483968504e-11
1446	118.1065943	-9.709566484e-12
1447	116.0243031	1.215738621e-11
1448	114.4750143	2.209787908e-11
1449	113.4706109	3.328537446e-11
1450	113.0175668	2.224354034e-11
1451	113.116901	3.208455723e-11
1452	113.7641868	7.815970093e-13
1453	114.9496132	3.071676247e-11
1454	116.6581005	8.84625706e-13
1455	118.8694669	1.024957896e-11
1456	121.5586444	2.536637567e-12
1457	124.6959431	2.423661272e-11
1458	128.2473593	2.374633823e-11
1459	132.1749253	-4.494182804e-12
1460	136.4370977	1.89608329e-11
1461	140.9891786	8.775202787e-12
1462	145.7837673	1.533351224e-11
1463	150.7712364	-3.929301329e-12
1464	155.9002292	1.862687782e-11
1465	161.118171	-2.380318165e-13
1466	166.3717922	-1.320898946e-11
1467	171.6076554	2.380673436e-11
1468	176.7726824	1.043787279e-11
1469	181.8146763	2.484057404e-11
1470	186.6828328	1.286082352e-11
1471	191.3282359	2.459188408e-11
1472	195.7043334	2.973621349e-11
1473	199.7673871	1.035260766e-11
1474	203.4768943	2.725641934e-11
1475	206.7959754	3.502975687e-12
1476	209.691724	2.02327044e-11
1477	212.1355178	2.471622906e-11
1478	214.1032848	2.124167509e-11
1479	215.5757246	2.237143804e-11
1480	216.5384812	-4.209965709e-12
1481	216.982267	1.745092959e-11
1482	216.9029359	-1.59978697e-11
1483	216.3015052	1.10631504e-11
1484	215.1841277	-2.269473498e-11
1485	213.5620113	3.101519042e-12
1486	211.4512909	8.792966355e-12
1487	208.8728511	3.421263273e-12
1488	205.8521025	1.518074555e-11
1489	202.4187151	-3.097966328e-12
1490	198.6063099	9.809042467e-12
1491	194.4521127	-1.763922342e-11
1492	189.9965739	3.279154726e-12
1493	185.2829577	-2.41797693e-11
1494	180.3569047	-2.516387099e-11
1495	175.2659737	-3.005240501e-11
1496	170.0591649	-1.307043362e-11
1497	164.7864317	-6.99174052e-12
1498	159.4981845	4.618527782e-12
1499	154.2447917	3.220890221e-11
1500	149.0760832	2.387423592e-11
1501	144.0408611	4.590106073e-12
1502	139.1864223	2.064481919e-11
1503	134.5580978	3.7658765e-13
1504	130.1988127	1.830713359e-11
1505	126.1486729	1.478994704e-11
1506	122.4445793	2.819078304e-11
1507	119.119877	1.772093583e-11
1508	116.2040397	2.899014362e-12
1509	113.7223937	2.330224902e-11
1510	111.6958847	8.856915201e-12
1511	110.1408878	2.340883043e-11
1512	109.0690639	1.333333444e-11
1513	108.4872631	2.729194648e-11
1514	108.3974758	1.243805059e-11
1515	108.7968324	2.003375243e-11
1516	109.6776506	2.03108641e-11
1517	111.0275302	-5.080380561e-13
1518	112.8294945	2.093969442e-11
1519	115.0621754	-1.040945108e-12
1520	117.7000425	3.014122285e-11
1521	120.7136711	-3.243627589e-12
1522	124.0700486	1.033839681e-12
1523	127.7329146	2.586375558e-12
1524	131.6631321	2.649613862e-11
1525	135.8190854	1.800870564e-11
1526	140.1571009	1.535482852e-11
1527	144.6318867	2.206945737e-11
1528	149.1969869	2.129496579e-11
1529	153.8052442	3.243627589e-12
1530	158.4092693	2.671995958e-11
1531	162.9619095	1.46478385e-11
1532	167.4167138	2.99458236e-11
1533	171.7283883	1.595523713e-11
1534	175.8532397	4.773070827e-11
1535	179.7495998	3.08020276e-11
1536	183.3782291	1.0881962e-11
1537	186.7026943	2.170352786e-11
1538	189.689717	-1.445954467e-12
1539	192.3094895	2.22328822e-11
1540	194.5359546	-1.978861519e-12
1541	196.347048	1.207922651e-11
1542	197.7248996	4.76063633e-12
1543	198.6559927	1.807265448e-11
1544	199.1312795	1.570654717e-11
1545	199.1462519	5.513811629e-12
1546	198.7009668	9.730882766e-12
1547	197.8000269	-1.765698698e-12
1548	196.4525158	2.29078978e-11
1549	194.6718898	1.064037747e-11
1550	192.4758257	2.885869321e-11
1551	189.8860291	5.037747997e-12
1552	186.9280024	8.988365607e-13
1553	183.6307765	2.297184665e-11
1554	180.0266092	1.947597639e-11
1555	176.1506521	1.639577363e-11
1556	172.0405911	1.315569875e-11
1557	167.7362629	2.614797268e-11
1558	163.2792517	6.608047443e-12
1559	158.7124708	-1.390887405e-11
1560	154.0797324	9.201528428e-13
1561	149.4253107	-3.60245167e-12
1562	144.7935018	1.392308491e-11
1563	140.2281857	4.515499086e-12
1564	135.7723944	3.518252356e-11
1565	131.4678897	1.116973181e-11
1566	127.3547558	6.110667528e-13
1567	123.4710104	2.209432637e-11
1568	119.8522376	-3.353761713e-12
1569	116.5312466	1.891464763e-11
1570	113.5377594	-6.81765755e-12
1571	110.8981307	1.77138304e-11
1572	108.6351019	-8.16058332e-12
1573	106.7675922	7.432277016e-12
1574	105.3105285	1.401545546e-11
1575	104.2747156	3.511857471e-11
1576	103.6667478	4.112266083e-11
1577	103.4889626	1.632116664e-11
1578	103.7394365	4.0984105e-11
1579	104.4120236	1.458033694e-11
1580	105.4964355	1.887556778e-11
1581	106.9783619	1.350741741e-11
1582	108.8396305	3.355893341e-11
1583	111.0584047	1.367794766e-11
1584	113.6094165	1.56354929e-11
1585	116.4642322	2.006572686e-11
1586	119.591549	2.380673436e-11
1587	122.9575177	3.335998144e-12
1588	126.5260899	1.145039619e-11
1589	130.2593853	7.936762358e-12
1590	134.1180754	1.83355553e-11
1591	138.0617794	1.260147542e-11
1592	142.0494698	3.661781989e-11
1593	146.0398815	1.989874931e-11
1594	149.9919217	1.895728019e-11
1595	153.8650765	2.288302881e-11
1596	157.6198099	3.424105444e-11
1597	161.2179502	3.547029337e-11
1598	164.6230629	4.877875881e-12
1599	167.800803	1.934807869e-11
1600	170.7192457	-1.488587031e-12
1601	173.3491915	2.678035571e-11
1602	175.664443	2.762945428e-11
1603	177.6420498	2.755484729e-11
1604	179.2625209	2.671640686e-11
1605	180.5100018	2.594191528e-11
1606	181.3724136	2.470557092e-11
1607	181.8415555	3.369748924e-11
1608	181.913167	2.521005626e-11
1609	181.5869514	2.021494083e-11
1610	180.8665596	2.190247983e-11
1611	179.7595349	2.286881795e-11
1612	178.2772193	2.466649107e-11
1613	176.4346227	1.534772309e-11
1614	174.2502558	2.145839062e-11
1615	171.7459299	-1.363176239e-11
1616	168.946524	1.644551162e-11
1617	165.8797231	-1.952571438e-11
1618	162.5757298	1.422151286e-11
1619	159.0669519	3.868905196e-12
1620	155.3876702	8.299139154e-12
1621	151.5736888	6.398437336e-12
1622	147.6619725	-9.912071164e-12
1623	143.6902734	1.510258585e-11
1624	139.6967532	1.687538997e-12
1625	135.7196012	2.689404255e-12
1626	131.796656	1.465849664e-11
1627	127.9650307	2.912869945e-11
1628	124.2607483	1.245936687e-11
1629	120.7183896	1.331912358e-11
1630	117.3707567	3.333866516e-11
1631	114.2485561	1.968203378e-11
1632	111.3801046	2.950173439e-11
1633	108.7910598	1.782041181e-11
1634	106.5041788	2.078692773e-11
1635	104.5391069	3.12958548e-11
1636	102.9121978	1.091038371e-11
1637	101.6363687	3.013767014e-11
1638	100.7209887	9.929834732e-12
1639	100.1718044	1.430322527e-11
1640	99.99090115	3.029043683e-11
1641	100.1767014	3.22586402e-11
1642	100.723999	3.183231456e-11
1643	101.6240301	2.430056156e-12
1644	102.8645783	3.448263897e-11
1645	104.4301145	-1.184830012e-11
1646	106.3019684	2.458477866e-11
1647	108.4585305	-4.73221462e-12
1648	110.8754826	2.75299783e-11
1649	113.5260539	4.526157227e-12
1650	116.3813	-5.400124792e-12
1651	119.4104026	1.458033694e-11
1652	122.5809857	2.093614171e-11
1653	125.8594467	3.571898333e-11
1654	129.2112962	2.887290407e-11
1655	132.6015073	4.112976626e-11
1656	135.994866	2.72706302e-11
1657	139.3563233	2.380318165e-11
1658	142.6513434	1.815081418e-11
1659	145.8462443	2.348699013e-11
1660	148.908529	1.387689963e-11
1661	151.8072026	1.162092644e-11
1662	154.5130732	2.653166575e-11
1663	156.9990322	2.506794772e-11
1664	159.2403141	7.037925798e-12
1665	161.2147295	2.791011866e-11
1666	162.9028728	8.139267038e-12
1667	164.2883002	2.926014986e-11
1668	165.3576775	3.232969448e-12
1669	166.1008957	3.58149066e-11
1670	166.5111545	2.227551477e-11
1671	166.5850114	1.071143174e-11
1672	166.3223979	1.372768565e-11
1673	165.7266014	7.375433597e-12
1674	164.8042139	2.173550229e-11
1675	163.5650479	4.842348744e-12
1676	162.0220206	2.01296757e-11
1677	160.1910076	1.043787279e-11
1678	158.0906685	1.573496888e-11
1679	155.7422446	1.26476607e-11
1680	153.1693328	1.185895826e-11
1681	150.3976368	2.721023407e-11
1682	147.4546984	7.343459174e-12
1683	144.3696127	2.159339374e-11
1684	141.1727286	9.308109838e-12
1685	137.8953386	1.281463824e-11
1686	134.5693608	1.504574243e-11
1687	131.2270172	2.492939188e-11
1688	127.9005093	1.194067067e-11
1689	124.6216973	1.99982253e-11
1690	121.421783	1.877964451e-11
1691	118.3310024	1.687894269e-11
1692	115.3783288	-7.354117315e-12
1693	112.5911903	1.130828764e-11
1694	109.9952049	-4.135358722e-12
1695	107.6139347	1.593747356e-11
1696	105.4686619	-6.135536523e-12
1697	103.5781898	3.219824407e-11
1698	101.9586683	1.563194019e-11
1699	100.6234486	1.581312858e-11
1700	99.58296547	1.523758897e-11
1701	98.84464985	4.224176564e-12
1702	98.41287225	1.416466944e-11
1703	98.28891681	1.598721155e-11
1704	98.47098652	2.907540875e-11
1705	98.95423935	2.098943241e-11
1706	99.73085463	1.576339059e-11
1707	100.7901289	9.755751762e-12
1708	102.1186	9.190870287e-12
1709	103.7001984	1.810107619e-11
1710	105.5164236	1.817213047e-11
1711	107.5465435	2.255617915e-11
1712	109.7678157	5.6878946e-12
1713	112.1557276	8.011369346e-12
1714	114.6842517	1.438493769e-11
1715	117.3261165	1.601563326e-11
1716	120.0530865	2.684785727e-11
1717	122.8362517	3.198508125e-11
1718	125.6463208	2.398792276e-11
1719	128.4539175	3.959854666e-11
1720	131.2298758	1.130118221e-11
1721	133.9455307	3.593925157e-11
1722	136.5730032	3.161915174e-12
1723	139.0854747	2.789946052e-11
1724	141.4574497	9.514167232e-12
1725	143.665004	3.468514365e-11
1726	145.6860142	9.890754882e-12
1727	147.5003697	1.551825335e-11
1728	149.0901614	2.70112821e-11
1729	150.4398483	3.089084544e-11
1730	151.5363988	2.969002821e-11
1731	152.3694058	3.277023097e-11
1732	152.9311754	4.086331273e-11
1733	153.2167868	1.82076576e-11
1734	153.2241245	9.507061804e-12
1735	152.9538822	5.37880851e-12
1736	152.409538	1.649880232e-11
1737	151.5973022	8.142819752e-12
1738	150.5260372	1.863398325e-11
1739	149.2071519	6.743050562e-12
1740	147.6544707	1.834266072e-11
1741	145.8840795	3.517186542e-12
1742	143.9141487	1.671196515e-11
1743	141.7647376	2.202682481e-13
1744	139.4575805	1.410072059e-11
1745	137.0158568	-2.454925152e-12
1746	134.4639483	2.087574558e-11
1747	131.8271864	1.987743303e-11
1748	129.1315902	-1.88293825e-13
1749	126.4036003	1.815081418e-11
1750	123.6698094	-1.23634436e-12
1751	120.9566932	1.604405497e-11
1752	118.2903445	1.279687467e-11
1753	115.6962121	1.441691211e-11
1754	113.1988486	1.968203378e-11
1755	110.8216685	3.591793529e-12
1756	108.5867192	1.970335006e-11
1757	106.5144673	3.069544618e-12
1758	104.6236027	1.863398325e-11
1759	102.9308609	2.102851226e-11
1760	101.4508674	3.493028089e-11
1761	100.1960033	2.295053037e-11
1762	99.17629516	1.55324642e-11
1763	98.39932902	1.619326895e-11
1764	97.87018994	8.018474773e-12
1765	97.59142689	6.913580819e-12
1766	97.5630438	1.258726456e-11
1767	97.78251622	8.178346889e-12
1768	98.24483365	1.712407993e-11
1769	98.94256661	-2.932765142e-11
1770	99.86595784	8.363088e-12
1771	101.0030365	-1.852740183e-11
1772	102.3397541	1.048050535e-12
1773	103.8601403	-1.183053655e-11
1774	105.5464777	9.823253322e-12
1775	107.3794929	-2.671640686e-12
1776	109.3385619	-1.314504061e-13
1777	111.4019282	6.728839708e-12
1778	113.5469307	-4.980904578e-12
1779	115.7502399	2.035349667e-11
1780	117.9880983	1.373123837e-11
1781	120.2365643	3.822364647e-11
1782	122.4717565	2.008704314e-11
1783	124.6700952	-3.179678743e-12
1784	126.8085395	1.66480163e-11
1785	128.8648178	5.897504707e-12
1786	130.8176481	2.964739565e-11
1787	132.6469476	1.512034942e-11
1788	134.3340283	3.774403012e-11
1789	135.8617773	2.29327668e-11
1790	137.2148197	2.511768571e-11
1791	138.3796629	2.996358717e-11
1792	139.3448208	3.374367452e-11
1793	140.1009167	2.91677793e-11
1794	140.6407639	3.538502824e-11
1795	140.959424	3.73745479e-11
1796	141.0542411	2.533440124e-11
1797	140.9248533	4.988010005e-12
1798	140.5731802	3.110756097e-11
1799	140.0033876	7.037925798e-12
1800	139.2218293	3.496225531e-11
1801	138.2369671	7.87991894e-12
1802	137.05927	2.755129458e-11
1803	135.701093	8.615330671e-12
1804	134.1765383	7.855049944e-12
1805	132.5012991	1.424993457e-11
1806	130.6924882	1.343281042e-11
1807	128.7684535	1.271516226e-11
1808	126.748582	1.389821591e-11
1809	124.6530945	2.918554287e-11
1810	122.5028332	1.529443239e-11
1811	120.3190443	1.170619157e-11
1812	118.1231584	-1.158184659e-12
1813	115.9365695	1.632116664e-11
1814	113.7804173	5.258016245e-12
1815	111.6753721	8.167688748e-12
1816	109.6414272	3.815614491e-12
1817	107.6976988	7.620570841e-12
1818	105.8622366	-1.511324399e-11
1819	104.1518469	7.695177828e-12
1820	102.5819291	8.43058956e-12
1821	101.1663277	2.600586413e-11
1822	99.91720221	1.029931695e-11
1823	98.84491401	2.494715545e-11
1824	97.95793317	9.965361869e-12
1825	97.26276512	-2.284394895e-12
1826	96.76389796	4.337863402e-12
1827	96.46377091	-2.373212737e-12
1828	96.36276393	8.245848448e-12
1829	96.45920866	6.61515287e-12
1830	96.74942026	1.379873993e-11
1831	97.22774978	-8.43058956e-12
1832	97.88665637	-1.62074798e-11
1833	98.71679844	7.421618875e-12
1834	99.70714274	-1.439559583e-11
1835	100.84509	1.478994704e-11
1836	102.116616	-1.531930138e-11
1837	103.5064262	1.371702751e-11
1838	104.9981224	-1.221067691e-11
1839	106.5743794	6.942002528e-12
1840	108.2171307	-1.09601217e-11
1841	109.9077599	9.212186569e-12
1842	111.6272963	-2.550848421e-12
1843	113.3566136	1.692512797e-11
1844	115.0766282	9.809042467e-12
1845	116.7684955	1.10134124e-11
1846	118.4138034	-4.52970994e-12
1847	119.9947587	1.139000005e-11
1848	121.4943668	-5.250910817e-12
1849	122.8966013	2.195577053e-11
1850	124.1865628	4.721556479e-12
1851	125.3506247	2.749089845e-11
1852	126.3765648	9.368505971e-12
1853	127.253682	2.020072998e-11
1854	127.9728955	2.463096394e-11
1855	128.5268274	2.770761398e-11
1856	128.9098664	3.527489412e-11
1857	129.1182135	1.796252036e-11
1858	129.1499079	1.707434194e-11
1859	129.004834	1.188737997e-11
1860	128.6847094	8.895995052e-12
1861	128.1930532	1.054800691e-11
1862	127.5351369	1.013589213e-11
1863	126.7179166	2.185629455e-11
1864	125.7499486	1.48574486e-11
1865	124.6412887	4.046896152e-11
1866	123.4033768	1.757882728e-11
1867	122.0489077	2.717470693e-11
1868	120.5916904	1.912070502e-11
1869	119.0464954	3.132072379e-11
1870	117.4288948	5.314859663e-12
1871	115.7550936	2.463451665e-11
1872	114.0417565	1.167066443e-11
1873	112.3058309	2.714628522e-11
1874	110.5643679	1.756461643e-11
1875	108.8343439	2.849986913e-11
1876	107.1324838	1.831779173e-11
1877	105.4750881	2.909317232e-11
1878	103.877866	1.10382814e-11
1879	102.3557752	3.106492841e-11
1880	100.9228713	-6.245670647e-12
1881	99.59216684	-4.369837825e-13
1882	98.37550334	8.380851568e-12
1883	97.28343531	1.620037438e-11
1884	96.32512917	1.087130386e-11
1885	95.50827725	2.174971314e-11
1886	94.83902775	1.337241429e-11
1887	94.32193141	2.147615419e-11
1888	93.95990519	1.173106057e-11
1889	93.75421345	2.145483791e-11
1890	93.70446645	9.279688129e-12
1891	93.80863631	-1.235989089e-11
1892	94.06309	2.934541499e-12
1893	94.46263899	-3.347366828e-11
1894	95.00060487	2.685851541e-12
1895	95.6689002	-2.595257342e-11
1896	96.45812365	-4.838796031e-12
1897	97.3576683	-9.35784783e-12
1898	98.35584188	-9.677592061e-12
1899	99.43999768	-7.247535905e-12
1900	100.5966746	-8.853362488e-12
1901	101.811745	-8.466116697e-12
1902	103.0705681	-2.394884291e-11
1903	104.3581487	2.692956969e-12
1904	105.6592977	-1.199040867e-11
1905	106.9587939	-4.614975069e-12
1906	108.2415454	1.008260142e-11
1907	109.4927483	4.494182804e-12
1908	110.6980413	1.538680294e-11
1909	111.8436548	-8.071765478e-12
1910	112.9165525	1.798383664e-11
1911	113.9045648	2.788880238e-12
1912	114.7965119	1.683631012e-11
1913	115.5823155	1.133670935e-11
1914	116.2530985	2.683719913e-11
1915	116.801271	2.164313173e-11
1916	117.2206025	1.315569875e-11
1917	117.5062788	2.54267718e-11
1918	117.654944	2.540545552e-11
1919	117.6647263	7.343459174e-12
1920	117.5352486	9.35784783e-12
1921	117.2676221	1.303135377e-11
1922	116.8644253	2.761169071e-11
1923	116.3296668	-5.62039304e-12
1924	115.6687333	2.416200573e-11
1925	114.8883236	-1.382005621e-12
1926	113.9963684	3.036859653e-11
1927	113.0019382	1.627853408e-11
1928	111.9151392	2.605560212e-11
1929	110.7469987	2.474109806e-11
1930	109.5093419	1.6751045e-11
1931	108.2146603	2.793498766e-11
1932	106.8759745	1.019628826e-11
1933	105.5066912	2.870237381e-11
1934	104.1204579	-4.298783551e-13
1935	102.7310152	2.19984031e-11
1936	101.3520494	2.26485497e-11
1937	99.99704608	1.241318159e-11
1938	98.67914716	2.333777616e-11
1939	97.41101203	4.533262654e-12
1940	96.20468482	2.391331577e-11
1941	95.07146896	5.126565839e-12
1942	94.02181033	2.413713673e-11
1943	93.06519025	5.201172826e-12
1944	92.2100294	2.402700261e-11
1945	91.46360356	8.924416761e-12
1946	90.83197216	1.723776677e-11
1947	90.31992013	2.697220225e-11
1948	89.93091383	9.617195929e-12
1949	89.66707124	1.637090463e-11
1950	89.52914689	1.286437623e-11
1951	89.51653138	5.080380561e-12
1952	89.62726558	1.666577987e-11
1953	89.85806929	5.769607014e-12
1954	90.20438386	1.845990028e-11
1955	90.66042834	-2.016165013e-11
1956	91.21926858	6.519229601e-12
1957	91.8728982	-1.669420158e-11
1958	92.61233087	-2.08295603e-11
1959	93.42770251	-1.627853408e-11
1960	94.30838259	-2.194155968e-11
1961	95.24309301	-8.526512829e-12
1962	96.22003346	-1.497113544e-11
1963	97.22701179	1.040945108e-12
1964	98.25157797	-6.206590797e-12
1965	99.28116024	9.460876527e-12
1966	100.3032019	4.298783551e-12
1967	101.3052974	-1.847766384e-11
1968	102.275326	-3.055333764e-13
1969	103.2015822	-5.265121672e-12
1970	104.0729003	-2.774669383e-12
1971	104.8787737	4.572342505e-12
1972	105.6094654	5.10880227e-12
1973	106.2561108	1.529087967e-11
1974	106.8108098	1.561772933e-11
1975	107.2667086	2.554401135e-11
1976	107.6180696	1.412203687e-11
1977	107.8603293	2.393818477e-11
1978	107.9901425	8.512301974e-12
1979	108.0054144	1.760014356e-11
1980	107.9053179	2.128430765e-11
1981	107.6902976	1.673328143e-11
1982	107.36206	1.58166813e-11
1983	106.9235502	2.304645363e-11
1984	106.3789153	1.737987532e-11
1985	105.7334542	2.005862143e-11
1986	104.9935564	4.146016863e-12
1987	104.1666281	2.060218662e-11
1988	103.261008	1.116973181e-11
1989	102.2858735	3.219824407e-11
1990	101.2511373	1.69606551e-11
1991	100.1673377	3.942801641e-11
1992	99.04552132	2.143352162e-11
1993	97.89712099	2.328803816e-11
1994	96.73383025	1.183053655e-11
1995	95.56747497	2.89084312e-11
1996	94.40988411	2.508215857e-12
1997	93.27276078	2.000888344e-11
1998	92.1675551	2.581401759e-11
1999	91.10534009	2.39985809e-11
2000	90.0966921	1.603694955e-11
2001	89.15157685	2.543742994e-11
2002	88.27924253	1.760724899e-11
2003	87.48812084	2.626165951e-11
2004	86.78573723	1.840660957e-11
2005	86.1786312	1.785949166e-11
2006	85.67228744	1.651301318e-11
2007	85.27107865	1.357847168e-11
2008	84.97822056	1.948663453e-11
2009	84.79573952	2.622257966e-11
2010	84.72445323	9.109157872e-12
2011	84.76396446	1.260502813e-11
2012	84.91266813	1.134381478e-11
2013	85.16777136	1.158184659e-11
2014	85.52532644	7.585043704e-12
2015	85.9802763	1.417532758e-12
2016	86.5265118	-3.726796649e-12
2017	87.15694052	-2.503597329e-11
2018	87.86356593	-2.23892016e-11
2019	88.63757636	-3.865352483e-12
2020	89.46944261	-2.138378363e-11
2021	90.34902317	-6.99174052e-12
2022	91.26567597	-1.970335006e-11
2023	92.20837538	-5.186961971e-13
2024	93.16583315	-2.589217729e-11
2025	94.12662213	-7.528200285e-12
2026	95.07930122	-1.870859023e-11
2027	96.01254039	1.239897074e-12
2028	96.91524432	-1.554667506e-11
2029	97.77667331	-8.487432979e-12
2030	98.58656024	5.414335646e-12
2031	99.33522229	1.140776362e-11
2032	100.0136661	1.356781354e-11
2033	100.6136857	2.266986598e-11
2034	101.127951	7.876366226e-12
2035	101.550088	1.099209612e-11
2036	101.874747	6.19948537e-12
2037	102.0976614	9.240608279e-12
2038	102.215693	1.23634436e-12
2039	102.2268663	1.866951038e-11
2040	102.1303895	1.600852784e-11
2041	101.9266632	2.787814424e-11
2042	101.6172755	1.163158458e-11
2043	101.2049848	2.387423592e-11
2044	100.6936899	5.684341886e-12
2045	100.0883874	1.378808179e-11
2046	99.39511747	1.48041579e-11
2047	98.62089833	1.858069254e-11
2048	97.77365021	2.269473498e-11
2049	96.86210941	2.998135074e-11
2050	95.89573363	2.952305067e-11
2051	94.8845995	3.950617611e-11
2052	93.83929336	3.576161589e-11
2053	92.7707966	3.097611057e-11
2054	91.69036666	2.563282919e-11
2055	90.609415	2.248157216e-11
2056	89.53938345	9.39692768e-12
2057	88.49162017	2.880540251e-11
2058	87.47725651	1.437783226e-11
2059	86.50708625	3.304023721e-11
2060	85.59144841	3.710098895e-11
2061	84.74011488	2.32454056e-11
2062	83.96218414	2.733102633e-11
2063	83.26598213	4.895639449e-12
2064	82.65897145	1.146460704e-11
2065	82.14766977	9.311662552e-12
2066	81.73757835	1.532640681e-11
2067	81.43312149	1.505640057e-11
2068	81.23759747	2.326316917e-11
2069	81.15314163	3.377920166e-11
2070	81.1807019	2.277289468e-11
2071	81.32002704	3.335642873e-11
2072	81.56966788	2.513900199e-11
2073	81.9269913	1.470823463e-11
2074	82.38820705	8.853362488e-12
2075	82.94840696	1.281819095e-11
2076	83.60161624	1.540456651e-11
2077	84.34085631	1.393374305e-11
2078	85.15821841	1.70388148e-11
2079	86.04494732	2.954791967e-11
2080	86.99153428	-1.239897074e-12
2081	87.98781808	4.956035582e-12
2082	89.0230933	-1.989164389e-11
2083	90.08622447	-1.060485033e-11
2084	91.16576512	-2.035349667e-11
2085	92.25008019	-6.078693104e-12
2086	93.3274707	-1.719158149e-11
2087	94.38629934	-7.833733662e-12
2088	95.41511549	-1.990585474e-11
2089	96.40277852	-1.794830951e-11
2090	97.33857795	-1.334043986e-11
2091	98.21234917	-1.222844048e-11
2092	99.0145836	-1.349675927e-11
2093	99.73653195	-1.212541179e-11
2094	100.3702996	-6.68265443e-12
2095	100.908933	-5.336175946e-12
2096	101.3464962	9.521272659e-13
2097	101.6781368	2.629008122e-12
2098	101.90014	1.562128205e-11
2099	102.0099715	1.549693707e-11
2100	102.0063067	7.670308833e-12
2101	101.8890485	4.586553359e-12
2102	101.6593306	-3.446132268e-13
2103	101.319509	1.343991585e-11
2104	100.8731397	3.566924534e-12
2105	100.3249437	2.009059585e-11
2106	99.68075984	1.989164389e-11
2107	98.94748548	2.54267718e-11
2108	98.13300575	3.283062711e-11
2109	97.24611228	4.403588605e-11
2110	96.29641212	4.101963214e-11
2111	95.29422775	3.297628837e-11
2112	94.25048939	2.826539003e-11
2113	93.17662054	2.763655971e-11
2114	92.08441806	1.951860895e-11
2115	90.98592807	3.666755788e-11
2116	89.89331889	6.604494729e-12
2117	88.81875237	2.161826274e-11
2118	87.77425509	1.110933567e-11
2119	86.77159056	3.684874628e-11
2120	85.82213402	3.984723662e-11
2121	84.93675095	2.151168133e-11
2122	84.12568074	2.471622906e-11
2123	83.39842666	2.509992214e-11
2124	82.76365336	2.826539003e-11
2125	82.22909288	2.715694336e-11
2126	81.80146041	2.753353101e-11
2127	81.48638041	2.829736445e-11
2128	81.28832414	3.309352792e-11
2129	81.21055913	2.329869631e-11
2130	81.2551112	1.891820034e-11
2131	81.42273947	3.288747052e-11
2132	81.71292459	2.170352786e-11
2133	82.12387044	2.910738317e-11
2134	82.65251918	2.429345614e-11
2135	83.29457966	2.823341561e-11
2136	84.04456881	2.580335945e-11
2137	84.89586565	2.685851541e-11
2138	85.8407774	1.14539489e-11
2139	86.87061701	8.519407402e-12
2140	87.97579125	-1.253397386e-11
2141	89.14589861	9.226397424e-12
2142	90.36983586	-2.064481919e-11
2143	91.6359123	-7.830180948e-12
2144	92.93197036	-1.2519763e-11
2145	94.24551153	-5.144329407e-12
2146	95.56382609	-1.201883038e-11
2147	96.87412541	7.531752999e-13
2148	98.16367548	-1.03881348e-11
2149	99.41993012	-1.606181854e-11
2150	100.6306627	-2.897238005e-11
2151	101.7840949	-3.171507501e-11
2152	102.8690207	-1.281463824e-11
2153	103.8749256	-1.136868377e-13
2154	104.7920981	1.222133506e-11
2155	105.6117335	4.501288231e-12
2156	106.3260283	1.844568942e-11
2157	106.9282651	1.015010298e-11
2158	107.4128853	2.567190904e-11
2159	107.7755509	-6.316724921e-12
2160	108.0131935	4.323652547e-12
2161	108.1240496	4.62563321e-12
2162	108.1076837	-6.210143511e-12
2163	107.9649961	2.357225526e-11
2164	107.6982185	-1.367794766e-12
2165	107.3108941	1.542943551e-11
2166	106.8078457	7.215561482e-12
2167	106.1951285	1.169198072e-11
2168	105.4799722	1.90887306e-11
2169	104.6707087	-3.485212119e-12
2170	103.7766896	3.954170325e-12
2171	102.8081921	-2.600586413e-12
2172	101.7763158	1.220357149e-11
2173	100.6928694	8.483880265e-12
2174	99.57025167	3.128164394e-11
2175	98.42132392	3.489830647e-11
2176	97.25927896	3.081268574e-11
2177	96.09750542	4.424194344e-11
2178	94.94944989	-4.021671884e-12
2179	93.82847812	1.139000005e-11
2180	92.74773666	8.348877145e-13
2181	91.72001637	2.810551791e-11
2182	90.75761922	3.351985356e-11
2183	89.87222982	3.365130397e-11
2184	89.07479295	4.017763899e-11
2185	88.37539836	4.151701205e-11
2186	87.78317412	5.709210882e-11
2187	87.30618958	4.489564276e-11
2188	86.95136894	3.714717423e-11
2189	86.72441645	1.139710548e-11
2190	86.62975394	1.171684971e-11
2191	86.67047133	2.554401135e-12
2192	86.84829081	8.061107337e-12
2193	87.1635449	2.498978802e-11
2194	87.61516883	1.149302875e-11
2195	88.20070715	2.625100137e-11
2196	88.9163348	3.204547738e-11
2197	89.75689213	3.784350611e-11
2198	90.71593387	9.933387446e-12
2199	91.78579132	1.253042115e-11
2200	92.95764734	9.158895864e-12
2201	94.22162321	1.783462267e-12
2202	95.56687677	1.548627893e-11
2203	96.98171049	1.63637992e-11
2204	98.45368877	-5.940137271e-12
2205	99.96976299	-1.035616037e-11
2206	101.5164032	4.021671884e-12
2207	103.0797351	-9.659828493e-12
2208	104.6456807	-2.150102318e-11
2209	106.200102	-6.72173428e-12
2210	107.7289449	-2.241762331e-11
2211	109.2183828	-2.390976306e-12
2212	110.6549588	-2.030375867e-11
2213	112.0257241	-9.62785407e-12
2214	113.318371	-1.63353775e-11
2215	114.5213607	-5.563549621e-12
2216	115.6240429	-1.059063948e-11
2217	116.6167667	-9.169554005e-12
2218	117.4909819	-1.955058337e-11
2219	118.239329	-3.577582675e-12
2220	118.8557172	-3.325340003e-12
2221	119.3353898	2.209787908e-12
2222	119.6749767	3.91153776e-12
2223	119.8725317	8.814282637e-12
2224	119.9275562	3.339550858e-13
2225	119.8410085	1.585220843e-11
2226	119.615297	-2.526334697e-11
2227	119.2542605	2.362554596e-12
2228	118.7631318	-2.458477866e-12
2229	118.1484887	1.673328143e-11
2230	117.4181906	5.428546501e-12
2231	116.5813015	3.328182174e-11
2232	115.6480012	1.330491273e-11
2233	114.6294848	3.141664706e-11
2234	113.5378511	2.190603254e-11
2235	112.3859828	3.394973191e-11
2236	111.1874169	3.492317546e-12
2237	109.9562092	1.871569566e-11
2238	108.7067932	2.068034632e-11
2239	107.4538342	3.902300705e-11
2240	106.2120816	5.080380561e-12
2241	104.9962189	1.581312858e-11
2242	103.8207153	1.066879918e-11
2243	102.699678	2.320632575e-11
2244	101.6467088	1.710631636e-11
2245	100.6747645	3.970157536e-11
2246	99.7960247	-1.847411113e-12
2247	99.02176606	1.905675617e-11
2248	98.36224617	5.31130695e-12
2249	97.82659719	2.438582669e-11
2250	97.42273072	2.051336878e-11
2251	97.15725474	3.69588804e-11
2252	97.03540369	2.026467882e-11
2253	97.06098218	3.68558517e-11
2254	97.23632308	2.650679676e-11
2255	97.56226043	1.424993457e-11
2256	98.03811735	4.337863402e-12
2257	98.66170929	2.624034323e-11
2258	99.42936245	1.798738936e-11
2259	100.3359473	3.817746119e-11
2260	101.3749269	1.288924523e-11
2261	102.5384194	4.723332836e-11
2262	103.8172743	2.059152848e-11
2263	105.2011619	4.681055543e-11
2264	106.6786744	3.500844059e-11
2265	108.2374383	2.336619787e-11
2266	109.8642366	-2.794919851e-11
2267	111.5451404	-1.960742679e-11
2268	113.2656465	-2.842881486e-11
2269	115.0108229	-2.565059276e-11
2270	116.7654572	-2.870237381e-11
2271	118.5142092	-2.260946985e-11
2272	120.2417647	-2.082245487e-11
2273	121.9329892	-6.110667528e-13
2274	123.5730804	-4.709832524e-11
2275	125.1477171	-3.260680614e-11
2276	126.6432045	-4.384403951e-11
2277	128.0466122	-1.260147542e-11
2278	129.3459057	-2.990319103e-11
2279	130.5300689	-8.551381825e-12
2280	131.5892165	-1.245226144e-11
2281	132.5146949	-4.000355602e-12
2282	133.2991718	-5.631051181e-12
2283	133.9367118	6.775024985e-12
2284	134.4228385	-4.066080805e-11
2285	134.754582	-2.418332201e-11
2286	134.9305114	-1.63886682e-11
2287	134.9507516	-5.389466651e-12
2288	134.8169853	-7.201350627e-12
2289	134.5324383	8.114398042e-12
2290	134.1018502	1.045918907e-11
2291	133.5314294	1.623590151e-11
2292	132.8287934	2.323474746e-12
2293	132.0028949	9.098499731e-12
2294	131.0639344	-1.023892082e-11
2295	130.0232605	-1.335465072e-11
2296	128.8932575	5.833555861e-12
2297	127.6872237	-1.70885528e-12
2298	126.4192399	1.491073931e-11
2299	125.1040292	1.066524646e-11
2300	123.7568114	2.437872126e-11
2301	122.3931511	2.469491278e-11
2302	121.0288029	2.160049917e-11
2303	119.6795539	-3.11928261e-12
2304	118.3610659	1.779909553e-12
2305	117.088719	8.663292306e-12
2306	115.877457	1.48947521e-11
2307	114.7416375	1.7154278e-11
2308	113.6948877	3.81525922e-11
2309	112.7499667	2.505196051e-11
2310	111.9186373	4.75939288e-11
2311	111.2115463	3.21271898e-11
2312	110.6381172	4.880362781e-11
2313	110.2064535	8.817835351e-12
2314	109.9232565	9.654499422e-12
2315	109.7937555	3.1764813e-11
2316	109.8216543	1.961097951e-11
2317	110.0090913	2.283684353e-11
2318	110.3566158	1.119637716e-11
2319	110.8631806	2.197708682e-11
2320	111.5261496	2.174793678e-11
2321	112.3413218	2.631672658e-11
2322	113.3029711	3.830535888e-11
2323	114.4039008	-6.146194664e-13
2324	115.635513	1.033306773e-11
2325	116.9878924	1.227462576e-12
2326	118.4499031	2.496314266e-11
2327	120.0092973	2.959410494e-12
2328	121.6528359	-8.693490372e-12
2329	123.3664185	-7.50866036e-12
2330	125.1352222	-7.835510019e-12
2331	126.9438485	-3.575806318e-12
2332	128.7764746	-3.775824098e-11
2333	130.6170107	-2.585842651e-11
2334	132.449259	-3.139710714e-11
2335	134.2570743	-2.258992993e-11
2336	136.0245246	-1.458033694e-11
2337	137.7360489	-2.807531985e-11
2338	139.376612	3.653966019e-12
2339	140.9318547	-9.647393995e-12
2340	142.3882363	9.199752071e-12
2341	143.73317	-5.741185305e-12
2342	144.9551485	-1.54134483e-11
2343	146.0438593	-3.171685137e-11
2344	146.9902878	-2.288302881e-11
2345	147.7868082	-2.636291185e-11
2346	148.4272601	-3.89590582e-11
2347	148.907011	-2.001421251e-11
2348	149.2230034	-3.410072225e-11
2349	149.3737868	-1.58166813e-11
2350	149.3595331	-1.012701034e-11
2351	149.1820363	-3.037037288e-11
2352	148.8446964	-2.056310677e-11
2353	148.3524867	-2.643751884e-11
2354	147.7119059	-1.233146918e-11
2355	146.9309151	-1.733013733e-11
2356	146.0188597	-3.719691222e-12
2357	144.9863784	-7.705835969e-12
2358	143.8452988	5.86197757e-12
2359	142.6085208	9.254819133e-13
2360	141.2898901	1.15445431e-11
2361	139.9040617	-1.786837345e-11
2362	138.4663554	-1.411848416e-11
2363	136.9926048	-1.11040066e-11
2364	135.4990012	4.684252985e-12
2365	134.0019329	1.715605435e-11
2366	132.5178243	1.131716942e-11
2367	131.0629727	2.714628522e-11
2368	129.6533871	2.344613392e-11
2369	128.3046304	2.371258745e-11
2370	127.0316642	1.680611206e-11
2371	125.8487016	1.089084378e-11
2372	124.7690655	-2.188471626e-12
2373	123.8050566	2.006750321e-11
2374	122.9678315	8.741452007e-12
2375	122.2672914	1.056044141e-11
2376	121.7119838	8.757439218e-13
2377	121.3090172	3.572608875e-11
2378	121.0639902	2.76205725e-11
2379	120.9809352	4.50874893e-11
2380	121.0622779	8.233413951e-12
2381	121.3088123	1.432809427e-11
2382	121.7196921	8.286704656e-12
2383	122.2924383	2.088995643e-11
2384	123.0229624	1.323385845e-11
2385	123.9056064	4.399325348e-11
2386	124.9331974	3.559108563e-11
2387	126.0971178	4.59845495e-11
2388	127.3873894	3.020339534e-11
2389	128.7927712	4.406430776e-11
2390	130.3008696	-2.745004224e-11
2391	131.8982598	-1.190159082e-11
2392	133.5706174	-1.507238778e-11
2393	135.3028598	-1.42730272e-11
2394	137.0792933	-2.559907841e-11
2395	138.8837682	-2.134115107e-11
2396	140.699837	-2.418154565e-11
2397	142.5109162	-1.376676551e-11
2398	144.3004494	-2.130207122e-11
2399	146.05207	-2.780708996e-11
2400	147.7497623	-3.857714148e-11
2401	149.3780187	-1.219824242e-11
2402	150.9219925	-3.196021225e-11
2403	152.3676437	-1.568345454e-11
2404	153.7018772	-3.3427483e-11
2405	154.9126714	-1.167954622e-11
2406	155.9891966	-7.840839089e-12
2407	156.9219212	-6.524558671e-12
2408	157.7027058	-1.618793988e-11
2409	158.3248827	-3.583089381e-11
2410	158.783322	-4.509637108e-11
2411	159.0744816	-3.646860591e-11
2412	159.1964418	-2.102851226e-11
2413	159.1489247	-1.152855589e-12
2414	158.9332966	-2.311395519e-11
2415	158.5525541	7.513989431e-12
2416	158.0112955	-1.528022153e-11
2417	157.3156746	-2.726707748e-12
2418	156.4733409	-7.36832817e-12
2419	155.4933641	-2.591882264e-11
2420	154.386145	-2.396483012e-11
2421	153.1633133	-2.396305376e-11
2422	151.8376133	-1.43227652e-11
2423	150.4227792	-1.124433879e-11
2424	148.9333995	-1.402078453e-11
2425	147.3847745	-8.759215575e-12
2426	145.792766	-5.520917057e-12
2427	144.1736413	2.059685755e-11
2428	142.5439143	-3.697664397e-11
2429	140.9201832	-3.781863711e-12
2430	139.3189681	-2.318323311e-11
2431	137.7565487	7.121414569e-12
2432	136.2488056	-1.053734877e-11
2433	134.8110643	1.744915323e-11
2434	133.4579454	2.172306779e-11
2435	132.2032217	1.716315978e-11
2436	131.0596837	2.401279176e-11
2437	130.0390145	1.064393018e-11
2438	129.151676	-1.599076427e-11
2439	128.4068066	1.485034318e-12
2440	127.8121328	4.678923915e-12
2441	127.3738937	3.179856378e-11
2442	127.0967805	2.798117293e-11
2443	126.9838916	4.2218673e-11
2444	127.0367026	3.505284951e-11
2445	127.2550528	4.21280788e-11
2446	127.6371473	2.468780735e-11
2447	128.1795753	3.508482393e-11
2448	128.8773443	3.078604038e-11
2449	129.7239298	-6.664890861e-12
2450	130.7113393	2.321343118e-11
2451	131.8301917	1.348254841e-12
2452	133.0698093	4.583000646e-13
2453	134.4183229	-1.981348419e-11
2454	135.8627885	3.693045869e-12
2455	137.3893142	8.933298545e-12
2456	138.9831963	6.190603585e-12
2457	140.6290634	-3.222133671e-11
2458	142.311027	-3.790034953e-11
2459	144.0128367	-2.077626959e-11
2460	145.7180391	-3.524647241e-11
2461	147.4101385	-1.902300539e-11
2462	149.0727576	-3.188560527e-12
2463	150.6897978	-8.039791055e-12
2464	152.2455954	7.590372775e-12
2465	153.7250742	-3.494093903e-12
2466	155.1138925	1.428901442e-11
2467	156.3985818	-3.500844059e-11
2468	157.5666781	-3.682387728e-11
2469	158.6068418	-2.170175151e-11
2470	159.5089683	-3.305089535e-11
2471	160.2642849	-3.36335404e-11
2472	160.8654351	-3.532107939e-11
2473	161.3065499	-2.104094676e-11
2474	161.5833027	-1.164934815e-11
2475	161.6929513	5.245581747e-12
2476	161.6343621	-2.108713204e-11
2477	161.4080207	-2.217426243e-11
2478	161.0160254	-1.426236906e-11
2479	160.462065	-4.499511874e-11
2480	159.7513823	-1.307753905e-11
2481	158.8907209	-3.555733485e-11
2482	157.8882585	-5.242029033e-12
2483	156.7535262	-4.286349053e-12
2484	155.497314	3.547384608e-12
2485	154.1315653	1.048050535e-12
2486	152.669259	-2.412292588e-11
2487	151.1242829	-1.939781669e-11
2488	149.5112972	-1.735678268e-11
2489	147.8455919	-3.801403636e-12
2490	146.1429367	-8.686384945e-12
2491	144.4194281	-5.389466651e-12
2492	142.6913323	2.808420163e-12
2493	140.9749271	4.577671575e-12
2494	139.2863438	1.472422184e-11
2495	137.6414107	1.533884131e-11
2496	136.0554997	-1.427657992e-11
2497	134.543378	5.24380539e-12
2498	133.119065	5.313083307e-12
2499	131.7956976	1.040412201e-11
2500	130.5854032	1.51541002e-11
2501	129.4991842	1.116617909e-11
2502	128.5468116	1.289990337e-11
2503	127.7367327	2.280664546e-11
2504	127.0759903	4.302158629e-11
2505	126.5701567	3.879563337e-12
2506	126.2232811	1.435473962e-11
2507	126.0378528	1.391420312e-11
2508	126.014779	2.170885693e-11
2509	126.1533783	2.331823623e-11
2510	126.4513891	4.791722574e-11
2511	126.9049945	2.647126962e-11
2512	127.5088608	2.776268104e-11
2513	128.2561916	3.46087603e-11
2514	129.138796	1.482014511e-11
2515	130.1471696	-2.228972562e-11
2516	131.2705889	-1.914735037e-11
2517	132.4972167	-1.707434194e-11
2518	133.8142186	5.501377132e-12
2519	135.2078888	-1.167599351e-11
2520	136.663784	8.762768289e-12
2521	138.1668649	1.154631946e-11
2522	139.701642	-1.906030889e-12
2523	141.252327	7.140954494e-13
2524	142.8029858	-4.173195123e-11
2525	144.3376928	-1.056044141e-11
2526	145.8406854	-3.543476623e-11
2527	147.2965164	-6.869171898e-12
2528	148.6902023	-2.978417513e-11
2529	150.0073684	-3.280931082e-12
2530	151.2343865	-3.102762491e-11
2531	152.3585055	-1.246114323e-11
2532	153.3679734	1.932676241e-12
2533	154.2521495	-1.652900039e-11
2534	155.0016052	-4.222933114e-11
2535	155.6082136	-4.845901458e-11
2536	156.0652253	-2.131805843e-11
2537	156.3673321	-2.435207591e-11
2538	156.5107155	-1.668887251e-11
2539	156.4930812	1.342215228e-11
2540	156.3136786	-1.16227028e-11
2541	155.9733057	6.448175327e-13
2542	155.474299	-6.675549002e-12
2543	154.8205075	7.824851878e-12
2544	154.0172539	-4.750155824e-11
2545	153.0712804	-3.095124157e-11
2546	151.9906811	-1.820055218e-11
2547	150.7848215	-2.215827521e-11
2548	149.4642464	7.350564601e-12
2549	148.0405758	-4.492406447e-12
2550	146.5263912	-1.746158773e-12
2551	144.9351127	3.348432642e-12
2552	143.2808678	7.352340958e-12
2553	141.5783546	-4.131806008e-12
2554	139.8426989	-2.079048045e-11
2555	138.0893079	-3.174349672e-12
2556	136.3337213	-1.763034163e-11
2557	134.5914616	1.534772309e-11
2558	132.877885	-5.730527164e-12
2559	131.2080335	2.486721939e-11
2560	129.5964915	-1.205258116e-11
2561	128.057246	1.99982253e-11
2562	126.6035537	3.274536198e-11
2563	125.2478147	-7.259970403e-12
2564	124.0014555	2.586375558e-12
2565	122.874821	3.549160965e-12
2566	121.8770775	1.336708522e-11
2567	121.0161271	7.75024489e-12
2568	120.2985346	2.136957278e-11
2569	119.7294672	4.105338292e-11
2570	119.3126482	2.873257188e-11
2571	119.0503243	5.038813811e-11
2572	118.9432474	5.51008128e-11
2573	118.9906706	1.222844048e-11
2574	119.190359	6.242117934e-12
2575	119.5386145	2.111555375e-11
2576	120.0303148	1.045474818e-11
2577	120.6589654	-3.618438882e-12
2578	121.4167659	8.149037001e-12
2579	122.2946873	1.034727859e-12
2580	123.282562	1.12274634e-11
2581	124.3691838	2.128075494e-11
2582	125.542418	-1.500666258e-11
2583	126.7893202	7.367439991e-12
2584	128.0962625	-1.337685518e-11
2585	129.4490655	4.352962435e-12
2586	130.8331361	-1.330047184e-11
2587	132.2336085	7.584155526e-12
2588	133.6354872	-1.234568003e-11
2589	135.0237914	6.322053991e-12
2590	136.3836984	1.616395906e-11
2591	137.7006856	4.649614027e-12
2592	138.9606692	-2.159250556e-11
2593	140.1501376	-3.112177183e-11
2594	141.2562801	-2.136690824e-11
2595	142.2671075	-2.79660739e-11
2596	143.1715656	-2.061906201e-11
2597	143.9596383	-1.485922496e-12
2598	144.6224411	-1.409450334e-11
2599	145.1523039	8.894218695e-12
2600	145.5428409	-1.808331263e-12
2601	145.7890091	-4.196643033e-11
2602	145.8871527	-3.84074994e-11
2603	145.8350353	-3.800870729e-11
2604	145.6318576	-1.282352002e-11
2605	145.2782615	-3.42508244e-11
2606	144.7763203	-9.123368727e-12
2607	144.1295155	-1.980726694e-11
2608	143.3427002	-4.962252831e-12
2609	142.422049	-1.36353151e-11
2610	141.374996	-3.847588914e-12
2611	140.2101606	2.609823468e-11
2612	138.9372623	-2.996003445e-11
2613	137.5670252	1.030286967e-11
2614	136.111073	7.329248319e-12
2615	134.581816	2.930189424e-11
2616	132.9923308	-1.496580637e-11
2617	131.356234	-9.470646489e-12
2618	129.6875509	4.119371511e-12
2619	128.000581	-1.899103097e-11
2620	126.3097609	-1.640465541e-11
2621	124.6295269	5.447198248e-12
2622	122.9741773	3.344968746e-11
2623	121.3577368	-7.45270512e-12
2624	119.7938238	7.428990756e-11
2625	118.2955223	1.906652614e-11
2626	116.8752585	-3.167510698e-11
2627	115.5446851	1.303490649e-11
2628	114.3145721	1.043876097e-11
2629	113.1947075	4.081890381e-11
2630	112.193807	-1.732658461e-11
2631	111.3194341	7.907452471e-11
2632	110.5779318	4.102584938e-11
2633	109.9743661	7.798117707e-11
2634	109.5124813	1.519762094e-11
2635	109.1946686	-6.021849686e-13
2636	109.0219478	3.937383752e-11
2637	108.9939609	7.57616192e-12
2638	109.1089807	4.390532382e-11
2639	109.3639305	6.217248938e-15
2640	109.754418	3.656097647e-11
2641	110.2747809	-6.106226635e-12
2642	110.9181443	6.573230849e-11
2643	111.6764901	2.614797268e-11
2644	112.5407362	4.197886483e-11
2645	113.5008265	6.351186244e-11
2646	114.5458287	-1.099920155e-11
2647	115.6640413	1.876099276e-11
2648	116.8431067	-3.514966096e-11
2649	118.0701305	6.033040734e-11
2650	119.3318054	2.034283852e-11
2651	120.6145389	4.775646545e-11
2652	121.9045827	4.265832132e-11
2653	123.1881638	5.888534105e-11
2654	124.451615	6.250111539e-12
2655	125.681504	-4.589573166e-11
2656	126.86476	3.939781834e-11
2657	127.9887964	-3.593481068e-11
2658	129.0416284	1.237054903e-11
2659	130.0119846	4.666489417e-12
2660	130.8894117	4.618971872e-11
2661	131.6643704	-3.365130397e-11
2662	132.3283232	1.633981839e-11
2663	132.8738118	6.685318965e-12
2664	133.2945245	-4.315392488e-11
2665	133.585352	-3.09912096e-11
2666	133.7424322	-5.282796423e-11
2667	133.7631824	6.632916438e-12
2668	133.6463203	-4.958078392e-11
2669	133.3918715	-2.61923816e-12
2670	133.0011652	7.075229291e-12
2671	132.476818	1.872813016e-11
2672	131.8227047	1.358646529e-11
2673	131.043918	-3.006128679e-11
2674	130.1467167	2.187849901e-11
2675	129.138463	-9.38911171e-11
2676	128.0275494	2.27968755e-11
2677	126.8233166	-1.956035334e-11
2678	125.5359628	6.874056879e-11
2679	124.1764443	-5.833555861e-11
2680	122.7563705	7.517986234e-11
2681	121.2878927	9.659828493e-12
2682	119.7835875	7.153388992e-11
2683	118.2563378	-5.296207917e-12
2684	116.7192104	-1.985789311e-11
2685	115.1853327	1.595612531e-11
2686	113.6677694	-9.550582547e-12
2687	112.1793998	5.141753689e-11
2688	110.7327977	-7.802647417e-12
2689	109.3401145	4.469669079e-11
2690	108.0129664	1.026645435e-11
2691	106.7623273	9.909317811e-11
2692	105.5984284	5.100631029e-11
2693	104.5306644	-7.720046824e-12
2694	103.5675087	5.876898967e-11
2695	102.7164367	3.10365067e-11
2696	101.9838598	5.052269714e-11
2697	101.3750686	4.139266707e-11
2698	100.8941872	6.330003188e-11
2699	100.5441392	4.361044859e-11
2700	100.3266238	6.457723245e-11
2701	100.2421048	1.137738792e-10
2702	100.2898104	-4.964961775e-11
2703	100.4677444	1.607025624e-11
2704	100.7727099	-4.270894749e-11
2705	101.2003429	9.040324045e-11
2706	101.7451574	-2.913225217e-12
2707	102.4006008	2.521849396e-11
2708	103.1591187	1.267563832e-11
2709	104.0122291	9.754019814e-11
2710	104.9506052	8.763656467e-12
2711	105.9641652	3.25757199e-11
2712	107.0421694	-1.082689494e-11
2713	108.1733226	3.445466135e-11
2714	109.3458818	2.896438644e-11
2715	110.547767	3.13451487e-11
2716	111.7666755	1.810329664e-11
2717	112.9901973	2.728350879e-11
2718	114.2059313	2.713917979e-11
2719	115.4016009	2.285682754e-11
2720	116.5651677	2.721600723e-11
2721	117.6849434	1.465538801e-11
2722	118.749697	-1.535349625e-11
2723	119.7487582	5.52491386e-12
2724	120.6721144	-6.825695564e-11
2725	121.5105019	-1.183941833e-12
2726	122.2554891	-2.066125049e-11
2727	122.8995526	1.826183649e-11
2728	123.4361434	-3.744515809e-11
2729	123.8597448	6.012523812e-11
2730	124.1659197	8.882228286e-12
2731	124.3513485	-3.789102365e-11
2732	124.4138555	-3.433120455e-11
2733	124.3524253	9.492406861e-12
2734	124.1672085	1.052358201e-11
2735	123.8595156	-8.394174245e-12
2736	123.4318014	3.50164342e-11
2737	122.8876376	-2.179589842e-12
2738	122.2316763	3.2740477e-11
2739	121.469603	-2.552624778e-12
2740	120.6080798	6.71844802e-11
2741	119.6546812	6.088063387e-11
2742	118.6178199	-1.895772428e-11
2743	117.5066664	6.889555593e-11
2744	116.3310614	-5.15365528e-12
2745	115.1014226	6.988365442e-11
2746	113.828646	-2.665379029e-11
2747	112.5240037	7.408962333e-11
2748	111.1990384	9.345857421e-12
2749	109.8654559	7.842171357e-11
2750	108.5350161	4.314948399e-11
2751	107.2194244	-2.624123141e-12
2752	105.930224	1.842126451e-11
2753	104.6786897	-6.051825707e-12
2754	103.4757247	6.035572042e-11
2755	102.3317619	4.702016554e-12
2756	101.2566686	2.530864407e-11
2757	100.2596582	2.678501865e-11
2758	99.3492072	1.043971576e-10
2759	98.53297955	3.856004405e-11
2760	97.81775924	-2.53754795e-11
2761	97.20939069	2.666733501e-11
2762	96.71272823	4.260569675e-11
2763	96.33159486	4.964828548e-11
2764	96.06875066	2.762190476e-11
2765	95.92587101	3.071587429e-11
2766	95.90353497	6.095235427e-11
2767	96.00122368	5.972422557e-11
2768	96.21732887	7.635136967e-11
2769	96.54917139	3.344013955e-11
2770	96.9930294	6.677103315e-11
2771	97.54417611	2.634648055e-11
2772	98.19692653	7.437050975e-11
2773	98.94469286	-4.208500215e-11
2774	99.78004794	4.003708476e-11
2775	100.6947962	2.788813624e-11
2776	101.6800512	4.773603735e-11
2777	102.7263196	-3.341793509e-11
2778	103.8235898	8.413669761e-11
2779	104.9614257	3.675149074e-11
2780	106.1290632	-1.371480707e-11
2781	107.3155102	-6.812883591e-12
2782	108.5096474	8.244183114e-12
2783	109.700331	4.215283678e-11
2784	110.876494	-2.094879825e-11
2785	112.0272476	3.463052067e-11
2786	113.1419797	-2.168487612e-12
2787	114.2104513	3.787126168e-11
2788	115.2228882	-3.175526508e-11
2789	116.1700692	-4.920108765e-11
2790	117.0434083	-1.374411696e-11
2791	117.8350308	-1.649624881e-11
2792	118.5378432	2.738131943e-11
2793	119.1455949	-2.15971685e-11
2794	119.6529326	5.009970216e-11
2795	120.0554466	-1.926286908e-11
2796	120.3497074	6.093103799e-11
2797	120.5332942	-2.092187534e-11
2798	120.6048136	-2.485128769e-11
2799	120.5639093	-2.062977567e-11
2800	120.4112617	3.843925178e-12
2801	120.148579	3.865424647e-11
2802	119.7785778	3.801431392e-11
2803	119.304956	7.018471915e-11
2804	118.7323559	3.841699181e-11
2805	118.066319	3.292080497e-11
2806	117.313233	7.932685064e-11
2807	116.4802714	7.732409157e-11
2808	115.5753259	1.241431263e-11
2809	114.6069325	-4.515699273e-11
2810	113.5841922	6.992435103e-11
2811	112.5166869	5.467147568e-12
2812	111.4143909	2.391584153e-11
2813	110.2875792	2.02471373e-12
2814	109.1467339	7.075032227e-11
2815	108.0024479	1.875227751e-11
2816	106.8653291	3.906769352e-11
2817	105.7459042	2.507555275e-11
2818	104.6545231	-8.952893982e-12
2819	103.6012663	2.457239967e-11
2820	102.5958537	1.285294093e-11
2821	101.6475579	5.539646519e-11
2822	100.7651215	1.695393825e-11
2823	99.95667927	6.149486476e-11
2824	99.22968603	5.178757423e-11
2825	98.59085115	1.031061903e-10
2826	98.04607965	-5.750733223e-12
2827	97.60042086	-3.868017018e-13
2828	97.25802491	2.299826996e-11
2829	97.02210739	7.564837645e-12
2830	96.89492255	4.143752008e-11
2831	96.87774523	1.10467191e-11
2832	96.97086165	6.180167489e-12
2833	97.17356906	2.092626072e-11
2834	97.48418435	8.795886242e-11
2835	97.90006139	2.246525188e-11
2836	98.41761705	1.797351157e-11
2837	99.03236547	1.649913539e-11
2838	99.73896044	-2.260369669e-11
2839	100.5312454	5.915601342e-11
2840	101.4023103	-5.209521703e-11
2841	102.3445558	5.173461659e-11
2842	103.3497625	1.36517464e-11
2843	104.4091667	8.537925922e-11
2844	105.5135395	1.043032327e-11
2845	106.6532712	9.316791783e-11
2846	107.8184585	2.15190088e-11
2847	108.9989932	5.839106976e-12
2848	110.1846542	5.657163626e-11
2849	111.365199	-3.317790487e-12
2850	112.5304558	2.738009819e-11
2851	113.6704143	2.69784195e-12
2852	114.7753157	6.664446772e-11
2853	115.8357392	-2.25375274e-13
2854	116.8426862	3.350408839e-11
2855	117.7876601	5.353628652e-11
2856	118.6627414	-1.045097342e-11
2857	119.460658	3.798961146e-12
2858	120.1748488	-4.544808974e-11
2859	120.7995215	6.315215018e-11
2860	121.3297032	-6.906919481e-12
2861	121.7612836	6.58717525e-12
2862	122.0910501	-7.25020044e-12
2863	122.3167155	7.080180886e-11
2864	122.4369368	-1.643507552e-11
2865	122.4513258	4.243183582e-11
2866	122.3604513	8.010703212e-12
2867	122.165832	3.820943562e-12
2868	121.8699224	2.419842104e-12
2869	121.4760885	-5.24913446e-12
2870	120.9885774	-1.378808179e-11
2871	120.412477	7.76712028e-12
2872	119.7536704	1.535127581e-11
2873	119.0187813	2.028599511e-12
2874	118.2151145	1.158406704e-11
2875	117.3505892	2.976907609e-11
2876	116.4336674	-4.583000646e-12
2877	115.473278	2.119415754e-11
2878	114.4787356	-4.833600187e-11
2879	113.4596576	2.954392286e-11
2880	112.425877	4.806821607e-12
2881	111.3873547	2.108224706e-11
2882	110.3540899	-2.280398093e-11
2883	109.3360308	8.882983238e-11
2884	108.3429853	1.815569917e-11
2885	107.3845336	-4.550937405e-11
2886	106.4699426	4.967581901e-12
2887	105.6080828	1.486721857e-11
2888	104.8073496	7.425215998e-11
2889	104.0755883	-2.946753952e-11
2890	103.4200238	7.00488556e-11
2891	102.8471969	3.347899735e-11
2892	102.3629057	9.872858087e-11
2893	101.9721537	1.794786542e-11
2894	101.679106	9.580825022e-11
2895	101.4870518	8.5602192e-11
2896	101.3983749	5.098410583e-11
2897	101.4145335	6.535927355e-11
2898	101.5360462	2.963052026e-11
2899	101.7624883	9.946665713e-11
2900	102.0924949	2.67150746e-11
2901	102.5237737	8.144018793e-11
2902	103.0531252	1.084110579e-11
2903	103.6764712	8.126344042e-11
2904	104.3888911	6.410871833e-11
2905	105.1846659	-6.547207221e-12
2906	106.0573288	2.520428311e-11
2907	106.9997232	1.178035447e-11
2908	108.0040661	6.506528649e-11
2909	109.0620175	4.322764369e-12
2910	110.1647547	3.952971284e-11
2911	111.3030508	5.128741876e-11
2912	112.4673572	6.184386336e-11
2913	113.6478882	9.162448578e-12
2914	114.8347088	-6.856959445e-11
2915	116.0178227	2.142019895e-11
2916	117.1872621	-2.763345108e-11
2917	118.3331763	1.13344889e-11
2918	119.4459195	-1.387645554e-11
2919	120.5161376	-6.982858736e-12
2920	121.5348514	7.408296199e-12
2921	122.4935371	1.272670858e-11
2922	123.3842028	1.009237138e-11
2923	124.19946	-8.527489825e-11
2924	124.9325902	6.238609629e-11
2925	125.5776051	-5.424993788e-12
2926	126.129301	5.106493006e-11
2927	126.5833054	-4.492051175e-11
2928	126.9361172	7.22346627e-11
2929	127.1851385	2.75957035e-12
2930	127.3286984	5.910383294e-11
2931	127.366069	-4.0556003e-11
2932	127.2974725	4.670219766e-11
2933	127.1240804	6.498801497e-12
2934	126.8480037	-2.230482465e-11
2935	126.472275	-2.891820117e-11
2936	126.000822	-2.147526601e-11
2937	125.4384339	-8.268941087e-13
2938	124.7907188	-1.7557511e-11
2939	124.0640548	1.243538605e-11
2940	123.2655334	-3.728573006e-12
2941	122.4028969	9.965361869e-12
2942	121.4844699	-1.011990491e-11
2943	120.5190853	-4.879030513e-11
2944	119.5160054	5.329603425e-11
2945	118.4848397	-7.691625115e-13
2946	117.4354593	4.274891552e-11
2947	116.3779078	9.580780613e-12
2948	115.3223122	8.075762281e-11
2949	114.2787917	2.319833214e-11
2950	113.2573666	6.885514381e-11
2951	112.2678682	1.60760294e-11
2952	111.31985	-1.893418755e-11
2953	110.4225017	6.515232798e-11
2954	109.5845651	-1.615596545e-12
2955	108.8142556	7.214673303e-12
2956	108.1191863	-1.406785799e-11
2957	107.5062992	8.794387441e-11
2958	106.9818012	1.811706341e-11
2959	106.5511062	4.550848587e-11
2960	106.2187856	2.855315984e-11
2961	105.9885249	1.253441795e-10
2962	105.863089	3.76667586e-11
2963	105.8442947	2.102140684e-11
2964	105.9329933	3.340616672e-11
2965	106.1290599	5.679989812e-11
2966	106.431393	5.332978503e-11
2967	106.8379219	5.205702536e-11
2968	107.3456233	5.63851188e-11
2969	107.9505464	6.179767809e-11
2970	108.6478463	6.488587445e-11
2971	109.4318257	5.120259772e-11
2972	110.2959842	5.598188579e-12
2973	111.233075	4.209965709e-11
2974	112.2351686	-1.252331572e-11
2975	113.2937226	2.24673613e-11
2976	114.3996574	-1.114752735e-11
2977	115.5434366	1.899191915e-11
2978	116.7151525	1.012523398e-12
2979	117.9046139	4.982148027e-11
2980	119.1014383	-5.089262345e-13
2981	120.2951445	-2.736744165e-11
2982	121.4752475	-4.694022948e-12
2983	122.6313532	-1.235633817e-11
2984	123.7532524	6.966871524e-12
2985	124.8310139	6.248335183e-12
2986	125.8550751	3.342215393e-12
2987	126.8163294	9.610090501e-13
2988	127.7062096	3.388755943e-11
2989	128.5167673	1.533440042e-11
2990	129.2407466	1.120525894e-11
2991	129.8716513	-5.758948873e-12
2992	130.4038063	-3.908517954e-11
2993	130.8324107	2.340261318e-11
2994	131.1535845	-9.531841982e-11
2995	131.3644057	2.141131716e-11
2996	131.4629398	-5.337152942e-11
2997	131.4482601	4.32436309e-11
2998	131.3204589	-7.683631509e-12
2999	131.0806493	7.318057271e-11
3000	130.7309583	1.312372433e-11
3001	130.2745105	8.18900503e-13
3002	129.7154019	3.405187243e-11
3003	129.0586661	-1.642952441e-11
3004	128.3102308	2.651034947e-11
3005	127.4768668	-9.176659432e-12
3006	126.5661285	6.234568417e-11
3007	125.5862873	3.206324095e-12
3008	124.546259	4.39968062e-11
3009	123.4555235	1.604050226e-11
3010	122.3240408	1.575362063e-11
3011	121.1621614	2.719158232e-11
3012	119.9805328	8.419931419e-12
3013	118.7900033	2.94928526e-11
3014	117.6015238	1.334399258e-11
3015	116.4260477	5.402078784e-11
3016	115.2744311	6.094591498e-11
3017	114.1573331	4.835598588e-11
3018	113.0851176	2.079847405e-11
3019	112.067758	6.235367778e-11
3020	111.1147442	7.308198491e-11
3021	110.2349946	1.286437623e-11
3022	109.4367723	4.725908553e-11
3023	108.7276073	-2.109601382e-11
3024	108.1142255	6.285816312e-11
3025	107.6024841	2.783551167e-12
3026	107.1973152	3.6374459e-11
3027	106.9026774	3.455014053e-13
3028	106.7215166	7.938449897e-11
3029	106.6557352	2.286082434e-11
3030	106.7061716	-5.201172826e-12
3031	106.8725885	1.986766307e-11
3032	107.1536718	1.385558335e-12
3033	107.547039	4.043521074e-11
3034	108.0492576	3.015276917e-11
3035	108.6558727	5.666400682e-11
3036	109.3614448	7.189804307e-12
3037	110.1595966	8.662492945e-11
3038	111.0430681	3.043343355e-11
3039	112.0037807	-8.513190153e-12
3040	113.0329085	-1.526156979e-11
3041	114.1209571	-1.476951894e-11
3042	115.257849	2.873434823e-11
3043	116.4330137	-2.046629533e-11
3044	117.6354842	2.956390688e-11
3045	118.8539963	-1.006839057e-11
3046	120.0770912	3.996802889e-11
3047	121.293221	7.021938586e-12
3048	122.4908545	9.302780768e-12
3049	123.6585838	4.078870575e-11
3050	124.7852302	1.275601846e-11
3051	125.8599476	4.585132274e-11
3052	126.8723245	-1.30384592e-11
3053	127.8124814	5.266720393e-11
3054	128.6711638	2.473399263e-11
3055	129.4398301	5.469225073e-11
3056	130.1107329	-2.415845302e-12
3057	130.6769937	6.26450003e-11
3058	131.1326694	4.262368236e-11
3059	131.4728103	-1.792344051e-11
3060	131.69351	1.067768096e-11
3061	131.7919448	-1.886490963e-12
3062	131.7664036	2.465938564e-11
3063	131.6163081	-2.80770962e-11
3064	131.3422217	-6.96331881e-13
3065	130.9458484	-1.965538843e-11
3066	130.4300214	3.181810371e-11
3067	129.7986804	-9.077183449e-12
3068	129.056839	-5.442402085e-11
3069	128.2105423	1.434052876e-11
3070	127.266814	-3.363886947e-11
3071	126.233595	1.549871342e-11
3072	125.119673	-3.177191843e-11
3073	123.9346035	4.803091258e-11
3074	122.688624	1.772093583e-11
3075	121.3925614	4.384759222e-11
3076	120.0577333	3.996802889e-12
3077	118.6958444	2.211564265e-12
3078	117.3188795	3.983657848e-11
3079	115.9389925	-1.116085002e-11
3080	114.5683943	1.97140082e-11
3081	113.2192394	3.169731144e-11
3082	111.9035122	6.204281533e-11
3083	110.6329155	3.535305382e-11
3084	109.41876	2.003375243e-11
3085	108.2718577	3.737810061e-11
3086	107.2024197	6.565059607e-11
3087	106.2199588	6.055067558e-11
3088	105.3331985	-2.897415641e-11
3089	104.5499886	5.835154582e-11
3090	103.8772297	2.100719598e-11
3091	103.320805	8.003731011e-11
3092	102.8855218	8.828493492e-13
3093	102.5750637	7.334222119e-11
3094	102.3919516	4.094502515e-11
3095	102.3375166	9.04218922e-11
3096	102.4118834	5.198508291e-11
3097	102.6139652	-2.003730515e-11
3098	102.9414696	4.821032462e-11
3099	103.3909159	1.327471466e-11
3100	103.9576637	6.111022799e-11
3101	104.6359528	9.97602001e-12
3102	105.4189525	6.515321616e-11
3103	106.2988229	1.830713359e-11
3104	107.2667842	7.961276083e-11
3105	108.3131961	2.890132578e-11
3106	109.4276453	-1.658051474e-11
3107	110.5990403	3.474553978e-11
3108	111.8157134	-5.44631007e-12
3109	113.0655278	4.79971618e-11
3110	114.3359903	-5.583089546e-12
3111	115.6143671	6.820144449e-11
3112	116.8878026	-2.078337502e-13
3113	118.1434396	7.08144654e-11
3114	119.36854	-3.464961651e-11
3115	120.5506051	7.655742706e-11
3116	121.6774937	4.584777002e-12
3117	122.7375372	1.596944799e-12
3118	123.7196512	-2.420819101e-11
3119	124.6134415	8.215650382e-12
3120	125.4093039	9.972467296e-12
3121	126.0985179	3.554490036e-12
3122	126.673331	2.258815357e-11
3123	127.127035	5.114664248e-11
3124	127.4540332	5.474731779e-11
3125	127.649896	4.356159877e-11
3126	127.711407	-3.00364178e-11
3127	127.6365972	1.089262014e-11
3128	127.424768	-2.392575027e-11
3129	127.0765012	2.808420163e-11
3130	126.5936589	-2.19078089e-11
3131	125.9793694	2.786926245e-11
3132	125.2380021	-1.934452598e-12
3133	124.3751307	3.330669074e-11
3134	123.3974845	-6.364686556e-12
3135	122.3128886	-2.361666418e-11
3136	121.1301941	2.418687473e-11
3137	119.8591976	-2.887823314e-11
3138	118.5105523	1.69730896e-11
3139	117.0956702	8.153477893e-13
3140	115.6266168	6.114220241e-11
3141	114.1159996	-4.103384299e-12
3142	112.5768508	4.468247994e-11
3143	111.0225056	2.937916577e-11
3144	109.4664778	9.866774064e-11
3145	107.9223322	5.476508136e-11
3146	106.4035572	1.385558335e-12
3147	104.9234371	3.479350141e-11
3148	103.4949258	4.344080651e-11
3149	102.130524	6.196820834e-11
3150	100.8421594	2.104982855e-11
3151	99.64107203	5.570299777e-11
3152	98.53770659	6.334310854e-11
3153	97.54161089	8.172840182e-11
3154	96.6613431	8.855138844e-11
3155	95.90438786	2.934541499e-12
3156	95.27708234	7.776890243e-11
3157	94.78455296	3.18678417e-11
3158	94.43066334	1.014353046e-10
3159	94.21797406	3.12958548e-11
3160	94.14771472	8.130207618e-11
3161	94.21976843	4.826716804e-11
3162	94.4326691	1.065494359e-10
3163	94.7836115	5.471711972e-11
3164	95.26847408	1.170619157e-11
3165	95.88185427	5.939782e-11
3166	96.61711618	4.836664402e-11
3167	97.46645007	6.83453294e-11
3168	98.42094314	4.538591725e-11
3169	99.47066108	6.473932501e-11
3170	100.6047395	6.093792138e-11
3171	101.8114846	5.411848747e-11
3172	103.0784817	4.811795407e-11
3173	104.3927114	-1.087485657e-11
3174	105.7406718	5.829647876e-11
3175	107.1085048	-7.448264228e-12
3176	108.4821277	3.536015925e-11
3177	109.8473659	1.414868223e-11
3178	111.1900875	6.879652403e-11
3179	112.4963382	-3.193889597e-12
3180	113.7524742	4.147970856e-11
3181	114.9452927	1.675459771e-11
3182	116.0621595	7.480593922e-11
3183	117.0911297	1.691091711e-12
3184	118.0210644	-2.135003285e-11
3185	118.8417381	-1.326228016e-11
3186	119.5439389	2.028421875e-11
3187	120.1195591	1.077005152e-11
3188	120.5616752	-2.045830172e-11
3189	120.8646169	6.895817251e-12
3190	121.0240249	2.105338126e-11
3191	121.0368958	3.429967421e-11
3192	120.9016142	-1.160138652e-11
3193	120.6179718	-4.149391941e-11
3194	120.1871737	2.122924059e-11
3195	119.6118297	-3.155697925e-11
3196	118.8959342	1.966249386e-11
3197	118.0448311	1.532463045e-11
3198	117.0651666	5.162803518e-11
3199	115.9648292	9.261924561e-12
3200	114.7528782	3.913136482e-11
3201	113.4394596	4.867573011e-11
3202	112.0357129	-5.151434834e-14
3203	110.5536669	3.127453851e-11
3204	109.0061277	-1.268496419e-11
3205	107.4065584	7.394973522e-11
3206	105.7689522	2.123456966e-11
3207	104.1077007	7.940847979e-11
3208	102.4374573	4.785505325e-12
3209	100.7729981	1.046789322e-10
3210	99.12908153	4.568256884e-11
3211	97.52030725	1.073381384e-10
3212	95.96097667	2.830624624e-11
3213	94.46495575	5.7685412e-11
3214	93.04554166	7.178257988e-11
3215	91.71533458	6.493827698e-11
3216	90.48611587	8.597034196e-11
3217	89.36873369	7.675460267e-11
3218	88.37299739	1.114148773e-10
3219	87.50758151	8.110845329e-11
3220	86.77994039	1.088800161e-10
3221	86.19623438	5.09068343e-11
3222	85.76126812	2.814992683e-11
3223	85.47844171	4.140154886e-11
3224	85.3497153	2.192557247e-11
3225	85.37558723	6.451905676e-11
3226	85.55508625	4.244249396e-11
3227	85.88577775	6.187050872e-11
3228	86.36378402	3.489120104e-11
3229	86.98381842	9.851675031e-11
3230	87.73923307	4.210143345e-11
3231	88.62207978	4.485833927e-11
3232	89.62318349	4.216360594e-11
3233	90.73222767	4.735234427e-11
3234	91.9378509	5.137401615e-11
3235	93.2277536	6.073896941e-11
3236	94.58881403	6.994049784e-11
3237	96.00721245	4.714806323e-11
3238	97.46856218	3.714717423e-11
3239	98.95804643	7.683276237e-11
3240	100.4605595	6.999201219e-11
3241	101.9608512	4.707878531e-11
3242	103.4436725	-3.230660184e-11
3243	104.8939223	7.927702939e-11
3244	106.296792	-1.351807555e-11
3245	107.6379088	8.323297607e-11
3246	108.9034738	-5.080380561e-12
3247	110.0803958	6.781064599e-11
3248	111.1564185	1.688427176e-11
3249	112.1202391	8.435740995e-11
3250	112.9616193	2.695976775e-11
3251	113.671485	-6.332712132e-12
3252	114.2420157	2.253308651e-11
3253	114.6667222	1.616839995e-11
3254	114.9405109	4.21280788e-11
3255	115.0597357	8.384404282e-13
3256	115.022235	2.97113445e-11
3257	114.8273559	1.399413918e-11
3258	114.4759627	4.644640228e-11
3259	113.9704311	4.374633988e-11
3260	113.3146287	-2.003908151e-11
3261	112.5138798	2.815170319e-11
3262	111.574917	-1.95043981e-12
3263	110.5058192	5.365841105e-11
3264	109.3159359	1.015187934e-11
3265	108.0157997	1.129052407e-11
3266	106.6170269	1.992361831e-11
3267	105.1322079	7.572076299e-11
3268	103.5747879	6.17355056e-11
3269	101.9589386	5.030464933e-11
3270	100.2994237	4.455102953e-11
3271	98.61145751	3.274180926e-11
3272	96.91055969	6.868638991e-11
3273	95.21240648	8.894218695e-12
3274	93.5326802	6.062350622e-11
3275	91.88691853	4.699529654e-11
3276	90.29036486	8.456702005e-11
3277	88.75782132	4.787104046e-11
3278	87.30350579	1.181366116e-10
3279	85.9409143	5.86979354e-11
3280	84.68269022	5.163158789e-11
3281	83.54050146	8.438938437e-11
3282	82.52492686	8.866329892e-11
3283	81.64535289	7.060130258e-11
3284	80.90988183	6.059508451e-11
3285	80.32525199	1.022097962e-10
3286	79.89677114	9.532463707e-11
3287	79.62826356	9.777423315e-11
3288	79.52203133	6.53859189e-11
3289	79.57883026	5.50883783e-11
3290	79.79786071	1.004423211e-10
3291	80.17677336	7.214673303e-11
3292	80.71169001	7.979572558e-11
3293	81.39723907	4.16715551e-11
3294	82.2266056	1.159694563e-10
3295	83.19159528	6.827072241e-11
3296	84.28271176	7.485390086e-11
3297	85.48924677	2.569144897e-11
3298	86.79938191	4.778577534e-11
3299	88.20030142	7.399769686e-11
3300	89.67831456	-2.068034632e-11
3301	91.21898677	5.507416745e-11
3302	92.80727797	6.654765627e-11
3303	94.42768704	8.668266105e-11
3304	96.0644008	1.016431384e-11
3305	97.70144624	5.31912292e-11
3306	99.32284444	6.225775451e-11
3307	100.9127647	6.294875732e-11
3308	102.4556775	1.165822994e-11
3309	103.9365044	-2.446043368e-11
3310	105.3407644	6.004263753e-11
3311	106.6547137	1.124433879e-12
3312	107.8654796	4.718181401e-11
3313	108.9611852	-1.809574712e-11
3314	109.9310648	3.134736914e-11
3315	110.7655692	2.305711178e-12
3316	111.4564587	4.812328314e-11
3317	111.9968839	-5.670131031e-12
3318	112.3814527	-4.510170015e-11
3319	112.606284	4.351363714e-11
3320	112.6690461	2.102495955e-11
3321	112.5689804	2.383160336e-11
3322	112.3069102	-7.283063042e-13
3323	111.8852337	7.372591426e-11
3324	111.307902	4.199307568e-11
3325	110.5803822	6.689049314e-11
3326	109.7096057	3.414157845e-11
3327	108.7039019	4.234479434e-11
3328	107.5729189	2.063060833e-11
3329	106.327531	3.107558655e-11
3330	104.9797346	5.154277005e-11
3331	103.5425326	7.538503155e-11
3332	102.0298096	3.18678417e-11
3333	100.456198	5.393019364e-11
3334	98.83693699	7.152323178e-11
3335	97.18772559	7.746336905e-11
3336	95.524571	6.501821304e-11
3337	93.86363397	7.481304465e-11
3338	92.22107256	3.892708378e-11
3339	90.6128858	8.90345575e-11
3340	89.05475888	7.247891176e-11
3341	87.56191117	7.701217442e-11
3342	86.14894879	3.557687478e-11
3343	84.82972295	1.105107117e-10
3344	83.61719559	7.404210578e-11
3345	82.52331355	9.351097674e-11
3346	81.55889248	4.960298838e-11
3347	80.73351175	5.974243322e-11
3348	80.05542118	1.154738527e-10
3349	79.53146075	5.685762972e-11
3350	79.16699378	6.490097348e-11
3351	78.96585457	6.483347192e-11
3352	78.93031075	1.308428921e-10
3353	79.0610408	6.351186244e-11
3354	79.35712702	7.592149132e-11
3355	79.81606397	6.578204648e-11
3356	80.43378229	4.130384923e-11
3357	81.20468769	6.544098596e-11
3358	82.12171483	3.292655038e-11
3359	83.17639533	8.500578019e-11
3360	84.35893958	4.697398026e-11
3361	85.65833126	7.522160672e-11
3362	87.06243387	2.784616981e-11
3363	88.55810809	8.013856245e-11
3364	90.13133894	4.905587048e-11
3365	91.76737144	7.752021247e-11
3366	93.45085346	2.245315045e-11
3367	95.16598444	5.382361223e-11
3368	96.89666838	6.922817875e-11
3369	98.62666983	4.579803203e-11
3370	100.3397712	1.94013694e-11
3371	102.0199297	2.720668135e-11
3372	103.6514333	9.143974466e-11
3373	105.2190522	4.861533398e-11
3374	106.7081871	4.16342516e-11
3375	108.1050102	3.132427651e-11
3376	109.3965994	2.642508434e-11
3377	110.571063	2.429345614e-11
3378	111.6176553	-2.756195272e-11
3379	112.5268804	3.679190286e-11
3380	113.2905838	6.181721801e-13
3381	113.9020312	2.028599511e-11
3382	114.3559738	-2.189182169e-11
3383	114.6486984	4.405364962e-11
3384	114.778063	-1.197975052e-11
3385	114.7435173	-3.445776997e-11
3386	114.5461073	-2.557953849e-12
3387	114.1884644	3.257838443e-12
3388	113.6747799	3.417000016e-11
3389	113.0107627	2.656719289e-11
3390	112.2035843	3.582911745e-11
3391	111.2618077	9.141132296e-12
3392	110.195304	6.3579364e-11
3393	109.015156	6.922817875e-11
3394	107.7335495	7.756284504e-11
3395	106.3636549	5.307754236e-11
3396	104.9194984	5.720224294e-11
3397	103.4158254	8.887468539e-11
3398	101.8679566	8.139267038e-12
3399	100.2916391	6.55795418e-11
3400	98.7028927	7.633715882e-11
3401	97.11785418	1.109334846e-10
3402	95.55262039	6.230393979e-11
3403	94.02309162	8.071410207e-11
3404	92.54481711	1.000053373e-10
3405	91.13284408	2.819078304e-11
3406	89.80157162	6.248512818e-11
3407	88.56461106	1.897149104e-11
3408	87.43465407	9.022116387e-11
3409	86.42334978	5.130118552e-11
3410	85.54119214	9.932321632e-11
3411	84.79741861	1.046167597e-10
3412	84.19992113	8.484590808e-11
3413	83.7551703	9.517719946e-11
3414	83.46815339	5.215028409e-11
3415	83.34232693	1.048512388e-10
3416	83.3795842	4.587974445e-11
3417	83.58023795	9.186607031e-11
3418	83.9430186	4.354916427e-11
3419	84.46508784	4.720135394e-11
3420	85.14206745	3.847588914e-11
3421	85.96808323	7.184297601e-11
3422	86.93582332	6.972200595e-11
3423	88.03661061	8.316902722e-12
3424	89.26048836	5.886846566e-11
3425	90.59631817	3.758060529e-11
3426	92.03188946	5.130829095e-11
3427	93.55403924	1.433875241e-11
3428	95.1487811	6.809131037e-11
3429	96.80144203	5.192291042e-11
3430	98.49680593	6.363976013e-11
3431	100.2192621	1.953281981e-11
3432	101.9529577	8.901324122e-11
3433	103.681952	6.355804771e-12
3434	105.3903715	3.567990348e-11
3435	107.0625648	3.528910497e-11
3436	108.6832539	5.6878946e-11
3437	110.2376829	1.017852469e-11
3438	111.7117608	3.527844683e-11
3439	113.0921975	3.626254852e-11
3440	114.3666324	1.080735501e-11
3441	115.5237535	1.895372748e-11
3442	116.5534057	-5.208278253e-12
3443	117.4466884	2.393463205e-11
3444	118.1960402	3.645084234e-11
3445	118.7953107	1.996980359e-11
3446	119.239818	3.559108563e-11
3447	119.5263926	-5.506706202e-13
3448	119.6534054	3.786126967e-11
3449	119.6207816	4.267874942e-11
3450	119.4299986	4.966693723e-11
3451	119.0840695	8.384404282e-13
3452	118.587511	-2.234656904e-11
3453	117.9462968	6.684430787e-11
3454	117.1677971	-2.765787599e-11
3455	116.260704	4.298073009e-11
3456	115.2349451	-2.840039315e-11
3457	114.1015837	7.33209049e-11
3458	112.8727096	-3.517897085e-11
3459	111.5613187	4.692424227e-11
3460	110.1811847	-1.109867753e-11
3461	108.7467236	5.73727732e-11
3462	107.2728511	-1.012168127e-11
3463	105.7748365	3.039346552e-11
3464	104.2681527	4.801492537e-11
3465	102.7683249	1.84918747e-11
3466	101.2907785	4.795097652e-11
3467	99.8506886	5.307398965e-11
3468	98.46283246	3.629807566e-11
3469	97.14144552	3.715783237e-11
3470	95.90008342	6.109956985e-11
3471	94.75149076	6.847145073e-11
3472	93.70747809	1.058708676e-11
3473	92.77880825	9.548628555e-11
3474	91.97509317	3.64650532e-11
3475	91.30470217	4.065725534e-11
3476	90.77468255	4.012079557e-11
3477	90.39069335	1.066382538e-10
3478	90.15695277	6.299671895e-11
3479	90.07619983	5.943334713e-11
3480	90.1496706	5.975664408e-11
3481	90.37708921	8.591527489e-11
3482	90.75667363	6.038902711e-11
3483	91.28515626	4.704503453e-11
3484	91.95781901	7.62803154e-11
3485	92.76854249	1.083968471e-10
3486	93.70986886	6.531664098e-11
3487	94.77307764	7.315037465e-11
3488	95.94827372	8.876099855e-11
3489	97.22448671	8.181544331e-11
3490	98.58978062	5.925926416e-11
3491	100.0313727	7.513634159e-11
3492	101.5357603	3.764810685e-11
3493	103.0888546	5.531575198e-11
3494	104.6761198	3.166888973e-11
3495	106.282716	4.975930779e-11
3496	107.8936453	1.488942303e-11
3497	109.4938987	6.678391173e-11
3498	111.0686026	3.818101391e-11
3499	112.6031643	5.05160358e-11
3500	114.0834136	3.100808499e-11
3501	115.4957404	3.261035886e-11
3502	116.8272263	4.541433896e-11
3503	118.0657689	-2.228262019e-11
3504	119.2001982	-5.456968211e-12
3505	120.2203831	3.536371196e-11
3506	121.1173278	5.396572078e-11
3507	121.8832564	-1.223554591e-11
3508	122.5116856	-1.892885848e-11
3509	122.9974845	4.988010005e-12
3510	123.3369209	-4.747491289e-11
3511	123.5276934	-3.227285106e-11
3512	123.56895	-3.405276061e-11
3513	123.4612921	-2.245670316e-11
3514	123.2067639	-3.107913926e-11
3515	122.8088282	-1.742250788e-11
3516	122.2723279	-5.517364343e-12
3517	121.6034345	-8.384404282e-12
3518	120.8095831	2.40234499e-11
3519	119.8993956	2.924949172e-11
3520	118.8825925	5.180567086e-11
3521	117.7698937	-2.770050855e-11
3522	116.5729105	2.546940436e-11
3523	115.3040284	6.178169087e-12
3524	113.9762831	3.25428573e-11
3525	112.6032305	-1.964650664e-12
3526	111.1988119	7.413092362e-11
3527	109.7772156	7.251088618e-12
3528	108.3527369	4.196820669e-11
3529	106.9396373	2.722799763e-11
3530	105.5520045	5.440625728e-11
3531	104.2036146	-1.804778549e-11
3532	102.9077978	2.56079602e-11
3533	101.6773091	5.707789796e-11
3534	100.5242046	8.267520002e-11
3535	99.45972571	5.830003147e-11
3536	98.49419161	4.654410191e-11
3537	97.63690079	8.861178458e-11
3538	96.89604346	4.357403327e-11
3539	96.27862496	5.568168149e-11
3540	95.79040111	4.206057724e-11
3541	95.43582624	4.018119171e-11
3542	95.21801406	4.050448865e-11
3543	95.13871201	3.869615739e-11
3544	95.19828916	5.850253615e-11
3545	95.39573768	1.825029017e-11
3546	95.72868798	7.176481631e-11
3547	96.19343716	7.418066161e-11
3548	96.7849905	4.520828156e-11
3549	97.49711562	2.52704524e-11
3550	98.32240857	6.451372769e-11
3551	99.25237123	8.815348451e-11
3552	100.2774993	2.0882851e-11
3553	101.3873798	4.816769206e-11
3554	102.570797	8.835954191e-11
3555	103.8158466	9.924860933e-11
3556	105.1100549	5.926636959e-11
3557	106.4405045	4.430589229e-11
3558	107.7939631	8.816769537e-11
3559	109.1570153	-3.801403636e-12
3560	110.5161949	2.870947924e-11
3561	111.8581184	-1.413980044e-11
3562	113.1696159	6.467715252e-11
3563	114.4378603	-2.831512802e-11
3564	115.6504919	1.142552719e-11
3565	116.7957379	-1.772804126e-11
3566	117.8625264	-1.859135068e-11
3567	118.8405918	-1.407940431e-11
3568	119.7205725	-6.37356834e-12
3569	120.4940992	9.496403663e-12
3570	121.1538726	-3.741362775e-11
3571	121.6937306	5.208278253e-12
3572	122.1087035	-1.603339683e-11
3573	122.3950579	-7.894129794e-12
3574	122.5503272	-2.095035256e-11
3575	122.5733298	-2.625455409e-12
3576	122.4641749	-7.105427358e-12
3577	122.2242552	-1.226752033e-11
3578	121.8562264	-2.899014362e-12
3579	121.3639751	-2.643218977e-12
3580	120.7525741	-4.077804761e-11
3581	120.0282266	-4.821032462e-12
3582	119.1981989	1.788791337e-11
3583	118.2707433	3.143441063e-11
3584	117.2550114	-1.596234256e-11
3585	116.1609594	-2.335909244e-11
3586	114.9992449	2.438582669e-11
3587	113.781118	2.920330644e-12
3588	112.5183071	-2.764011242e-11
3589	111.2229001	8.412825991e-12
3590	109.9072231	2.764011242e-12
3591	108.5837165	4.972378065e-11
3592	107.2648122	2.419753287e-11
3593	105.9628097	4.988365276e-11
3594	104.6897553	-7.840839089e-12
3595	103.4573243	6.921396789e-11
3596	102.2767072	5.30349098e-11
3597	101.1585016	8.258993489e-11
3598	100.1126107	1.246291959e-11
3599	99.14814858	3.82840426e-11
3600	98.2733548	8.201794799e-11
3601	97.49551756	4.024869327e-11
3602	96.82090692	3.711875252e-11
3603	96.25471856	4.645528406e-11
3604	95.80102856	1.06325615e-10
3605	95.46275957	7.851852502e-11
3606	95.24165869	4.028066769e-11
3607	95.1382872	6.269118558e-11
3608	95.1520222	1.852384912e-11
3609	95.28106997	9.052669725e-11
3610	95.52249107	2.26485497e-11
3611	95.87223662	6.447820056e-11
3612	96.32519548	7.659650691e-12
3613	96.87525179	8.317257993e-11
3614	97.51535215	3.641531521e-11
3615	98.23758177	1.231370561e-11
3616	99.03324882	-5.55289148e-12
3617	99.89297598	2.437872126e-11
3618	100.8067983	4.265743314e-11
3619	101.7642662	2.184918912e-12
3620	102.7545532	1.848476927e-11
3621	103.7665657	4.278888355e-11
3622	104.789056	7.457146012e-12
3623	105.8107352	1.69073644e-11
3624	106.8203862	4.051514679e-11
3625	107.8069752	5.612221798e-11
3626	108.7597604	-2.557598577e-11
3627	109.6683976	3.015188099e-11
3628	110.5230404	-2.754063644e-11
3629	111.3144355	-4.302336265e-12
3630	112.0340108	-3.733902076e-11
3631	112.6739562	-2.415845302e-13
3632	113.2272966	-1.018918283e-11
3633	113.6879554	3.97903932e-13
3634	114.0508091	-2.455990966e-11
3635	114.3117314	-1.577049602e-11
3636	114.4676277	-3.663913617e-11
3637	114.5164579	-5.274003456e-11
3638	114.4572498	-9.777068044e-12
3639	114.2901002	-5.233147249e-12
3640	114.0161664	2.401634447e-12
3641	113.6376465	3.7658765e-13
3642	113.1577496	4.248690288e-11
3643	112.5806554	-5.75539616e-13
3644	111.9114657	2.978595148e-11
3645	111.1561452	2.38955522e-11
3646	110.3214553	3.896616363e-11
3647	109.41488	-1.295674679e-11
3648	108.444545	3.03366221e-11
3649	107.4191309	3.124256409e-11
3650	106.3477812	5.208278253e-12
3651	105.2400074	-1.321254217e-11
3652	104.1055896	2.923883358e-11
3653	102.9544762	3.5115022e-11
3654	101.7966826	3.696598583e-11
3655	100.6421894	-9.49285095e-12
3656	99.50084271	4.758504701e-11
3657	98.38225561	-3.886668765e-12
3658	97.2957136	5.028510941e-11
3659	96.25008368	6.075140391e-11
3660	95.25372866	6.548006581e-11
3661	94.31442714	-6.380673767e-12
3662	93.43930023	1.421796014e-11
3663	92.63474546	6.572520306e-11
3664	91.90637875	-3.504041501e-11
3665	91.25898467	8.117950756e-12
3666	90.69647575	1.617550538e-11
3667	90.22186094	5.982414564e-11
3668	89.83722359	1.464428578e-11
3669	89.54370907	2.90363289e-11
3670	89.34152208	4.73221462e-11
3671	89.22993365	3.248956659e-11
3672	89.20729748	1.560351848e-11
3673	89.27107573	9.446665672e-12
3674	89.41787351	5.598010944e-11
3675	89.64348202	7.311484751e-12
3676	89.94292946	5.249845003e-11
3677	90.31053946	3.991473818e-11
3678	90.73999613	3.750244559e-11
3679	91.22441507	2.16857643e-11
3680	91.7564196	7.391420809e-11
3681	92.32822132	4.943245813e-11
3682	92.93170413	6.800959795e-11
3683	93.55851086	3.439382112e-11
3684	94.20013156	6.215827852e-11
3685	94.84799246	-2.09610107e-13
3686	95.49354479	6.512479445e-11
3687	96.12835247	4.389733022e-11
3688	96.74417771	6.245315376e-11
3689	97.33306382	-1.712407993e-12
3690	97.8874142	1.533706495e-11
3691	98.40006681	4.636291351e-11
3692	98.8643635	1.156408302e-11
3693	99.27421322	-1.559286034e-11
3694	99.62414888	7.585043704e-12
3695	99.90937701	2.751932016e-11
3696	100.12582	-2.820854661e-12
3697	100.2701502	9.055867167e-12
3698	100.3398164	1.965716478e-11
3699	100.3330612	-4.864020298e-11
3700	100.2489306	2.398081733e-12
3701	100.0872744	3.106848112e-11
3702	99.84873885	1.437427954e-11
3703	99.53475061	-2.423661272e-11
3704	99.14749284	-9.002576462e-12
3705	98.68987361	2.025046797e-12
3706	98.16548701	-1.917399572e-11
3707	97.5785675	-1.421085472e-13
3708	96.933938	-2.180300385e-11
3709	96.2369524	2.119193709e-11
3710	95.49343306	-5.247358104e-12
3711	94.70960407	2.528111054e-11
3712	93.89202109	3.915090474e-12
3713	93.04749837	-4.78159734e-11
3714	92.18303396	1.250199944e-11
3715	91.30573379	1.865529953e-11
3716	90.42273548	1.617550538e-11
3717	89.5411327	-1.303135377e-11
3718	88.66790095	7.023714943e-12
3719	87.80982536	4.611422355e-11
3720	86.97343149	-6.426859045e-12
3721	86.16491966	3.595701514e-11
3722	85.3901036	5.115907697e-12
3723	84.65435395	5.801226166e-11
3724	83.96254721	2.50111043e-12
3725	83.31902067	2.521360898e-11
3726	82.72753364	1.132605121e-11
3727	82.19123542	3.343103572e-12
3728	81.71264027	2.414068945e-11
3729	81.29360957	5.948308512e-11
3730	80.93534124	6.856382129e-11
3731	80.63836654	2.224354034e-11
3732	80.40255415	4.483524663e-11
3733	80.22712141	7.738165664e-11
3734	80.11065256	3.95807831e-11
3735	80.05112361	4.889599836e-11
3736	80.04593364	6.445333156e-11
3737	80.09194196	9.04876174e-11
3738	80.18551078	6.994227419e-11
3739	80.32255276	4.580869017e-11
3740	80.49858296	3.431921414e-11
3741	80.70877447	3.116085168e-11
3742	80.94801714	2.930278242e-11
3743	81.21097871	5.884359666e-11
3744	81.49216754	3.331734888e-11
3745	81.78599636	4.499156603e-11
3746	82.08684628	3.392486292e-11
3747	82.38913024	6.941291986e-11
3748	82.68735535	-1.388755777e-11
3749	82.97618328	5.554312565e-11
3750	83.25048821	3.950262339e-11
3751	83.50541153	6.723865908e-11
3752	83.73641285	-8.355982573e-12
3753	83.93931675	4.593658787e-11
3754	84.11035471	4.410338761e-11
3755	84.24620188	2.858513426e-11
3756	84.34400835	1.601918598e-11
3757	84.40142451	4.612132898e-11
3758	84.41662035	6.297540267e-11
3759	84.38829857	2.227196205e-11
3760	84.31570134	7.240430477e-12
3761	84.19861075	-5.233147249e-12
3762	84.03734299	7.048583939e-12
3763	83.8327364	3.965183737e-11
3764	83.58613361	1.539035566e-11
3765	83.29935798	-4.813927035e-12
3766	82.97468477	1.617550538e-11
3767	82.61480727	-9.460876527e-12
3768	82.22279853	3.444355912e-11
3769	81.80206906	-3.598898957e-11
3770	81.35632101	1.248423587e-11
3771	80.88949948	-1.058708676e-11
3772	80.40574159	4.798295095e-11
3773	79.90932374	-3.263878057e-11
3774	79.404608	3.667466331e-11
3775	78.89598791	-1.570299446e-12
3776	78.38783472	1.473665634e-11
3777	77.88444439	-2.143707434e-11
3778	77.38998618	5.672617931e-11
3779	76.90845329	2.709654723e-11
3780	76.44361622	1.287503437e-11
3781	75.99897937	-1.167066443e-11
3782	75.57774135	3.45963258e-11
3783	75.1827594	8.860467915e-12
3784	74.8165185	1.532640681e-11
3785	74.48110522	3.819167205e-12
3786	74.17818695	1.02069464e-11
3787	73.90899633	3.415223659e-11
3788	73.67432141	-2.440714297e-12
3789	73.47450134	1.910649416e-11
3790	73.30942775	-1.151079232e-12
3791	73.17855175	4.846612001e-11
3792	73.08089638	5.140421422e-11
3793	73.01507438	4.500577688e-11
3794	72.97931105	2.025046797e-11
3795	72.97147176	7.65147945e-11
3796	72.989094	9.688605473e-11
3797	73.02942321	1.350386469e-11
3798	73.08945233	3.506528401e-11
3799	73.16596413	8.289902098e-11
3800	73.25557623	1.056861265e-10
3801	73.35478784	4.727951364e-11
3802	73.46002796	5.69571057e-11
3803	73.56770416	9.571721193e-11
3804	73.67425155	7.530687185e-11
3805	73.77618118	5.21005461e-11
3806	73.87012741	7.498002219e-11
3807	73.95289344	1.021476237e-10
3808	74.02149465	7.818812264e-11
3809	74.07319911	5.201528097e-11
3810	74.10556477	7.227640708e-11
3811	74.11647277	6.276934528e-11
3812	74.10415667	7.963407711e-11
3813	74.06722697	2.592770443e-11
3814	74.00469083	3.92184063e-11
3815	73.91596653	2.508571129e-11
3816	73.8008927	3.2621017e-11
3817	73.65973195	2.665245802e-11
3818	73.49316911	-1.998046173e-11
3819	73.30230379	3.625189038e-11
3820	73.08863762	2.876632266e-11
3821	72.85405606	3.965183737e-11
3822	72.60080526	-2.091837814e-11
3823	72.3314639	4.305888979e-12
3824	72.0489107	3.190336884e-11
3825	71.75628771	-1.220357149e-11
3826	71.45695999	-7.343459174e-12
3827	71.15447201	1.994493459e-11
3828	70.85250154	2.498268259e-11
3829	70.55481129	-7.197797913e-12
3830	70.26519914	-1.083577672e-11
3831	69.98744742	2.949818168e-11
3832	69.72527201	-2.471978178e-11
3833	69.48227172	-2.36610731e-12
3834	69.26187869	3.648636948e-12
3835	69.0673105	4.594014058e-11
3836	68.90152446	-1.977795705e-11
3837	68.76717471	3.594990972e-11
3838	68.66657278	3.43867157e-11
3839	68.60165201	4.969891165e-11
3840	68.57393642	2.546585165e-11
3841	68.58451429	4.948574883e-11
3842	68.6340171	2.954436695e-11
3843	68.72260381	5.030997841e-11
3844	68.84995102	4.328981618e-11
3845	69.01524901	5.994138519e-11
3846	69.2172039	-1.630695579e-12
3847	69.45404584	6.075850933e-11
3848	69.72354332	6.285105769e-11
3849	70.02302344	4.151701205e-11
3850	70.34939796	-5.414335646e-12
3851	70.69919489	2.557953849e-11
3852	71.06859535	6.850697787e-11
3853	71.45347521	3.5139891e-11
3854	71.84945121	3.546318794e-11
3855	72.2519309	4.040856538e-11
3856	72.65616602	7.871392427e-11
3857	73.05730857	5.417533089e-11
3858	73.45046901	7.354827858e-11
3859	73.83077592	5.990230534e-11
3860	74.19343643	4.97628605e-11
3861	74.53379662	7.152323178e-11
3862	74.84740135	6.718181567e-11
3863	75.1300526	4.561329092e-11
3864	75.37786574	3.127809123e-11
3865	75.58732297	5.546496595e-11
3866	75.75532335	4.854783242e-11
3867	75.8792286	5.464073638e-12
3868	75.95690427	4.161293532e-11
3869	75.98675563	8.990141964e-11
3870	75.96775775	5.818279192e-11
3871	75.89947941	5.665512504e-11
3872	75.78210044	4.217071137e-11
3873	75.61642217	9.299583326e-11
3874	75.40387078	1.820410489e-11
3875	75.14649343	5.662670333e-11
3876	74.84694707	5.649880563e-11
3877	74.50847996	9.189804473e-11
3878	74.13490603	1.934097327e-11
3879	73.73057223	5.431388672e-11
3880	73.30031916	5.383427037e-11
3881	72.84943533	1.658762017e-11
3882	72.38360545	1.582378673e-11
3883	71.90885335	4.631317552e-11
3884	71.43147992	5.030642569e-11
3885	70.9579969	2.268762955e-11
3886	70.49505706	1.135802563e-11
3887	70.04938158	9.158895864e-12
3888	69.62768542	1.411137873e-11
3889	69.23660143	1.155342488e-11
3890	68.88260411	3.234390533e-11
3891	68.57193384	2.414779487e-11
3892	68.31052239	4.136424536e-11
3893	68.10392073	2.957278866e-11
3894	67.95722976	2.097522156e-11
3895	67.87503493	-1.576339059e-11
3896	67.86134557	5.060485364e-11
3897	67.91953951	2.609112926e-11
3898	68.05231387	3.807087978e-11
3899	68.26164254	-2.293987222e-11
3900	68.54874099	4.545341881e-11
3901	68.91403888	1.970690278e-11
3902	69.35716088	9.819700608e-12
3903	69.87691609	-1.090683099e-11
3904	70.47129626	3.483080491e-11
3905	71.13748291	2.253486286e-11
3906	71.87186358	1.11413101e-11
3907	72.67005698	6.377121053e-12
3908	73.52694694	3.54276608e-11
3909	74.43672503	-1.528732696e-11
3910	75.39294139	-2.151168133e-11
3911	76.38856335	6.410161291e-11
3912	77.41604139	7.951328485e-11
3913	78.46738172	2.670574872e-11
3914	79.53422491	4.11652934e-11
3915	80.60792966	6.042455425e-11
3916	81.67966101	8.744294178e-11
3917	82.74048205	1.464428578e-11
3918	83.78144805	4.214939509e-11
3919	84.79370232	5.292832839e-11
3920	85.7685725	9.236345022e-11
3921	86.69766639	2.724220849e-11
3922	87.57296626	4.897060535e-11
3923	88.38692057	2.845013114e-11
3924	89.13253216	9.566747394e-11
3925	89.80344172	7.035438898e-11
3926	90.39400585	5.662670333e-11
3927	90.89936856	2.464517479e-11
3928	91.31552544	9.59410329e-11
3929	91.63937977	6.459544011e-11
3930	91.86878972	5.505640388e-11
3931	92.00260616	2.313882419e-11
3932	92.0407004	9.346479146e-11
3933	91.98398158	8.398615137e-11
3934	91.83440322	1.002256056e-10
3935	91.59495883	4.513012186e-11
3936	91.26966649	8.627765169e-11
3937	90.86354224	1.731947918e-11
3938	90.38256262	5.55822055e-11
3939	89.83361654	2.891198392e-11
3940	89.22444674	4.347455729e-11
3941	88.56358153	1.833910801e-11
3942	87.86025713	4.610356541e-11
3943	87.12433161	1.47259982e-11
3944	86.366191	2.523492526e-11
3945	85.59664851	4.883204952e-11
3946	84.82683792	3.697664397e-11
3947	84.06810204	2.325606374e-11
3948	83.33187755	1.510613856e-11
3949	82.62957716	2.014033385e-11
3950	81.97247042	2.480859962e-11
3951	81.37156445	-6.671996289e-12
3952	80.83748575	1.632827207e-11
3953	80.38036437	3.482014677e-11
3954	80.00972172	2.474465077e-11
3955	79.73436321	1.229949476e-11
3956	79.56227692	-1.188737997e-11
3957	79.50053942	5.161027161e-11
3958	79.55522984	2.952305067e-12
3959	79.73135316	6.284750498e-12
3960	80.03277365	-2.290079237e-11
3961	80.46215932	6.727773894e-11
3962	81.020938	2.965094836e-11
3963	81.70926581	4.354205885e-11
3964	82.52600828	5.75539616e-13
3965	83.46873466	4.697398026e-11
3966	84.53372562	1.267252969e-11
3967	85.71599428	3.468514365e-11
3968	87.0093207	2.223998763e-12
3969	88.40629946	5.56070745e-11
3970	89.8984002	-5.684341886e-14
3971	91.47604037	4.440892099e-11
3972	93.1286699	-1.099209612e-11
3973	94.84486678	4.440892099e-12
3974	96.61244286	2.637179364e-11
3975	98.41855882	-1.355004997e-11
3976	100.2498473	-1.762145985e-11
3977	102.0925427	3.154454475e-11
3978	103.9326173	6.890843451e-11
3979	105.7559209	-1.796252036e-11
3980	107.5483238	1.535838123e-11
3981	109.2958614	5.590194974e-11
3982	110.9848788	6.696865285e-11
3983	112.6021734	6.604494729e-12
3984	114.1351353	1.957545237e-11
3985	115.571883	6.375699968e-11
3986	116.9013929	4.324007818e-11
3987	118.1136219	4.805755793e-11
3988	119.1996212	9.915623878e-12
3989	120.1516406	7.621991926e-11
3990	120.9632211	2.546585165e-11
3991	121.6292756	4.282441068e-11
3992	122.1461569	2.234656904e-11
3993	122.5117114	5.045208695e-11
3994	122.725318	3.049294151e-11
3995	122.7879121	3.984368391e-11
3996	122.7019939	3.144151606e-11
3997	122.4716206	4.936850928e-11
3998	122.1023834	5.458034025e-11
3999	121.6013671	5.49569279e-11
4000	120.977096	1.751843115e-11
4001	120.2394628	8.655476336e-11
4002	119.3996438	4.753886174e-11
4003	118.4699997	8.874323498e-11
4004	117.4639635	1.087840928e-11
4005	116.3959158	5.765699029e-11
4006	115.2810502	4.196820669e-11
4007	114.1352272	3.5971226e-11
4008	112.9748219	4.916955731e-12
4009	111.8165628	3.860378683e-11
4010	110.677367	3.520028713e-11
4011	109.5741706	-2.2595259e-12
4012	108.5237573	1.860556154e-11
4013	107.5425877	3.80495635e-12
4014	106.6466284	1.978861519e-11
4015	105.851186	-1.027444796e-11
4016	105.170745	2.037126023e-11
4017	104.6188126	-5.094591415e-12
4018	104.2077722	-1.724842491e-11
4019	103.948746	-1.974953534e-11
4020	103.8514699	4.745714932e-11
4021	103.9241804	1.032773866e-11
4022	104.1735156	1.426414542e-11
4023	104.6044321	2.228617291e-11
4024	105.2201369	3.73745479e-11
4025	106.0220375	-2.852829084e-12
4026	107.0097085	1.154631946e-11
4027	108.1808776	-6.895817251e-12
4028	109.531429	1.655564574e-12
4029	111.0554264	-1.836752972e-11
4030	112.7451539	4.231992534e-11
4031	114.5911753	-9.432454817e-12
4032	116.5824122	1.751487844e-12
4033	118.7062382	-3.61275454e-11
4034	120.9485904	-2.234656904e-11
4035	123.2940964	5.506706202e-12
4036	125.7262153	6.75015599e-12
4037	128.2273926	-1.769251412e-11
4038	130.7792256	7.993605777e-12
4039	133.3626403	3.533884296e-11
4040	135.9580757	1.085354029e-11
4041	138.545675	-1.038102937e-11
4042	141.1054822	-3.314681862e-12
4043	143.6176403	3.426947615e-11
4044	146.0625917	2.188826898e-11
4045	148.4212763	2.426148171e-11
4046	150.6753274	-6.476597036e-12
4047	152.8072616	2.122746423e-11
4048	154.8006622	5.950440141e-11
4049	156.6403532	-8.419931419e-13
4050	158.3125625	2.209077365e-11
4051	159.8050727	1.091748913e-11
4052	161.1073571	5.710631967e-11
4053	162.2107006	-8.157030607e-12
4054	163.1083028	2.928146614e-11
4055	163.7953639	5.229594535e-12
4056	164.2691497	4.113331897e-11
4057	164.529038	-1.755040557e-12
4058	164.5765432	5.507416745e-11
4059	164.4153199	4.870770454e-12
4060	164.0511455	5.332623232e-12
4061	163.4918809	-3.890221478e-12
4062	162.7474101	1.40261136e-11
4063	161.8295587	-1.071143174e-11
4064	160.7519931	1.033839681e-12
4065	159.5300991	-2.309263891e-13
4066	158.1808435	1.703170938e-11
4067	156.7226176	-2.099653784e-11
4068	155.175066	2.349764827e-11
4069	153.5589005	-2.091837814e-11
4070	151.8957024	2.396660648e-11
4071	150.2077144	1.239897074e-12
4072	148.5176234	3.786126967e-11
4073	146.848338	-1.588063014e-12
4074	145.222761	3.546674066e-11
4075	143.6635611	-8.562039966e-13
4076	142.1929439	-1.010036499e-11
4077	140.8324261	1.80513382e-11
4078	139.6026152	2.324895831e-11
4079	138.5229961	2.734523719e-11
4080	137.6117264	-1.697486596e-11
4081	136.8854448	1.625011237e-11
4082	136.3590919	4.838796031e-12
4083	136.045747	2.144773248e-11
4084	135.9564823	-3.56870089e-11
4085	136.1002354	1.843503128e-11
4086	136.483703	-6.117772955e-12
4087	137.1112552	2.471622906e-11
4088	137.9848727	-6.217248938e-12
4089	139.1041078	1.399769189e-12
4090	140.4660689	8.192557743e-12
4091	142.065429	7.33990646e-12
4092	143.8944591	-1.286792894e-11
4093	145.9430858	3.485212119e-12
4094	148.1989724	-1.385558335e-11
4095	150.6476234	-8.530065543e-12
