4096
0	170.6808107	0
1	175.9396902	-5.329070518e-14
2	182.1836065	-7.460698725e-14
3	188.7040535	-2.131628207e-14
4	194.393605	-7.460698725e-14
5	198.508954	4.263256415e-14
6	201.1497882	-7.105427358e-15
7	203.1730675	-5.329070518e-14
8	205.6221914	-8.526512829e-14
9	209.0453178	-1.456612608e-13
10	213.1328667	-8.881784197e-14
11	216.8958218	-2.060573934e-13
12	219.2677439	1.065814104e-14
13	219.7531827	-5.329070518e-14
14	218.7202073	-4.97379915e-14
15	217.1567773	3.907985047e-14
16	216.0416802	-2.842170943e-14
17	215.7183646	-1.776356839e-13
18	215.6602059	-1.527666882e-13
19	214.7792543	3.907985047e-14
20	212.1012431	-7.105427358e-14
21	207.4068958	2.842170943e-14
22	201.4576022	2.451372438e-13
23	195.6707173	3.730349363e-13
24	191.4362577	3.268496584e-13
25	189.4755039	-1.385558335e-13
26	189.607937	1.776356839e-14
27	191.0386531	2.842170943e-14
28	192.9603154	0
29	195.076921	9.947598301e-14
30	197.715894	7.105427358e-14
31	201.4638939	-8.881784197e-14
32	206.5736403	-8.171241461e-14
33	212.5481682	1.421085472e-14
34	218.2105686	-3.126388037e-13
35	222.2648957	-2.273736754e-13
36	224.0304105	-2.167155344e-13
37	223.8901888	-3.268496584e-13
38	223.1355908	-1.563194019e-13
39	223.2398114	1.421085472e-13
40	224.9523782	-3.659295089e-13
41	227.7520477	-7.638334409e-13
42	230.0251142	-5.364597655e-13
43	229.9313915	-6.8567374e-13
44	226.5076221	-2.664535259e-13
45	220.3814738	-6.785683127e-13
46	213.646507	-4.938272014e-13
47	208.8969633	-4.263256415e-13
48	207.8975416	-8.064660051e-13
49	210.5975002	-7.567280136e-13
50	215.0476543	-1.254107929e-12
51	218.3128068	-1.669775429e-13
52	217.9392232	-7.389644452e-13
53	213.2283131	-1.069366817e-12
54	205.6559527	-2.202682481e-13
55	198.2178885	-3.161915174e-13
56	194.0383818	-8.562039966e-13
57	194.9523998	3.907985047e-14
58	200.7646692	-1.271871497e-12
59	209.5145109	-4.902744877e-13
60	218.5448088	-6.892264537e-13
61	225.7759323	-2.700062396e-13
62	230.5271411	-7.140954494e-13
63	233.5216167	-6.217248938e-13
64	236.1765152	-1.026734253e-12
65	239.6513067	-1.353583912e-12
66	244.2079654	-1.591615728e-12
67	249.2017611	-1.26476607e-12
68	253.6270437	-1.556088591e-12
69	256.8254163	-1.389111048e-12
70	258.9022884	-7.958078641e-13
71	260.611301	-1.243449788e-12
72	262.8112983	-1.211475364e-12
73	265.8631034	-1.43884904e-12
74	269.3579105	-9.698908343e-13
75	272.3495411	-3.7658765e-13
76	273.9411935	-1.06226139e-12
77	273.85404	-1.069366817e-12
78	272.616241	-5.542233339e-13
79	271.2471487	-1.119104809e-12
80	270.6255455	-1.200817223e-12
81	270.9291183	-2.486899575e-14
82	271.4932704	-1.456612608e-12
83	271.1845908	-8.881784197e-13
84	269.0720276	1.634248292e-13
85	264.9973985	-1.342925771e-12
86	259.7068841	-7.887024367e-13
87	254.470031	-5.790923296e-13
88	250.4210392	2.309263891e-13
89	248.020532	2.842170943e-13
90	246.9546597	-1.055155963e-12
91	246.5122173	-1.502797886e-12
92	246.1798051	5.400124792e-13
93	246.0571134	-3.090860901e-13
94	246.8079947	-9.166001291e-13
95	249.1618422	-1.350031198e-12
96	253.2802097	4.76063633e-13
97	258.4150017	-1.207922651e-12
98	263.1274421	-1.30384592e-12
99	265.9961354	1.282529638e-12
100	266.4211716	-2.56861199e-12
101	265.0313421	-1.85451654e-12
102	263.399949	-7.531752999e-13
103	263.1702077	-1.065814104e-14
104	265.0570853	-8.704148513e-13
105	268.3063995	1.12976295e-12
106	270.9695649	-2.238209618e-12
107	270.9035502	-8.419931419e-13
108	266.9793307	-1.314504061e-12
109	259.8269066	-9.84101689e-13
110	251.6643443	-1.460165322e-12
111	245.2454658	-1.939781669e-12
112	242.4520918	-2.50111043e-12
113	243.2768318	-1.524114168e-12
114	245.7598112	-5.542233339e-13
115	246.9471916	-3.726796649e-12
116	244.3958417	-3.517186542e-12
117	237.4522182	-7.247535905e-13
118	227.6465039	-4.440892099e-13
119	218.0045268	-2.36610731e-12
120	211.6402607	-1.229238933e-12
121	210.3505763	-1.275424211e-12
122	213.9055534	-3.517186542e-13
123	220.3397491	-1.470823463e-12
124	227.0228522	-1.307398634e-12
125	231.9088937	-1.449507181e-12
126	234.3252855	-8.562039966e-13
127	234.9646788	-2.586375558e-12
128	235.1970156	-2.152944489e-12
129	236.1670456	-1.580957587e-12
130	238.201028	-2.561506562e-12
131	240.8069694	-3.169020601e-12
132	243.1762797	-3.101519042e-12
133	244.8091806	-2.941646926e-12
134	245.8513459	-1.474376177e-12
135	246.9473014	-2.660982545e-12
136	248.7387978	-2.817301947e-12
137	251.3603812	-1.790567694e-12
138	254.2757626	-1.215028078e-12
139	256.5709634	-1.794120408e-12
140	257.5218133	-1.804778549e-12
141	257.0728287	-1.23634436e-12
142	255.9143264	-2.064126647e-12
143	255.0931216	-1.296740493e-12
144	255.3844341	-1.289635065e-12
145	256.8067927	-1.683986284e-12
146	258.5810188	-9.308109838e-13
147	259.5667743	8.526512829e-14
148	258.919193	-7.602807273e-13
149	256.5727564	-2.98427949e-12
150	253.2642611	4.76063633e-13
151	250.0887127	-1.971756092e-12
152	247.8686066	-3.232969448e-13
153	246.730891	-5.790923296e-13
154	246.1541448	-6.075140391e-13
155	245.449665	-2.238209618e-13
156	244.3584109	9.592326933e-13
157	243.359298	-2.010835942e-12
158	243.4547015	-4.725109193e-13
159	245.5293003	-5.506706202e-13
160	249.6676003	-2.131628207e-12
161	254.8788173	-5.044853424e-13
162	259.4613553	-1.268318783e-12
163	261.859026	-5.86197757e-13
164	261.5408994	-5.815792292e-12
165	259.3764913	-2.09610107e-12
166	257.2326081	-2.874145366e-12
167	256.9564267	-6.998845947e-13
168	259.2830202	2.131628207e-14
169	263.2904833	-3.375077995e-13
170	266.7551786	-1.946887096e-12
171	267.2699967	-4.018119171e-12
172	263.5493965	-1.822542117e-12
173	256.2087103	-1.318056775e-12
174	247.5617608	-3.403499704e-12
175	240.5013444	8.597567103e-13
176	237.0304288	-3.943512183e-12
177	237.2190911	-4.749978189e-12
178	239.1527932	-3.947064897e-12
179	239.9190268	-1.872280109e-12
180	237.1299594	-2.302158464e-12
181	230.1949097	-7.034373084e-13
182	220.6899453	-2.170708058e-12
183	211.6471716	-2.891908935e-12
184	206.144567	-4.167333145e-12
185	205.9204564	-1.620037438e-12
186	210.6906738	-2.238209618e-12
187	218.4519027	-1.200817223e-12
188	226.5376947	-1.023181539e-12
189	232.8350042	-2.351896455e-12
190	236.5483759	-3.318234576e-12
191	238.2014596	-2.380318165e-13
192	239.0013096	-1.559641305e-12
193	240.0106642	-2.902567076e-12
194	241.6115687	-2.923883358e-12
195	243.5063714	-5.623945754e-12
196	245.1519229	-4.767741757e-12
197	246.274747	-1.858069254e-12
198	247.1075222	-6.128431096e-12
199	248.2054057	-3.442579555e-12
200	249.9936924	-5.744738019e-12
201	252.3774619	-3.382183422e-12
202	254.6997118	-3.048228336e-12
203	256.1011247	-4.224176564e-12
204	256.0647587	-3.058886477e-12
205	254.796362	-1.961097951e-12
206	253.1818165	-6.867395541e-12
207	252.3225459	-2.43360887e-12
208	252.916055	-1.769251412e-12
209	254.854412	-1.090683099e-12
210	257.2890627	9.237055565e-13
211	259.1290712	-2.902567076e-12
212	259.6737996	-4.067857162e-12
213	258.9957477	-3.247180302e-12
214	257.8410532	3.236522161e-12
215	257.1140278	1.06226139e-12
216	257.2746733	-6.643574579e-13
217	258.0390933	1.275424211e-12
218	258.5880002	-3.304023721e-12
219	258.1660287	-4.952482868e-12
220	256.6922632	-3.577582675e-12
221	254.9687403	-1.328714916e-12
222	254.3022244	7.105427358e-15
223	255.7173435	-8.171241461e-13
224	259.2181171	-2.820854661e-12
225	263.5711547	-3.716138508e-12
226	266.8088373	-5.229594535e-12
227	267.2316243	-2.103206498e-12
228	264.3682701	-2.09610107e-12
229	259.3296757	6.266986929e-12
230	254.2997933	-4.323652547e-12
231	251.3858571	-4.028777312e-12
232	251.4319451	-4.586553359e-12
233	253.4589834	-1.637801006e-12
234	255.080493	-7.922551504e-13
235	253.7174756	-2.714273251e-12
236	247.9854591	-2.408739874e-12
237	238.5068621	-7.862155371e-12
238	227.689774	-4.270361842e-12
239	218.5616838	-1.591615728e-12
240	213.2582071	-5.066169706e-12
241	211.9620209	-3.542055538e-12
242	212.8562757	-6.252776075e-12
243	213.1222946	-5.247358104e-12
244	210.4613448	-3.18678417e-12
245	204.3496104	-4.469313808e-12
246	196.3850322	-5.24380539e-12
247	189.5666175	1.776356839e-14
248	186.8970616	-2.138733635e-12
249	190.0254709	-1.179500941e-12
250	198.587025	-1.083577672e-12
251	210.5025061	-2.678746114e-12
252	223.0005779	3.446132268e-13
253	233.7905051	-4.913403018e-12
254	241.8065756	-4.840572387e-12
255	247.2414514	-7.043254868e-12
256	250.9946712	-4.932942943e-12
257	253.9492222	-3.179678743e-12
258	256.5078171	-4.741096404e-12
259	258.5912893	-5.877964782e-12
260	259.9858245	-4.925837516e-12
261	260.7215431	-4.861888669e-12
262	261.1865905	-7.274181257e-12
263	261.8957349	-4.328981618e-12
264	263.089292	-7.727152251e-12
265	264.4665774	-6.364686556e-12
266	265.2758028	-6.203038083e-12
267	264.7448543	-8.080647262e-12
268	262.6004592	-8.153477893e-13
269	259.3431083	-3.577582675e-12
270	256.0790573	-3.499422974e-12
271	253.9798139	-2.168931701e-12
272	253.6765303	-7.100098287e-12
273	254.9502405	-4.65938399e-12
274	256.9089169	-3.813838134e-12
275	258.548112	-3.685940442e-12
276	259.3535214	5.577760476e-13
277	259.5717571	-1.437072683e-12
278	259.9764964	-1.300293206e-12
279	261.2730543	-3.126388037e-12
280	263.5214393	-2.33235653e-12
281	265.9639811	-2.987832204e-12
282	267.4041783	-2.408739874e-12
283	266.93631	-9.595879646e-12
284	264.5821555	-4.344968829e-12
285	261.4103056	-3.421263273e-12
286	259.0004283	-3.126388037e-13
287	258.5107851	-9.912071164e-13
288	259.877412	-2.831512802e-12
289	261.6447115	-4.28279634e-12
290	261.5959473	-5.38413758e-12
291	257.8948906	-4.371614182e-12
292	250.1282264	-3.543831895e-12
293	239.6489158	-1.920241743e-12
294	228.9770062	-1.904254532e-12
295	220.5305159	-2.685851541e-12
296	215.3486814	-4.339639759e-12
297	212.5067392	-2.039257652e-12
298	209.5704925	2.664535259e-13
299	203.8824622	-3.536726467e-12
300	194.0121921	-6.821210263e-13
301	180.5974219	-5.21005461e-12
302	166.115768	-5.826450433e-12
303	153.6936164	-7.904787935e-13
304	145.5740512	-3.854694341e-12
305	142.0493065	-2.041034008e-12
306	141.4162154	3.542055538e-12
307	140.9704019	-4.733990977e-12
308	138.5101402	-4.515499086e-12
309	133.5642643	-3.618438882e-12
310	127.7196947	4.440892099e-14
311	123.9052851	-5.471179065e-13
312	125.0243844	1.875832822e-12
313	132.6351976	4.76063633e-13
314	146.3078991	1.756816914e-12
315	163.9017685	-2.684075184e-12
316	182.5300202	-2.218669692e-12
317	199.6717427	-1.344702127e-12
318	213.895767	-4.185096714e-12
319	224.9434468	-5.256239888e-12
320	233.2911303	-7.107203714e-12
321	239.5612472	-5.72164538e-12
322	244.1502108	-4.366285111e-12
323	247.2254827	-8.741452007e-12
324	248.9707148	-5.611511256e-12
325	249.8039816	-5.844214002e-12
326	250.3470893	-7.151612635e-12
327	251.1329562	-7.654321621e-12
328	252.2533168	-1.040412201e-11
329	253.2212659	-6.462386182e-12
330	253.2000982	-9.254819133e-12
331	251.5091884	-1.575628517e-12
332	248.1170288	-4.671818488e-12
333	243.8074574	-4.073186233e-12
334	239.8840473	-7.574385563e-12
335	237.5557206	-1.529443239e-12
336	237.3517656	2.806643806e-12
337	238.9130626	-3.206324095e-12
338	241.2893705	3.156586104e-12
339	243.5659099	1.204369937e-12
340	245.4336212	-5.751843446e-12
341	247.3409003	1.81543669e-12
342	250.1160723	-2.462030579e-12
343	254.2830902	-9.39692768e-13
344	259.503901	-2.025046797e-12
345	264.5311722	-1.488587031e-12
346	267.760138	-2.485123218e-12
347	268.0957939	-9.821476965e-12
348	265.6264977	-4.59188243e-12
349	261.6655969	-3.920419545e-12
350	258.066796	7.931433288e-12
351	256.1480231	-1.541877737e-12
352	255.821589	-5.814015935e-12
353	255.4581653	1.366018409e-12
354	252.6281726	-7.759126675e-12
355	245.3709101	-3.176126029e-12
356	233.3177953	-4.583000646e-13
357	218.0361207	2.037481295e-12
358	202.3588718	-5.554667837e-12
359	189.0150119	-3.575806318e-12
360	179.2714171	1.799449478e-12
361	172.3160905	-2.822631018e-12
362	165.7311884	3.216982236e-12
363	156.8242081	2.167155344e-12
364	144.120874	-1.310951347e-12
365	128.2292542	3.332445431e-12
366	111.6158607	-6.814104836e-12
367	97.41314824	8.473222124e-13
368	87.89121938	-2.799538379e-12
369	83.39877821	2.930988785e-13
370	82.32072347	5.512035273e-12
371	82.05670958	9.414691249e-14
372	80.49167328	-2.691180612e-12
373	77.18820254	-5.671907388e-12
374	73.69912585	1.387334692e-12
375	72.87137377	6.330935776e-12
376	77.52646885	4.636291351e-13
377	89.18809647	6.819433906e-12
378	107.4504426	2.557953849e-12
379	130.211212	6.965095167e-12
380	154.5499829	5.506706202e-13
381	177.7553295	4.993339076e-12
382	198.0195658	-2.227551477e-12
383	214.5815608	-8.970602039e-12
384	227.4282732	1.27009514e-12
385	236.8692848	-6.290079568e-12
386	243.2775399	-3.90620869e-12
387	247.0912587	-9.720224625e-12
388	248.9477681	-5.009326287e-12
389	249.7225948	-1.431743613e-12
390	250.3341859	-1.275246575e-11
391	251.3763287	-7.448264228e-12
392	252.809763	-4.929390229e-12
393	253.9561282	-1.589661736e-11
394	253.8710334	-5.448086426e-12
395	251.9294079	-7.355893672e-12
396	248.2942893	-5.250910817e-12
397	243.9748228	-1.005417971e-12
398	240.4045339	-1.33226763e-12
399	238.7575753	-1.524114168e-12
400	239.3921303	-8.302691867e-12
401	241.7520377	-8.18900503e-12
402	244.7928257	-1.840305686e-12
403	247.6795908	-7.389644452e-13
404	250.3259421	-7.393197166e-12
405	253.423299	-1.010569406e-11
406	257.9126811	-5.915268275e-12
407	264.2021613	-1.147526518e-11
408	271.61846	-2.833289159e-12
409	278.4761427	-7.291944826e-12
410	282.7977761	-3.383959779e-12
411	283.3199825	-8.762768289e-12
412	280.2115026	-1.144861983e-11
413	275.0487046	3.442579555e-12
414	269.9927802	1.357136625e-12
415	266.574192	-3.803179993e-12
416	264.747737	-2.906119789e-12
417	262.7740091	-7.773337529e-12
418	258.0513969	-8.052225553e-12
419	248.4966069	-1.299227392e-11
420	233.7447426	-1.207922651e-13
421	215.504707	-7.229772336e-13
422	196.8407715	2.572164703e-12
423	180.7269732	1.589839371e-12
424	168.6232964	-8.437694987e-13
425	159.8263518	-3.446132268e-13
426	151.9435544	-2.263078613e-12
427	142.2436869	1.159250473e-11
428	129.1704722	-3.041122909e-12
429	113.2219345	-7.121414569e-12
430	96.74106523	6.403766406e-12
431	82.74506245	-3.227640377e-12
432	73.42614323	4.888534022e-12
433	69.11734808	-2.012612299e-12
434	68.25374062	1.667999072e-12
435	68.32410692	2.790656595e-12
436	67.2930327	-6.492584248e-12
437	64.74918651	2.668087973e-12
438	62.20729683	-4.28812541e-12
439	62.44781358	4.201083925e-12
440	68.264019	-2.95052871e-12
441	81.24712868	-2.007283229e-12
442	101.1597131	1.424638185e-12
443	126.101459	-1.087308021e-11
444	153.2685022	-6.567191235e-12
445	179.8660264	-4.238387419e-12
446	203.758248	-3.245403946e-12
447	223.6748605	-8.434142273e-12
448	239.0715535	-1.507416414e-11
449	249.8950907	-6.327383062e-12
450	256.4602677	-1.655386939e-11
451	259.4684686	-4.421352173e-12
452	260.0283977	-6.934897101e-12
453	259.5043268	-1.663202909e-11
454	259.141256	-4.177991286e-12
455	259.6102811	-6.524558671e-12
456	260.7380703	-6.712852496e-12
457	261.6319159	-1.503153158e-11
458	261.2000144	-6.725286994e-12
459	258.8199233	-3.870681553e-12
460	254.786081	-7.926104217e-12
461	250.2621956	-6.668443575e-12
462	246.7367707	-4.449773883e-12
463	245.2749948	-7.05924208e-12
464	245.9971603	-9.308109838e-12
465	248.0980748	-3.984368391e-12
466	250.4087922	-3.01803027e-12
467	252.1712059	-1.368682945e-11
468	253.5486936	-5.965006267e-12
469	255.5327289	-6.016520615e-12
470	259.2596148	-2.676969757e-12
471	265.1207553	-6.265210573e-12
472	272.2107646	-7.664979762e-12
473	278.4992579	-2.975397706e-12
474	281.708412	-8.153477893e-12
475	280.4541109	-5.357492228e-12
476	275.0138556	-8.068212765e-12
477	267.2488548	-1.02975406e-11
478	259.6573226	-6.181721801e-12
479	254.0278348	-5.009326287e-12
480	250.4159469	-5.426770144e-12
481	247.0274634	-8.515854688e-12
482	241.1186258	-1.435296326e-12
483	230.4687495	-4.69313477e-12
484	214.6507156	-1.135269656e-11
485	195.4091157	-3.769429213e-12
486	175.9190126	-4.94004837e-12
487	159.2941265	2.15827356e-12
488	147.1186322	-2.289723966e-12
489	138.7693053	-1.270450412e-11
490	131.8763907	2.575717417e-13
491	123.6681042	-3.128164394e-12
492	112.4809545	9.467981954e-13
493	98.64327081	3.28803651e-12
494	84.28694137	7.16582349e-12
495	72.21846249	7.460698725e-13
496	64.47207371	-7.862155371e-12
497	61.31550999	5.096367772e-12
498	61.21552259	3.135269822e-12
499	61.75085801	5.405453862e-12
500	60.97008306	1.611155653e-12
501	58.48662179	-3.861799769e-12
502	55.77428884	4.25437463e-12
503	55.55928149	-1.840305686e-12
504	60.65449184	6.414424547e-12
505	72.81527987	-5.17630383e-12
506	92.11486143	2.01794137e-12
507	117.0218002	5.737632591e-13
508	145.0079077	-3.270272941e-12
509	173.3141613	-3.787192782e-12
510	199.5355299	-9.794831612e-12
511	221.8888122	1.941558025e-12
512	239.2470511	-9.926282019e-12
513	251.119963	-2.128786036e-11
514	257.6920499	-8.956391184e-12
515	259.8748767	-1.397992833e-11
516	259.2204843	-1.593747356e-11
517	257.5747018	-1.158184659e-11
518	256.5132462	-1.612576739e-11
519	256.7899778	-1.283062545e-11
520	258.0968425	-7.336353747e-12
521	259.3162389	-3.607780741e-12
522	259.1876617	-1.102762326e-11
523	257.0601934	-3.598898957e-12
524	253.320652	-1.455369159e-11
525	249.2429161	-1.063860111e-11
526	246.323809	-5.300648809e-12
527	245.4740904	-9.491074593e-12
528	246.5354407	-6.442846257e-12
529	248.4212352	-1.033129138e-11
530	249.817841	-1.308464448e-11
531	250.0403962	-1.335287436e-11
532	249.5198798	-1.095656899e-11
533	249.5904959	-2.218669692e-12
534	251.6510386	-1.467892474e-11
535	256.1616189	-1.152322682e-11
536	262.0754942	2.284394895e-12
537	267.0969452	-1.062705479e-11
538	268.701501	-8.729905687e-12
539	265.405362	-7.785772027e-12
540	257.587989	-7.130296353e-12
541	247.3760477	-1.180477938e-11
542	237.5920635	-1.382094439e-11
543	230.2906637	-1.074074163e-11
544	225.6577332	-1.229594204e-11
545	221.8814592	-1.087840928e-11
546	216.0970562	-6.984635093e-12
547	205.9290895	-3.915978652e-12
548	190.822566	-6.358469307e-12
549	172.4529093	-3.627320666e-12
550	153.9876318	-3.845812557e-13
551	138.5804622	-9.991119043e-12
552	127.8837917	-3.91153776e-12
553	121.3497202	-2.120970066e-12
554	116.6650297	-7.989164885e-12
555	111.0637716	3.375077995e-14
556	102.8076984	-3.915978652e-12
557	92.05853229	3.107736291e-12
558	80.7122775	-2.24265051e-12
559	71.32745285	5.940137271e-12
560	65.75002602	1.144861983e-12
561	64.17164715	-5.921485524e-12
562	65.0986465	-1.617372902e-12
563	66.21352437	-2.196465232e-12
564	65.65217526	4.239275597e-12
565	63.03633058	5.146105764e-12
566	59.76731906	-7.412737091e-12
567	58.48864429	6.519229601e-13
568	62.03145032	-3.718803043e-12
569	72.35910055	6.252776075e-13
570	89.94732824	1.485922496e-12
571	113.7579685	2.364330953e-12
572	141.6666047	-3.924860437e-12
573	171.0501289	-1.361666335e-11
574	199.2831433	-2.339461957e-12
575	224.0596895	-1.01740838e-11
576	243.6107324	-7.161382598e-12
577	256.9207656	-1.086508661e-11
578	263.9514531	-1.557687312e-11
579	265.7479513	-1.330313637e-11
580	264.2567604	-2.346034478e-11
581	261.7865852	-1.437783226e-11
582	260.250731	-1.169819797e-11
583	260.5097776	-1.043787279e-11
584	262.1527007	-1.154720763e-11
585	263.8685061	-1.432098884e-11
586	264.2535399	-1.324718113e-11
587	262.6450973	-1.646238701e-11
588	259.5299038	-2.493116824e-12
589	256.2919475	-1.207478562e-11
590	254.4308826	-2.117239717e-11
591	254.6935715	-1.143796169e-11
592	256.6297755	-1.502442615e-11
593	258.8537944	-1.179589759e-11
594	259.8859699	-1.508126957e-11
595	259.0932307	-7.712053218e-12
596	257.1594783	-2.069189264e-11
597	255.7618879	-1.521893722e-11
598	256.5822201	-3.2596148e-12
599	260.1882412	-1.06759046e-11
600	265.4386411	-6.951772491e-12
601	269.8099534	-1.502087343e-11
602	270.5425193	-1.46478385e-11
603	266.0293266	-6.545874953e-12
604	256.697926	-1.48947521e-11
605	244.8740075	-4.646061313e-12
606	233.6494221	-1.2972734e-11
607	225.3207852	-8.801848139e-12
608	220.2164877	-1.46807011e-11
609	216.5431654	-1.183764198e-11
610	211.3498367	-1.429611984e-11
611	202.1135372	-1.716404796e-11
612	188.116253	-7.337241925e-12
613	170.8915609	-1.254818471e-11
614	153.5126138	-1.209077283e-11
615	139.1043645	-1.025757257e-11
616	129.3635217	-7.475797759e-12
617	123.8484549	-4.803268894e-12
618	120.3776457	-9.101164267e-12
619	116.2849162	-3.123723502e-12
620	109.8418002	-2.317257497e-12
621	101.0999255	-6.208367154e-12
622	91.74527905	-1.777245018e-12
623	84.09488864	-3.942624005e-12
624	79.8097309	1.090683099e-12
625	79.01587951	-2.854605441e-12
626	80.27517263	-6.323830348e-13
627	81.38223072	6.865619184e-12
628	80.54483258	-6.769695915e-12
629	77.34466342	-4.686917521e-12
630	73.03463706	-4.487077376e-12
631	70.09203045	-1.87139193e-12
632	71.3025032	-2.125410958e-12
633	78.8170568	-2.347455563e-12
634	93.5466514	-4.925837516e-12
635	115.0236945	-4.900080341e-12
636	141.6258628	-8.539835505e-12
637	170.9554624	-5.71009906e-12
638	200.2218156	-1.390354498e-11
639	226.6035263	-1.409272699e-11
640	247.650729	-1.889599588e-11
641	261.7521	-7.645439837e-12
642	268.5648608	-1.41540113e-11
643	269.1959277	-2.082778394e-11
644	265.9397932	-1.28821398e-11
645	261.554722	-1.844213671e-11
646	258.3112422	-1.515143566e-11
647	257.2226	-2.288880196e-11
648	257.8365144	-8.953726649e-12
649	258.7145575	-1.622613155e-11
650	258.3704221	-2.296784984e-11
651	256.1787569	-1.556710316e-11
652	252.7624769	-2.163780266e-11
653	249.6408181	-1.069588862e-11
654	248.3327355	-1.663469362e-11
655	249.4297044	-2.221867135e-11
656	252.1879759	-1.601918598e-11
657	254.9073572	-7.807976488e-12
658	255.9108081	-1.349320655e-11
659	254.572618	-1.511590852e-11
660	251.7811789	-1.89608329e-11
661	249.5170964	-2.31548114e-11
662	249.7256214	-1.333111399e-11
663	253.0860347	-8.192113654e-12
664	258.3816366	-9.615863661e-12
665	262.8783816	-2.268940591e-11
666	263.5772118	-7.917666522e-12
667	258.7105108	-1.354427681e-11
668	248.6863047	-1.102362646e-11
669	235.9498805	-2.36610731e-11
670	223.7980643	-1.862066057e-11
671	214.7436341	-2.94519964e-12
672	209.2788555	-3.753442002e-12
673	205.6862142	-2.103828223e-11
674	200.9951295	-2.874900318e-11
675	192.5802256	-3.078515221e-11
676	179.5636832	-1.832045626e-11
677	163.2979818	-8.136602503e-12
678	146.6999293	-9.795719791e-12
679	132.8120106	-1.127142824e-11
680	123.3580953	-1.164979224e-11
681	118.0352541	-6.230127525e-12
682	114.86865	-1.252553616e-11
683	111.3868422	-1.710098729e-11
684	105.9592817	-1.341593503e-11
685	98.58981834	-2.061328885e-11
686	90.78663457	8.872902413e-13
687	84.6364696	-2.060573934e-13
688	81.61982172	-9.553247082e-12
689	81.80441001	-1.653654991e-11
690	83.81549459	7.065459329e-13
691	85.55561945	8.855582934e-12
692	85.27189195	-3.483435762e-12
693	82.43544287	-5.574651851e-12
694	78.04690213	-1.550137796e-11
695	74.29987185	6.677325359e-12
696	73.8322858	4.590550162e-12
697	78.9229687	-8.10462808e-13
698	90.91614608	-2.454036974e-12
699	109.9687637	-8.95328256e-12
700	135.0522979	-7.704059612e-12
701	164.0962345	-6.892708626e-12
702	194.2285879	-2.072386707e-11
703	222.1589109	-3.129185799e-11
704	244.7581483	-3.575384433e-11
705	259.7816797	-5.985656415e-12
706	266.5207205	-2.29591901e-11
707	266.0775463	-1.396838201e-11
708	261.0415382	-2.148259348e-11
709	254.5934812	-2.975197866e-11
710	249.3650681	-1.71358483e-11
711	246.5538197	-3.585998165e-11
712	245.7156943	-1.854094656e-11
713	245.3394813	-2.248512487e-11
714	243.9045833	-8.190781386e-12
715	240.8584133	-8.937073304e-12
716	236.9819205	-1.778954761e-11
717	233.9417345	-3.252731418e-11
718	233.2832138	-4.219713468e-11
719	235.4460918	-9.76529968e-12
720	239.3900617	-8.50053361e-12
721	243.0843194	-2.067435112e-11
722	244.6202655	-2.427169576e-11
723	243.3286743	-2.719557912e-11
724	240.2448317	-1.814792761e-11
725	237.6046073	-1.866995447e-11
726	237.5935974	-1.678901462e-11
727	241.0115156	-2.514943809e-11
728	246.6007794	-3.058975295e-11
729	251.458161	-1.309019559e-11
730	252.3703868	-1.371502911e-11
731	247.4017839	-9.165335157e-12
732	236.8999965	-2.305489133e-11
733	223.3725202	-1.804745242e-11
734	210.2750899	1.976308006e-12
735	200.3280397	-1.277056239e-11
736	194.2279772	-2.115052578e-11
737	190.4132532	-2.911626495e-11
738	185.9857264	-1.291033946e-11
739	178.2878666	-1.883382339e-11
740	166.3053493	-1.202538069e-11
741	151.1803882	-1.635924729e-11
742	135.6079285	-7.398082147e-12
743	122.4760108	1.854738585e-12
744	113.4871855	-1.048383602e-11
745	108.4694173	-1.249345072e-11
746	105.6857984	-1.110977976e-11
747	102.9127136	6.106226635e-16
748	98.6697496	1.16326393e-11
749	92.94756593	-4.119038444e-12
750	87.08963965	-2.018585299e-11
751	82.95239403	-1.89642746e-11
752	81.83595939	-1.764749458e-11
753	83.75858427	-8.129441564e-12
754	87.42420838	-3.044675623e-12
755	90.85167965	-6.66508515e-12
756	92.31150004	-1.237321356e-11
757	91.11205004	-2.295130752e-11
758	87.91452679	7.795972201e-12
759	84.523314	-7.907979827e-13
760	83.33171471	-1.381494918e-11
761	86.68622484	-1.130126721e-11
762	96.36017207	-2.731953552e-12
763	113.1906664	-1.051423532e-11
764	136.8458002	-2.22578761e-11
765	165.7076504	-2.359537565e-11
766	196.9419612	-3.046288222e-11
767	226.8765674	-1.781752523e-11
768	251.7431775	-1.430383589e-11
769	268.6532047	-2.103162089e-11
770	276.4791424	-2.919375852e-11
771	276.2408923	-3.634570422e-11
772	270.74033	-1.991184995e-11
773	263.5117785	-2.788286269e-11
774	257.5035995	-2.830952139e-11
775	254.0792243	-3.664957227e-11
776	252.8035748	-3.429589945e-11
777	252.100536	-2.204902927e-11
778	250.4189119	-2.982092351e-11
779	247.2724836	-3.139766225e-11
780	243.5852685	-3.538891402e-11
781	241.1547642	-3.216305e-11
782	241.5422552	-2.860311987e-11
783	245.0342723	-2.964539725e-11
784	250.2972925	-2.472710925e-11
785	254.9685965	-2.745970118e-11
786	256.8931612	-3.939870652e-11
787	255.3280267	-1.406674777e-11
788	251.418635	-3.039923868e-11
789	247.6301292	-3.503519697e-11
790	246.3913052	-2.827360568e-11
791	248.6633869	-6.965983346e-12
792	253.2213546	-1.229438773e-11
793	257.0780005	-1.566258234e-11
794	256.8755302	-1.326982968e-11
795	250.5428295	-2.49926746e-11
796	238.3574728	-4.865441383e-12
797	222.851734	-5.589972929e-12
798	207.6033725	-1.105981973e-11
799	195.5328633	-1.845634756e-11
800	187.5787057	-2.652167375e-11
801	182.4115216	-1.429478758e-11
802	177.2949599	-1.993982757e-11
803	169.6070474	-2.139199928e-11
804	158.2149751	-1.907207725e-11
805	144.0096332	-1.874300715e-11
806	129.3767057	-5.67923486e-12
807	116.9444304	-9.978684545e-12
808	108.3018535	-5.369482636e-12
809	103.3498071	-1.199151889e-11
810	100.5694167	-1.107047787e-11
811	97.9918929	1.209365941e-11
812	94.30311329	1.508571046e-12
813	89.49212343	-4.205968906e-12
814	84.74173641	-6.503908523e-12
815	81.68223359	1.374900194e-12
816	81.44955335	-5.462297281e-14
817	84.04793625	-3.124833725e-12
818	88.31124098	-7.969847005e-12
819	92.42707347	-2.563282919e-12
820	94.72326594	1.596323074e-11
821	94.34506939	7.624123555e-12
822	91.57563274	7.775113886e-12
823	87.76432313	-9.713563287e-12
824	84.98981752	-1.606004219e-11
825	85.61925258	-1.196376331e-12
826	91.85309517	-1.708233555e-11
827	105.2615038	-7.192024754e-12
828	126.3113704	-2.28133068e-11
829	153.9697103	-2.882805106e-11
830	185.5752135	-1.815347872e-11
831	217.1838343	-2.314193281e-11
832	244.4503067	-1.82240889e-11
833	263.845778	-2.971578539e-11
834	273.7715791	-4.202815873e-11
835	275.0711872	-2.049560521e-11
836	270.6453979	-1.898703417e-11
837	264.2719452	-3.186606534e-11
838	259.1262733	-3.148592498e-11
839	256.6754028	-1.804023597e-11
840	256.4540828	-2.106492758e-11
841	256.7943489	-2.515854192e-11
842	256.0882908	-3.654099245e-11
843	253.8852149	-4.246381025e-11
844	251.2196266	-2.477973382e-11
845	249.9949712	-1.992184195e-11
846	251.7810374	-2.879607663e-11
847	256.7249335	-3.402789162e-11
848	263.2290887	-3.832267836e-11
849	268.6301623	-1.702904484e-11
850	270.5463069	-2.733058224e-11
851	268.162545	-3.347500055e-11
852	262.7246342	-4.906430817e-11
853	256.9227471	-4.218225769e-11
854	253.4500721	-1.456434973e-11
855	253.4876076	-1.26187949e-11
856	255.9336487	-5.304645612e-12
857	257.8189407	-1.476374578e-11
858	255.7243038	-2.625855089e-11
859	247.4821207	-2.052180648e-11
860	233.2859666	-1.491873292e-11
861	215.6390296	-1.513100756e-11
862	198.1766396	-1.987610077e-11
863	183.9769477	-1.762590074e-12
864	174.2206531	-1.277067341e-11
865	167.8529852	-1.998889942e-11
866	162.3617146	-3.033040485e-11
867	155.2094645	-2.0170976e-11
868	145.1511441	-8.019807041e-12
869	132.7767148	-8.901768211e-12
870	120.0656511	-1.168176667e-11
871	109.2671211	-9.665601652e-12
872	101.7450202	-1.346611711e-11
873	97.39144447	5.258016245e-12
874	94.8615324	1.265298977e-11
875	92.42813436	7.293277093e-12
876	88.94726433	-1.24127375e-11
877	84.41577596	-1.339905964e-11
878	79.86813226	1.748823308e-12
879	76.73007871	2.62456723e-12
880	76.01427309	-2.79332113e-12
881	77.77687334	-1.529443239e-12
882	81.06806724	-8.068212765e-12
883	84.33560689	1.580247044e-11
884	86.03946009	9.072742557e-12
885	85.20065165	-1.144595529e-11
886	81.71812538	-2.480327055e-11
887	76.440192	-6.421529974e-12
888	71.06336877	-3.026023876e-12
889	67.91225425	5.322853269e-12
890	69.58084444	-4.128253295e-12
891	78.38523613	-7.872813512e-12
892	95.65419004	8.091305403e-12
893	121.0422142	-9.209522034e-12
894	152.1806768	-1.010125317e-11
895	184.9624725	-1.345856759e-11
896	214.5368494	-1.982591868e-11
897	236.7512942	-4.440892099e-13
898	249.4939436	-6.836309296e-12
899	253.3421943	-1.121591708e-11
900	251.1806174	-2.140954081e-11
901	246.9156472	-3.044409169e-11
902	243.8567226	-5.564437799e-12
903	243.5130273	-2.337419147e-11
904	245.3566376	-2.271782762e-11
905	247.6125219	-3.166533702e-11
906	248.6050961	-3.836841955e-11
907	247.9055652	-1.816768957e-11
908	246.6454313	-2.251887565e-11
909	246.831094	-2.738875793e-11
910	250.059417	-2.814903866e-11
911	256.3821774	-3.805844528e-11
912	263.999919	-2.658762099e-11
913	270.0120986	-3.354472256e-11
914	271.8563225	-3.459543763e-11
915	268.6644227	-4.446221169e-11
916	261.7778854	-1.41993084e-11
917	254.1012998	-9.583445149e-13
918	248.5979086	-6.958877918e-12
919	246.7056103	-1.88498106e-11
920	247.5132027	-2.640287988e-11
921	248.1469531	-1.612576739e-11
922	245.1839172	-1.863131871e-11
923	236.3704213	-1.342659317e-11
924	221.7685218	-2.072386707e-11
925	203.758769	-2.048405889e-11
926	185.9250086	-5.702105454e-13
927	171.414762	-4.79438711e-12
928	161.6096877	-1.458921872e-11
929	155.7407196	-2.08171258e-11
930	151.5659429	-2.27267094e-11
931	146.6826963	-1.355626722e-11
932	139.7568343	-3.881339694e-12
933	131.0564159	-1.498712265e-11
934	122.09185	-1.173461328e-11
935	114.6473495	-1.332889354e-11
936	109.7781716	1.982414233e-12
937	107.3071307	-9.450218386e-13
938	106.0340366	7.63211716e-12
939	104.4708355	-5.60884672e-12
940	101.6566741	1.512301395e-11
941	97.61482095	-4.086508909e-12
942	93.25293768	-3.156586104e-12
943	89.82202555	-5.150546656e-12
944	88.25826373	-7.533529356e-12
945	88.73878421	1.274091943e-11
946	90.61749956	1.856470533e-11
947	92.69363499	-5.96322991e-12
948	93.63336329	-1.542588279e-11
949	92.36946448	-9.534595335e-12
950	88.40167633	5.259792601e-12
951	82.01139376	1.771560676e-11
952	74.41025473	9.562128866e-12
953	67.7651449	2.376765451e-12
954	64.96423705	-6.844302902e-12
955	69.01054139	5.22693e-12
956	82.09002019	4.869882275e-12
957	104.5938852	-1.225686219e-13
958	134.5340817	-1.050537435e-11
959	167.7410983	-1.447020281e-11
960	198.9428234	-9.937828338e-12
961	223.4069196	-2.085087658e-11
962	238.5011634	-1.085442847e-11
963	244.4844075	-2.082867212e-11
964	244.1469691	-9.75663994e-12
965	241.446565	-7.49178497e-12
966	239.7725401	-1.796696125e-11
967	240.6566194	-2.05950812e-11
968	243.5198369	-1.75903736e-11
969	246.5091842	-1.015632023e-11
970	247.9119803	-1.30384592e-11
971	247.3439941	-2.225686302e-11
972	246.0502354	-2.034639124e-11
973	246.1612994	-1.723776677e-11
974	249.3395344	3.154809747e-12
975	255.6019639	-1.185540555e-11
976	263.0222817	-2.070343896e-11
977	268.5335668	-4.095568329e-11
978	269.4382588	-1.024158536e-11
979	264.8220122	-8.280487407e-12
980	256.0936281	-1.367883584e-11
981	246.3268606	-1.846345299e-11
982	238.718633	-2.398348187e-11
983	234.9561622	-2.682298827e-11
984	234.3432002	-1.109334846e-12
985	234.1415806	-1.188560361e-11
986	230.9509967	-1.390088045e-11
987	222.4162935	-1.912603409e-11
988	208.3978595	-7.260858581e-12
989	191.0387796	2.796873844e-12
990	173.7420831	-5.619504861e-12
991	159.6190052	-5.747402554e-12
992	150.2005699	-1.547384443e-11
993	145.0163	-8.260947482e-12
994	142.1592586	-9.513279053e-12
995	139.4489811	-3.315570041e-12
996	135.5404897	-1.225330948e-11
997	130.4267547	-1.578470687e-11
998	125.1594634	-6.163958233e-13
999	121.0425208	-5.62572211e-12
1000	118.8001309	-2.241762331e-12
1001	118.1728091	-5.274003456e-12
1002	118.1086589	-4.733990977e-12
1003	117.3758966	8.979483823e-12
1004	115.2185454	5.101696843e-12
1005	111.7045781	8.419931419e-13
1006	107.6279127	-5.559996907e-13
1007	104.0780931	8.899547765e-13
1008	101.9374647	1.941913297e-11
1009	101.5428929	-8.691714015e-12
1010	102.6059129	-7.74491582e-12
1011	104.3355028	-5.504929845e-12
1012	105.6483892	1.301714292e-11
1013	105.3992633	6.940226172e-12
1014	102.6492755	1.291766694e-11
1015	97.01930799	-5.872635711e-12
1016	89.09712544	-3.099742685e-12
1017	80.72889882	1.250022308e-11
1018	74.93939937	8.011369346e-12
1019	75.29674007	-3.421263273e-12
1020	84.78126599	-1.029576424e-11
1021	104.5264101	-1.413980044e-11
1022	132.990746	2.930988785e-12
1023	166.0457717	-3.105071755e-12
1024	198.1071585	-1.057109955e-11
1025	223.9476622	-1.616484724e-11
1026	240.4570473	-2.001598887e-11
1027	247.5744771	-5.965006267e-12
1028	247.9669946	-5.877964782e-12
1029	245.6114196	-1.731770283e-11
1030	243.9645284	-1.585576115e-11
1031	244.5992271	-2.77395884e-11
1032	246.9313193	-1.500843894e-11
1033	249.0870647	-2.010658307e-11
1034	249.3669084	-1.724309584e-11
1035	247.4631125	-1.596767163e-11
1036	244.7492595	-2.771294305e-11
1037	243.4906853	-8.196110457e-12
1038	245.4363367	-1.602806776e-11
1039	250.6079188	-2.220090778e-11
1040	257.0040886	-1.339905964e-11
1041	261.4373341	-7.869260799e-13
1042	261.0924654	-1.227462576e-11
1043	254.984008	-1.17008625e-11
1044	244.5230765	-1.224975676e-11
1045	232.8673022	-2.878408623e-11
1046	223.3704643	-1.900701818e-12
1047	217.9249247	-6.913580819e-12
1048	216.0454339	-1.678124306e-11
1049	215.1522539	-1.1688428e-11
1050	211.8889354	-3.739231147e-12
1051	203.7885127	4.096278872e-12
1052	190.4513536	2.954081424e-12
1053	173.6826438	-6.819433906e-12
1054	156.5892013	-5.988098906e-12
1055	142.1530392	-1.189803811e-11
1056	132.0163977	-4.028777312e-12
1057	126.0384404	-7.833733662e-12
1058	122.7392615	-1.592326271e-11
1059	120.2877724	-1.875299915e-11
1060	117.4584729	-1.254996107e-11
1061	114.0770287	-6.611600156e-12
1062	110.8101641	-6.187050872e-12
1063	108.5243307	-1.041655651e-11
1064	107.6365075	-9.480416452e-12
1065	107.8220064	7.512213074e-12
1066	108.1939	1.284838902e-11
1067	107.7916115	6.256328788e-12
1068	106.0713666	1.140421091e-12
1069	103.1405549	-2.616573624e-12
1070	99.66181497	2.078159866e-11
1071	96.54034214	-4.572342505e-12
1072	94.58717025	-9.634959497e-12
1073	94.29642296	-2.893685291e-12
1074	95.75315414	-1.116973181e-11
1075	98.6046829	8.826717135e-12
1076	102.0453889	1.398881011e-11
1077	104.8585598	7.40740802e-13
1078	105.6351647	-8.455458556e-13
1079	103.2550592	-1.652011861e-13
1080	97.5540448	1.428723806e-11
1081	89.89708292	-1.373123837e-12
1082	83.27957905	2.355449169e-12
1083	81.69598987	-6.78390677e-12
1084	88.83909145	-8.578027177e-12
1085	106.5767953	4.840572387e-12
1086	133.87972	2.321698389e-12
1087	166.7788316	-4.632738637e-12
1088	199.5159105	-1.092814728e-11
1089	226.4917665	5.186961971e-13
1090	244.2004576	-1.447553188e-11
1091	252.2959076	-1.906741431e-11
1092	253.3201266	-1.996802723e-11
1093	251.2545078	-2.134648014e-11
1094	249.6194834	-8.096634474e-12
1095	250.0487868	-1.637978642e-11
1096	251.9928382	-1.921307557e-11
1097	253.6012363	-1.742073152e-11
1098	253.2166317	-2.649080955e-11
1099	250.6102331	-1.179678577e-11
1100	247.2623607	-2.410871502e-11
1101	245.5417946	-2.021494083e-11
1102	247.2620492	-2.025046797e-13
1103	252.4482965	-1.233146918e-11
1104	259.0406976	-1.735500632e-12
1105	263.7482864	-7.844391803e-12
1106	263.6333384	-1.661604188e-11
1107	257.5966235	-2.199129767e-11
1108	246.9722351	-2.425615264e-11
1109	234.9049527	-7.95274957e-12
1110	224.8210565	-1.598188248e-11
1111	218.7725219	-1.901767632e-11
1112	216.4885689	-1.686295548e-11
1113	215.5886762	-4.535039011e-12
1114	212.8095821	-3.671729587e-12
1115	205.5975948	-8.808953567e-12
1116	193.2723289	-1.007371964e-11
1117	177.23439	-1.742073152e-11
1118	160.2035837	-5.86197757e-12
1119	144.9523673	-1.365130231e-11
1120	133.1972442	-1.65698566e-11
1121	125.1516532	-1.860200882e-11
1122	119.8463752	-2.15703011e-11
1123	115.9218805	-4.414246746e-12
1124	112.4039857	-1.499422808e-11
1125	109.0665979	-1.175060049e-11
1126	106.2756979	-1.560884755e-11
1127	104.5109443	-1.571720532e-11
1128	103.9059545	-2.851052727e-12
1129	104.0771451	-4.478195592e-12
1130	104.297501	1.073274802e-11
1131	103.8623244	1.244515602e-11
1132	102.4122275	-1.357136625e-12
1133	100.05213	-1.659117288e-12
1134	97.26011179	-6.670219932e-12
1135	94.70058302	-9.507061804e-12
1136	93.06578486	-7.748468533e-12
1137	92.98063104	5.584865903e-12
1138	94.90565723	6.652456364e-12
1139	98.95616659	1.863398325e-12
1140	104.6513774	1.007194328e-12
1141	110.7500621	-5.133671266e-12
1142	115.3984832	7.222666909e-12
1143	116.7214334	7.883471653e-12
1144	113.7406919	1.041122744e-11
1145	107.2357273	-2.6751934e-12
1146	100.0469696	-4.543920795e-12
1147	96.47990894	1.162625551e-11
1148	100.8680859	3.854694341e-12
1149	115.8098819	1.011990491e-11
1150	140.8572284	-4.060751735e-12
1151	172.3271844	-2.006927957e-11
1152	204.4388933	-7.405631663e-12
1153	231.3589202	-1.135980199e-11
1154	249.2797595	-1.783462267e-11
1155	257.609087	-2.118127895e-11
1156	258.7569012	-1.87263538e-11
1157	256.6796821	-9.457323813e-12
1158	254.9350113	-4.527933584e-12
1159	255.2093146	-2.36486386e-11
1160	256.9969489	-2.776090469e-11
1161	258.4829517	-3.949551797e-11
1162	258.0482968	-1.803357463e-11
1163	255.5119656	-1.504041336e-11
1164	252.4058851	1.724842491e-12
1165	251.1401157	-6.732392421e-12
1166	253.545272	1.173816599e-11
1167	259.6319313	-1.397992833e-12
1168	267.2923685	-1.667643801e-11
1169	273.1550031	-1.549516071e-11
1170	274.1708616	-1.904787439e-11
1171	269.1084222	-1.267075334e-11
1172	259.1742878	-1.572075803e-11
1173	247.434723	-7.366551813e-12
1174	237.3361846	-1.406519345e-11
1175	231.0780172	-2.228262019e-11
1176	228.6431803	-4.337863402e-12
1177	227.9305519	-6.524558671e-12
1178	225.8620114	-1.072919531e-11
1179	219.8653654	-1.960032137e-11
1180	208.9973153	-2.999023252e-11
1181	194.2147489	-4.38404868e-12
1182	177.7701391	-6.460609825e-12
1183	162.1358587	-1.385025428e-11
1184	149.0350849	-2.028244239e-11
1185	139.013407	-2.37267983e-11
1186	131.6403163	-8.755662861e-12
1187	126.0935427	-1.43227652e-11
1188	121.731126	-1.930189342e-11
1189	118.348472	-2.662758902e-11
1190	116.0608378	1.132782756e-11
1191	114.9824856	6.469491609e-12
1192	114.9593892	7.069900221e-12
1193	115.5257686	1.552535878e-12
1194	116.0780792	-2.398081733e-12
1195	116.1207913	3.4283687e-13
1196	115.422392	-4.169109502e-12
1197	114.0196128	-7.970513138e-12
1198	112.1345355	-7.087663789e-13
1199	110.1215075	-7.641887123e-12
1200	108.4985557	4.590106073e-12
1201	107.9927425	2.076561145e-12
1202	109.4484875	-2.629008122e-13
1203	113.4980544	-5.705658168e-12
1204	120.0688887	-1.353583912e-11
1205	127.9966202	5.430322858e-12
1206	135.0781935	-2.43360887e-12
1207	138.7472815	-4.174438573e-13
1208	137.2252727	-5.86197757e-12
1209	130.6647311	-7.478462294e-13
1210	121.6678826	6.656009077e-12
1211	114.7550878	2.60236277e-12
1212	114.8274131	7.052136652e-13
1213	125.1937026	-1.110933567e-11
1214	146.0335407	5.689670957e-12
1215	174.0529426	-1.522337811e-12
1216	203.5781446	-8.546052754e-12
1217	228.6597625	-1.391242677e-11
1218	245.2634165	-2.034639124e-11
1219	252.5675579	-7.107203714e-12
1220	252.8174823	-2.136424371e-11
1221	249.8864997	-1.670308336e-11
1222	247.3133164	-2.356692619e-11
1223	246.8015887	-2.088995643e-11
1224	247.8762614	-7.926104217e-12
1225	248.753186	-7.922551504e-13
1226	247.8370669	3.629097023e-12
1227	244.9581898	4.966693723e-12
1228	241.644591	2.723155035e-12
1229	240.290233	8.007816632e-12
1230	242.7063446	9.769962617e-14
1231	248.8894623	-4.559908007e-12
1232	256.7218818	-1.116973181e-11
1233	262.8100965	-9.967138226e-12
1234	264.0478392	-1.774580483e-12
1235	259.0990765	-7.167599847e-12
1236	249.0385591	-1.530153781e-11
1237	236.8308233	-6.37889741e-12
1238	225.9269665	-2.531308496e-12
1239	218.6925424	-9.205081142e-12
1240	215.4305539	-9.089617947e-12
1241	214.4247463	-1.367617131e-11
1242	212.8990946	-1.472422184e-11
1243	208.3551671	1.172750785e-11
1244	199.624316	2.289723966e-12
1245	187.1905859	-1.086775114e-11
1246	172.7533363	-1.275601846e-11
1247	158.3694709	-2.121325338e-11
1248	145.6567543	-1.085531665e-11
1249	135.4107958	-4.039435453e-12
1250	127.7000025	-6.158629162e-12
1251	122.2385834	-6.714628853e-12
1252	118.7405748	-9.539036228e-12
1253	117.0531364	-1.133315664e-12
1254	117.0627127	7.844391803e-12
1255	118.5238235	-4.854783242e-12
1256	120.9831062	-4.808597964e-12
1257	123.8666194	-1.984012954e-11
1258	126.6580285	-4.391154107e-12
1259	129.0270939	-2.362554596e-13
1260	130.8196804	-4.778399898e-12
1261	131.9477481	-6.094680316e-12
1262	132.316777	7.439382443e-12
1263	131.9118004	3.863576126e-12
1264	131.0281065	3.353761713e-12
1265	130.4694611	1.653788217e-12
1266	131.4742036	-6.723510637e-12
1267	135.2451129	2.989608561e-12
1268	142.2139495	9.041656313e-13
1269	151.4188226	-1.20259358e-12
1270	160.4381567	2.025046797e-12
1271	166.1200771	-8.654410522e-12
1272	165.938631	9.301004411e-12
1273	159.4058691	-2.202682481e-12
1274	148.8114104	-2.60769184e-12
1275	138.7811752	-5.332623232e-12
1276	134.6775251	-5.972111694e-12
1277	140.453174	2.565059276e-12
1278	156.9096192	1.559641305e-12
1279	181.1945118	-5.805134151e-12
1280	207.8274374	-1.278621653e-11
1281	230.8262329	-1.704236752e-11
1282	245.9767026	-1.539746108e-11
1283	252.2230438	-1.821476303e-11
1284	251.5951624	-1.844213671e-11
1285	247.8107343	-2.181366199e-11
1286	244.3241338	-2.023980983e-11
1287	242.8176778	-6.590283874e-12
1288	242.837924	6.512124173e-12
1289	242.6388045	-6.984635093e-12
1290	240.6523038	-9.702461057e-12
1291	236.7057602	1.132960392e-11
1292	232.2917843	3.32178729e-12
1293	229.7548489	8.647305094e-12
1294	230.8736265	-3.53495011e-12
1295	235.6540388	-1.944755468e-11
1296	242.0293296	-5.222489108e-12
1297	246.6660886	-9.102052445e-12
1298	246.4774735	-1.527311611e-11
1299	240.0708289	-1.318767318e-11
1300	228.3993523	-6.952660669e-12
1301	214.3093556	3.243627589e-12
1302	201.2387728	-6.217248938e-12
1303	191.7281544	-8.050449196e-12
1304	186.4524362	-6.988187806e-12
1305	184.1715905	-5.92947913e-12
1306	182.519091	-9.421796676e-12
1307	179.1596179	-9.617195929e-12
1308	172.7393152	-1.798028393e-11
1309	163.2441148	-8.554934539e-12
1310	151.7338375	-1.467626021e-11
1311	139.7243606	-2.106759212e-12
1312	128.5942118	-1.57918123e-11
1313	119.2757734	1.399769189e-11
1314	112.2621244	-2.81019652e-12
1315	107.7734539	5.190514685e-12
1316	105.8860528	-1.207212108e-11
1317	106.528341	-5.201172826e-12
1318	109.3964268	-1.211475364e-11
1319	113.9215857	-1.660893645e-11
1320	119.3795668	-1.725197762e-11
1321	125.1067866	-1.091748913e-11
1322	130.6831231	-1.228173119e-11
1323	135.9438398	1.539746108e-11
1324	140.8034234	8.700595799e-12
1325	145.0302497	2.614086725e-11
1326	148.1835827	9.983125437e-13
1327	149.8404238	2.627942308e-11
1328	150.0316825	-1.615063638e-11
1329	149.6046522	8.316902722e-12
1330	150.1817265	-1.595168442e-11
1331	153.5633998	7.375433597e-12
1332	160.7564024	1.64916969e-11
1333	171.1089225	-2.881250794e-12
1334	182.1042199	2.660982545e-12
1335	190.1121771	-1.373123837e-11
1336	191.9179666	-4.327205261e-12
1337	186.3811239	-1.47792889e-11
1338	175.3953867	8.064660051e-12
1339	163.5602048	-2.551914235e-11
1340	156.5575225	-1.110578296e-11
1341	158.8741304	-2.415134759e-11
1342	171.8839511	4.419575816e-12
1343	193.1916022	5.24380539e-12
1344	217.5700892	2.749800387e-12
1345	239.0743116	2.614797268e-12
1346	253.3557541	4.202860282e-12
1347	259.1268298	-8.91375862e-12
1348	258.1649931	2.539479738e-11
1349	253.9774585	-1.086775114e-11
1350	249.8894958	1.861621968e-11
1351	247.5470739	1.9220181e-11
1352	246.5356887	3.915090474e-11
1353	245.1828204	2.244249231e-11
1354	241.9794891	1.454836251e-11
1355	236.7612891	2.705391466e-11
1356	230.9736099	2.081890216e-11
1357	226.8897149	1.154987217e-11
1358	226.2450661	1.993072374e-12
1359	229.0721126	6.707523426e-12
1360	233.4023007	-1.582378673e-11
1361	236.0249514	-7.752021247e-12
1362	233.9253387	1.282884909e-11
1363	225.6733818	-2.299671564e-11
1364	212.0767017	1.667643801e-11
1365	195.805892	-1.234568003e-11
1366	180.2203412	1.059063948e-11
1367	167.9924961	-1.1688428e-11
1368	160.1696317	-1.315925147e-11
1369	156.0345643	-2.805577992e-11
1370	153.7058555	-7.563727422e-12
1371	151.0857154	-3.684164085e-12
1372	146.677328	1.480771061e-11
1373	139.9584738	1.179856213e-11
1374	131.2846281	1.199396138e-11
1375	121.5259234	-1.59978697e-11
1376	111.7029136	1.494271373e-11
1377	102.7798329	-1.078248602e-11
1378	95.60491349	1.294964136e-11
1379	90.88082562	-3.328892717e-11
1380	89.06778027	1.928768256e-11
1381	90.23276639	-3.726796649e-12
1382	93.96070075	1.203304123e-11
1383	99.44676027	4.252598274e-12
1384	105.7800557	-1.325517474e-11
1385	112.281947	6.082245818e-12
1386	118.6903009	2.057731763e-11
1387	125.0536327	2.899014362e-11
1388	131.3874914	1.51167967e-11
1389	137.3312306	-1.45696788e-11
1390	142.0911813	1.721645049e-11
1391	144.8064433	1.401900818e-11
1392	145.1935709	1.788791337e-11
1393	144.0838372	-3.794298209e-12
1394	143.4322387	3.263167514e-11
1395	145.6139913	1.712407993e-12
1396	152.2315963	1.343991585e-11
1397	163.0101458	5.037747997e-12
1398	175.4352591	1.316280418e-11
1399	185.4962616	3.078426403e-11
1400	189.3511251	3.336353416e-11
1401	185.2044503	8.366640714e-12
1402	174.4798482	2.066968818e-11
1403	161.6218748	2.046363079e-12
1404	152.4872679	2.156141932e-11
1405	151.9797541	-1.520561455e-12
1406	161.9893718	1.685407369e-11
1407	180.5919175	-6.210143511e-12
1408	202.8821451	9.098499731e-12
1409	223.0405548	-3.886668765e-12
1410	236.6573637	1.625366508e-11
1411	242.2487282	-4.892086736e-12
1412	241.3373213	9.66693392e-12
1413	237.1983322	-3.268496584e-12
1414	233.0131174	7.247535905e-13
1415	230.4023622	1.285016538e-11
1416	229.0300607	-9.70601377e-12
1417	227.3510073	-1.323741117e-11
1418	223.9605543	-9.109157872e-12
1419	218.7208751	3.647926405e-11
1420	213.0169753	5.080380561e-13
1421	209.0176484	3.084466016e-11
1422	208.3822549	1.251621029e-11
1423	211.1550307	3.021582984e-11
1424	215.4737612	3.666400517e-12
1425	218.2697653	2.218669692e-11
1426	216.6079997	9.144685009e-12
1427	208.9944647	3.748112931e-12
1428	196.0206633	2.983568947e-11
1429	180.0756269	1.074695888e-11
1430	164.3242082	2.841815672e-11
1431	151.4762785	1.052669063e-11
1432	142.9037816	1.671907057e-11
1433	138.4203011	-5.250910817e-12
1434	136.6821735	1.011102313e-11
1435	135.9008749	1.293187779e-12
1436	134.4969024	2.732036819e-12
1437	131.4644034	-6.949107956e-12
1438	126.4329196	4.213518423e-12
1439	119.5648041	1.82076576e-11
1440	111.4384199	1.970335006e-11
1441	102.9674918	1.033129138e-11
1442	95.29726183	1.245936687e-11
1443	89.59391573	1.086064572e-11
1444	86.72660962	-7.641887123e-12
1445	86.96495397	-1.825029017e-11
1446	89.87380792	-1.28572708e-11
1447	94.51562075	-3.808509064e-12
1448	99.89481697	2.249578301e-11
1449	105.4086208	2.875921723e-11
1450	111.0279776	2.7608138e-11
1451	117.0724858	4.49311699e-11
1452	123.6984689	9.379164112e-12
1453	130.4350465	3.217337508e-11
1454	136.1282745	4.323652547e-12
1455	139.4407683	7.212008768e-12
1456	139.7045826	5.051958851e-12
1457	137.6422304	2.43360887e-11
1458	135.445495	3.295497208e-11
1459	135.9915056	-5.183409257e-12
1460	141.452546	3.062794462e-11
1461	151.9625509	9.556799796e-12
1462	165.0905958	2.222577677e-11
1463	176.5473912	3.97903932e-12
1464	181.9476683	1.485389589e-11
1465	178.8725782	1.929123528e-12
1466	168.2389865	-1.065814104e-11
1467	154.2426387	2.860289783e-11
1468	142.7977547	1.818278861e-11
1469	139.1279257	2.751932016e-11
1470	145.5981075	1.665512173e-11
1471	160.7833248	1.199396138e-11
1472	180.1841246	3.171862772e-11
1473	198.2140863	2.856381798e-12
1474	210.4965413	2.209787908e-11
1475	215.4081301	-4.206412996e-12
1476	214.2324395	2.372857466e-11
1477	210.0034526	1.834266072e-11
1478	205.7495197	2.053113235e-11
1479	203.0767212	4.045475066e-11
1480	201.7622878	3.613109811e-12
1481	200.4347399	3.403499704e-11
1482	197.8304413	3.343103572e-12
1483	193.8467833	5.059774821e-11
1484	189.7837297	-3.282707439e-12
1485	187.6580472	1.265831884e-11
1486	189.0026521	2.234301633e-11
1487	193.8391387	1.161737373e-12
1488	200.4000494	4.345324101e-11
1489	205.7609998	5.407230219e-12
1490	207.0621913	5.723421737e-12
1491	202.7127439	-1.798738936e-11
1492	193.0151374	7.40740802e-12
1493	179.969899	-2.008704314e-11
1494	166.428742	-1.377387093e-11
1495	155.0393305	-2.39204212e-11
1496	147.4447294	-5.467626352e-12
1497	143.9951658	3.60245167e-12
1498	143.9449753	1.083577672e-11
1499	145.9083007	3.012345928e-11
1500	148.3200498	3.121414238e-11
1501	149.7635836	5.21538368e-12
1502	149.1729685	2.842526214e-11
1503	145.9867973	-5.10880227e-12
1504	140.2884203	1.387689963e-11
1505	132.8704132	7.414513448e-12
1506	125.1087499	1.620392709e-11
1507	118.5902301	1.607247668e-11
1508	114.5845424	6.96331881e-12
1509	113.5911564	7.54241114e-12
1510	115.209982	9.759304476e-12
1511	118.440602	5.830003147e-12
1512	122.2737757	2.149391776e-12
1513	126.2449573	2.122391152e-11
1514	130.6077255	1.081090772e-11
1515	135.9897423	2.571809432e-11
1516	142.7134794	1.954347795e-11
1517	150.2094149	2.263078613e-12
1518	156.9543427	3.220179678e-11
1519	161.0959147	8.743228364e-12
1520	161.50862	2.816591405e-11
1521	158.7037869	1.189803811e-11
1522	154.9969158	-2.405187161e-12
1523	153.6724055	3.176126029e-12
1524	157.4260673	2.481925776e-11
1525	166.8212442	1.808686534e-11
1526	179.595011	6.515676887e-12
1527	191.3020121	2.455635695e-11
1528	197.1332909	2.285815981e-11
1529	194.1225245	-1.737276989e-12
1530	182.6884826	1.761790713e-11
1531	166.7224827	4.131806008e-12
1532	152.1049165	2.451017167e-11
1533	144.2940194	8.551381825e-12
1534	146.0875877	4.293454481e-11
1535	156.5778189	2.951594524e-11
1536	171.7397097	-3.517186542e-13
1537	186.3096699	2.597388971e-11
1538	196.0196342	-1.417888029e-11
1539	199.1429384	2.180655656e-11
1540	196.7163031	8.84625706e-13
1541	191.4959015	1.699618224e-11
1542	186.3168595	9.784173471e-12
1543	182.7483727	3.088374001e-11
1544	180.684002	2.674838129e-11
1545	178.9455813	2.187050541e-11
1546	176.4279517	2.937028398e-11
1547	173.0620555	8.260059303e-12
1548	170.0364499	3.770139756e-11
1549	169.1738789	2.040323466e-11
1550	171.8419576	4.174083301e-11
1551	178.0221606	2.643218977e-12
1552	186.0533429	5.801581437e-12
1553	193.1884062	2.906119789e-11
1554	196.6774501	1.220001877e-11
1555	194.8463552	1.97921679e-11
1556	187.6865667	5.329070518e-14
1557	176.7533182	2.360422968e-11
1558	164.5107079	1.016076112e-11
1559	153.4791461	-1.10382814e-11
1560	145.5441273	2.895461648e-12
1561	141.6169704	-1.198685595e-11
1562	141.6283031	4.728661906e-12
1563	144.7115792	5.673683745e-12
1564	149.4445599	4.332534331e-11
1565	154.1106094	2.268762955e-11
1566	157.0174401	1.520561455e-11
1567	156.8948487	1.764632884e-11
1568	153.2934758	-1.279687467e-11
1569	146.8083774	1.188737997e-11
1570	138.9529681	-1.318412046e-11
1571	131.6474251	1.079314416e-11
1572	126.4985508	-1.262989713e-11
1573	124.2042659	-1.914912673e-11
1574	124.3979074	-3.328892717e-12
1575	126.0345929	2.789946052e-11
1576	128.1179302	3.175770757e-11
1577	130.3475856	8.60467253e-12
1578	133.2827234	2.953726153e-11
1579	137.8815061	2.771116669e-13
1580	144.6575016	1.845634756e-11
1581	152.9682861	4.767741757e-12
1582	160.9388743	2.710720537e-11
1583	166.1972034	1.362110424e-11
1584	167.1213827	8.828493492e-12
1585	163.9375518	2.692956969e-11
1586	158.9905884	2.460254223e-11
1587	155.8864938	3.947064897e-12
1588	157.8011943	1.162092644e-11
1589	165.7504982	8.775202787e-12
1590	177.731773	1.265121341e-11
1591	189.2823493	1.689315354e-11
1592	195.313235	2.607336569e-11
1593	192.4143566	1.383071435e-11
1594	180.5398424	1.639222091e-11
1595	163.235977	2.770761398e-11
1596	146.258194	3.664979431e-11
1597	135.1976017	3.325340003e-11
1598	133.2109619	7.91899879e-12
1599	139.8825811	9.777068044e-12
1600	151.6814349	2.959410494e-12
1601	163.7058293	2.038547109e-11
1602	171.8224761	2.933475685e-11
1603	174.1906733	2.559374934e-11
1604	171.5475473	1.992361831e-11
1605	166.291229	2.410871502e-11
1606	160.9812328	1.625011237e-11
1607	157.0884828	5.575984119e-11
1608	154.592867	3.578293217e-11
1609	152.5054881	3.513633828e-11
1610	149.8857287	2.951239253e-11
1611	146.6983187	2.900080176e-11
1612	144.0083093	3.484146305e-11
1613	143.426611	3.787903324e-11
1614	146.1479601	3.827693718e-11
1615	152.1325679	-6.007638831e-12
1616	159.8778821	2.57394106e-11
1617	166.8925662	-1.237765446e-11
1618	170.62176	1.452704623e-11
1619	169.375967	-6.142641951e-12
1620	162.8679143	-4.646949492e-12
1621	152.1995329	7.698730542e-12
1622	139.4099232	-1.012523398e-11
1623	126.8482168	9.404033108e-12
1624	116.6178959	1.282529638e-12
1625	110.2069707	1.32196476e-11
1626	108.28573	1.709565822e-11
1627	110.6105029	3.516120728e-11
1628	116.0249985	9.80193704e-12
1629	122.6274255	9.006129176e-12
1630	128.1786327	3.060307563e-11
1631	130.724793	2.063416105e-11
1632	129.2489312	2.436451041e-11
1633	124.0623468	4.561684364e-12
1634	116.698651	1.535127581e-11
1635	109.2886898	1.867661581e-11
1636	103.6712205	9.5319308e-12
1637	100.6690911	2.433964141e-11
1638	99.90969346	-2.54019028e-12
1639	100.2915251	-2.117417353e-12
1640	100.8354575	3.211653166e-11
1641	101.41847	2.424371814e-11
1642	102.9257951	3.746691846e-11
1643	106.6782865	1.055155963e-11
1644	113.4291705	3.537792281e-11
1645	122.5264561	1.500310987e-11
1646	131.8098511	2.164313173e-11
1647	138.4376469	-7.638334409e-12
1648	140.3058256	3.524647241e-11
1649	137.3249927	1.10134124e-12
1650	131.8038137	2.273736754e-13
1651	127.5963368	1.233502189e-11
1652	128.3130548	3.772626656e-11
1653	135.4343943	3.516475999e-11
1654	147.2971556	2.570388347e-11
1655	159.54998	3.149480676e-11
1656	166.9627441	2.143707434e-11
1657	165.7848665	1.865885224e-11
1658	155.5392201	1.377387093e-11
1659	139.3818512	2.172484415e-11
1660	122.8388608	2.344791028e-12
1661	111.508824	1.785238624e-11
1662	108.8008074	1.814726147e-11
1663	114.7280077	3.756639444e-11
1664	126.2344266	5.844214002e-12
1665	138.785201	1.390532134e-11
1666	148.3811719	-6.050271395e-12
1667	153.0379809	2.567901447e-11
1668	153.1281114	-7.318590178e-12
1669	150.6033657	2.608047112e-11
1670	147.6595818	2.193445425e-11
1671	145.6042323	1.294964136e-11
1672	144.4727431	2.948752353e-11
1673	143.4657331	1.63353775e-11
1674	141.824375	2.599165327e-11
1675	139.5658885	1.82858173e-11
1676	137.6439139	2.68300937e-11
1677	137.4665586	2.307842806e-11
1678	140.0741633	2.208722094e-11
1679	145.4474028	4.824585176e-12
1680	152.3137064	5.449862783e-12
1681	158.5323872	1.191224897e-11
1682	161.8439985	8.167688748e-12
1683	160.6259124	6.892264537e-12
1684	154.3559842	-3.758771072e-12
1685	143.6791656	4.089173444e-12
1686	130.1640366	4.011013743e-12
1687	115.9199101	8.096634474e-12
1688	103.2026151	1.024247354e-11
1689	94.03890837	2.505018415e-11
1690	89.84449635	3.64650532e-11
1691	91.05032583	1.787370252e-11
1692	96.8514729	-8.775202787e-12
1693	105.2565482	2.591704629e-11
1694	113.5572079	3.296918294e-12
1695	119.1515674	8.910205906e-12
1696	120.4354756	-1.415045858e-11
1697	117.3640094	2.205879923e-11
1698	111.3821712	9.862333172e-12
1699	104.7114926	1.030642238e-11
1700	99.31668763	-7.283063042e-13
1701	96.07061873	4.927613872e-12
1702	94.55575116	5.275779813e-12
1703	93.60489092	-6.593836588e-12
1704	92.26618552	1.708144737e-11
1705	90.61484997	-1.278976924e-13
1706	89.89324438	1.362465696e-11
1707	91.83201789	1.289635065e-11
1708	97.49380637	1.055511234e-11
1709	106.3087893	2.131272936e-11
1710	115.9321137	2.05950812e-11
1711	123.1384673	1.208277922e-11
1712	125.3872731	1.580957587e-12
1713	122.2630492	-1.069011546e-11
1714	115.9756939	9.318767979e-12
1715	110.538203	7.389644452e-12
1716	109.9183159	2.311750791e-11
1717	116.0311571	3.40243389e-11
1718	127.5875313	7.077005648e-12
1719	140.4364305	3.385025593e-11
1720	149.3160798	1.583444487e-11
1721	150.2211777	3.28554961e-11
1722	142.2697892	2.842170943e-14
1723	128.1825353	1.871924837e-11
1724	113.1548813	2.650324404e-12
1725	102.6710077	3.614175625e-11
1726	100.2893979	1.623590151e-11
1727	106.3950162	1.124078608e-11
1728	118.3998115	3.229772005e-11
1729	132.1616065	2.446043368e-11
1730	143.8462716	2.018296641e-11
1731	151.3373927	2.22328822e-11
1732	154.625299	2.641797892e-11
1733	155.176367	1.685762641e-11
1734	154.781093	6.934897101e-12
1735	154.5590615	1.5063506e-12
1736	154.6047926	7.631228982e-12
1737	154.337559	6.252776075e-12
1738	153.2224249	2.254196829e-11
1739	151.3691983	1.126210236e-11
1740	149.6491323	2.565414547e-11
1741	149.2866707	8.526512829e-14
1742	151.1869806	1.045208364e-11
1743	155.3829994	-2.172129143e-11
1744	160.883866	4.167333145e-12
1745	165.9680919	-1.59978697e-11
1746	168.7429057	-6.636469152e-12
1747	167.7058071	9.233502851e-12
1748	162.1150998	-3.152322847e-11
1749	152.1244297	4.650502206e-12
1750	138.7492284	-1.744382416e-11
1751	123.743113	-3.645084234e-12
1752	109.3902921	6.409095477e-12
1753	98.15273423	3.645084234e-12
1754	92.1323728	2.086864015e-11
1755	92.43223021	6.359357485e-13
1756	98.64960958	1.487165946e-11
1757	108.7895206	-2.060573934e-12
1758	119.7675285	1.231725832e-11
1759	128.4047644	1.509903313e-12
1760	132.5380721	2.321343118e-11
1761	131.7456227	1.586641929e-11
1762	127.3245479	3.069544618e-12
1763	121.5109382	6.934897101e-12
1764	116.3266546	-1.082511858e-11
1765	112.6504136	9.166001291e-13
1766	110.0052425	-2.867039939e-12
1767	107.1668134	5.016431714e-12
1768	103.2303592	-4.97379915e-12
1769	98.49169293	-2.891553663e-11
1770	94.57528556	4.405364962e-13
1771	93.65756014	-1.542943551e-11
1772	97.16757655	1.339373057e-12
1773	104.6981495	-1.683986284e-12
1774	113.8120518	3.996802889e-12
1775	120.9791464	-1.794120408e-11
1776	123.2580049	-1.375255465e-11
1777	119.8789628	1.872990651e-11
1778	112.8610102	-4.767741757e-12
1779	106.2435737	1.53228541e-11
1780	104.2189349	5.82289772e-12
1781	109.0450829	3.882050237e-11
1782	119.7807168	1.45448098e-11
1783	132.5128554	-8.935074902e-12
1784	142.0218701	1.19726451e-11
1785	144.1166819	1.286082352e-11
1786	137.538521	3.388933578e-11
1787	124.5439332	1.392663762e-11
1788	109.9232895	3.040057095e-11
1789	98.95743561	2.091482543e-11
1790	95.28801834	3.713296337e-11
1791	99.65495369	3.223021849e-11
1792	109.9767138	2.664535259e-11
1793	122.5826416	2.326316917e-11
1794	133.8955048	3.078781674e-11
1795	141.7456574	3.105071755e-11
1796	145.7930275	2.5945468e-11
1797	147.0450733	1.676880856e-12
1798	146.9017054	2.952305067e-11
1799	146.3136713	2.222932949e-11
1800	145.467562	3.391420478e-11
1801	144.0469957	-2.767563956e-12
1802	141.7890538	2.990319103e-11
1803	138.9336928	2.453148795e-11
1804	136.2882966	1.850963827e-12
1805	134.8935461	1.790212423e-11
1806	135.5095968	1.570299446e-11
1807	138.2146521	1.376676551e-11
1808	142.3051061	1.94262384e-11
1809	146.4982537	2.730260462e-11
1810	149.2930939	1.152855589e-11
1811	149.3216401	-1.623590151e-12
1812	145.6079361	-3.822719918e-12
1813	137.7567082	1.120525894e-11
1814	126.1262331	2.987832204e-12
1815	111.9738198	-7.283063042e-13
1816	97.45699565	-5.130118552e-12
1817	85.33313341	5.808686865e-12
1818	78.29534218	-7.680966974e-12
1819	78.08910991	2.310684977e-11
1820	84.75488022	9.833911463e-12
1821	96.39260886	3.537081739e-11
1822	109.6705302	7.670308833e-12
1823	120.9584082	2.294342494e-11
1824	127.6281523	1.133315664e-11
1825	128.9291539	-1.103117597e-11
1826	126.0159344	1.289990337e-11
1827	121.1185176	-1.760369628e-11
1828	116.2912565	3.499422974e-12
1829	112.4065566	-2.557953849e-13
1830	108.9329397	2.878053351e-11
1831	104.6038427	-1.680078299e-11
1832	98.5741105	-3.634426093e-12
1833	91.36190114	0
1834	84.96674827	-1.108446668e-12
1835	82.00720034	2.784972253e-11
1836	84.29368021	-1.033129138e-11
1837	91.62273251	1.355360268e-11
1838	101.5238877	-6.810552122e-12
1839	110.2151314	1.392663762e-11
1840	114.3692631	-1.353939183e-11
1841	112.8147921	9.340084262e-12
1842	107.2646053	6.124878382e-12
1843	101.622293	5.59197133e-12
1844	100.1351583	1.055155963e-11
1845	105.2712527	-2.287947609e-12
1846	116.3714724	-1.382005621e-12
1847	129.7669083	5.471179065e-12
1848	140.3358252	-1.558575491e-11
1849	143.7688276	2.327738002e-11
1850	138.472879	-5.957900839e-12
1851	126.2388092	1.919175929e-11
1852	111.4113794	1.501732072e-11
1853	99.01461676	2.883382422e-11
1854	92.74039093	3.648281677e-11
1855	93.69691207	3.718625408e-11
1856	100.3760997	3.978684049e-11
1857	109.6865857	3.027977868e-11
1858	118.4311393	2.62332378e-11
1859	124.49888	1.714539621e-11
1860	127.3033536	8.789413641e-12
1861	127.4464252	2.502886787e-11
1862	125.9689451	2.060929205e-11
1863	123.6756727	4.102673756e-11
1864	120.8688597	3.36868311e-11
1865	117.5219543	5.740119491e-11
1866	113.6648841	4.276046184e-11
1867	109.6743748	3.554845307e-11
1868	106.2797907	3.727507192e-11
1869	104.3037441	3.650058034e-11
1870	104.3151986	2.06483719e-11
1871	106.3923056	3.699796025e-11
1872	110.0861394	2.01545447e-11
1873	114.5388111	1.734434818e-11
1874	118.6425796	2.889777306e-11
1875	121.1689667	3.440447927e-11
1876	120.8989525	1.820055218e-11
1877	116.8488258	1.847055842e-11
1878	108.6393995	5.112354984e-12
1879	96.91251536	2.971489721e-11
1880	83.55696868	1.946887096e-12
1881	71.48809741	-3.229416734e-12
1882	63.88946158	1.726618848e-11
1883	63.11200906	2.850697456e-11
1884	69.67866714	3.466738008e-11
1885	81.89306763	2.861355597e-11
1886	96.32905876	1.710986908e-11
1887	109.0668643	2.899369633e-11
1888	117.1505819	1.769961955e-11
1889	119.5924057	2.842526214e-11
1890	117.4476732	2.097166885e-11
1891	112.948862	3.925748615e-12
1892	108.1766996	8.327560863e-12
1893	103.9929052	-2.987832204e-11
1894	99.81386239	2.497557716e-12
1895	94.33308632	-2.668798516e-11
1896	86.75532353	1.968203378e-12
1897	77.79197489	1.30384592e-12
1898	69.77359414	1.463718036e-12
1899	65.71829618	2.565059276e-12
1900	67.79754436	-8.881784197e-13
1901	76.02682836	9.240608279e-12
1902	87.94943134	-1.458033694e-11
1903	99.58767245	9.528378087e-12
1904	107.2606698	-7.727152251e-12
1905	109.3736739	-7.755573961e-12
1906	107.2475675	1.157474117e-11
1907	104.5143636	-1.723066134e-12
1908	105.3267616	1.135802563e-11
1909	112.2425038	-1.2519763e-11
1910	124.8261249	1.370636937e-11
1911	139.6647844	-1.164224273e-11
1912	151.7994277	-9.524825373e-12
1913	156.8845524	-4.618527782e-13
1914	153.0556441	2.378897079e-11
1915	141.6586669	1.644906433e-11
1916	126.5719077	1.292832508e-11
1917	112.5207224	3.026556783e-11
1918	103.2145271	2.483702133e-11
1919	100.1317336	8.068212765e-12
1920	102.3841637	5.449862783e-12
1921	107.5424353	8.682832231e-12
1922	112.8870497	2.523137255e-11
1923	116.4546544	-4.86721774e-12
1924	117.4751214	2.259881171e-11
1925	116.1762899	-3.147704319e-12
1926	113.2462549	2.980726777e-11
1927	109.336094	2.920330644e-11
1928	104.8519471	3.531397397e-11
1929	100.0452783	3.950262339e-11
1930	95.22457985	2.377831265e-11
1931	90.88069196	4.987654734e-11
1932	87.6291525	2.732747362e-11
1933	86.02573938	4.992628533e-11
1934	86.39305023	1.957189966e-11
1935	88.75895227	3.281286354e-11
1936	92.8962233	4.84128293e-11
1937	98.36464029	1.870148481e-11
1938	104.4692319	2.676969757e-11
1939	110.1584464	8.512301974e-12
1940	114.0084128	2.28546071e-11
1941	114.4649952	1.035616037e-11
1942	110.3913317	2.278355282e-11
1943	101.7475659	3.730349363e-12
1944	90.04890054	2.041034008e-11
1945	78.24792138	1.801936378e-11
1946	69.91458488	2.223998763e-11
1947	67.9499338	3.907274504e-11
1948	73.37287991	1.629629764e-11
1949	84.7734937	1.845990028e-11
1950	98.76300509	8.764544646e-12
1951	111.2790134	-3.211653166e-12
1952	119.1647506	1.761790713e-11
1953	121.2782522	1.043787279e-11
1954	118.6091769	2.381383979e-11
1955	113.3879022	-1.083932943e-11
1956	107.6989158	1.480771061e-11
1957	102.3697091	-3.328537446e-11
1958	96.74603383	-3.466382736e-11
1959	89.46189558	-1.545075179e-11
1960	79.73962549	-1.850253284e-11
1961	68.43202381	7.894129794e-12
1962	58.13529995	-1.23634436e-11
1963	52.20769049	8.530065543e-12
1964	53.15324897	1.564970376e-11
1965	61.22699905	2.121325338e-11
1966	74.0556391	1.836042429e-11
1967	87.56343773	-6.846079259e-12
1968	97.80626953	9.652723065e-12
1969	102.8149362	-8.281375585e-12
1970	103.507221	-1.235989089e-11
1971	103.1792665	-7.904787935e-12
1972	105.8010356	9.563905223e-12
1973	113.9473599	1.177369313e-11
1974	127.3815403	6.13198381e-12
1975	142.9808884	1.570299446e-12
1976	156.0281157	-1.236699632e-11
1977	162.233561	-1.278976924e-12
1978	159.5302902	1.300293206e-12
1979	148.8414418	8.618883385e-12
1980	133.5504512	1.566391461e-11
1981	118.0219923	2.005862143e-11
1982	105.9152663	2.126654408e-11
1983	99.03160248	2.15827356e-11
1984	97.09000725	2.201971938e-11
1985	98.34293989	1.968913921e-11
1986	100.5863416	-9.308109838e-13
1987	102.0405923	2.048139436e-11
1988	101.7711722	4.149569577e-12
1989	99.62805261	3.753442002e-11
1990	95.92298109	3.493028089e-11
1991	91.11924481	5.091749244e-11
1992	85.69199183	2.483702133e-11
1993	80.14102557	3.567990348e-11
1994	75.02955411	1.868727395e-11
1995	70.94110472	4.801492537e-11
1996	68.35410296	2.174260771e-11
1997	67.53062847	3.245759217e-11
1998	68.51957471	3.44648754e-11
1999	71.27882717	4.255085173e-11
2000	75.80181726	1.951150352e-11
2001	82.09349319	3.058175935e-11
2002	89.93177798	5.172751116e-12
2003	98.52916361	1.879385536e-11
2004	106.354602	1.159250473e-11
2005	111.3674118	1.370992209e-11
2006	111.7177384	1.177369313e-11
2007	106.6720478	-5.400124792e-13
2008	97.30157268	1.623945423e-11
2009	86.48435964	1.852740183e-11
2010	78.05533197	1.27258204e-11
2011	75.37082899	2.347633199e-11
2012	79.90537474	1.393019033e-11
2013	90.55843923	1.765698698e-11
2014	104.0517506	8.91375862e-12
2015	116.2739853	3.236522161e-12
2016	123.9480815	-7.712941397e-12
2017	125.8208644	-2.32205366e-11
2018	122.8147965	-2.224709306e-11
2019	117.1228178	-5.798028724e-12
2020	110.7839424	-2.157563017e-11
2021	104.5458319	-3.900879619e-12
2022	97.6478799	-1.022470997e-11
2023	88.63224839	2.625455409e-12
2024	76.69732266	-2.488320661e-11
2025	62.77871132	5.702105454e-12
2026	49.66824299	-1.328714916e-11
2027	41.00319507	1.378808179e-11
2028	39.5956508	3.865352483e-12
2029	45.97368111	1.982414233e-12
2030	57.94243005	1.853450726e-11
2031	71.46546862	2.086508744e-11
2032	82.47925278	1.97921679e-11
2033	88.7521461	3.134559279e-11
2034	90.854284	-1.691091711e-12
2035	91.74382606	2.98427949e-13
2036	95.17063573	1.596944799e-11
2037	103.6888024	-2.152944489e-12
2038	117.2532202	3.826272632e-12
2039	133.068384	8.814282637e-12
2040	146.7304939	9.343636975e-13
2041	154.0845978	2.765077056e-11
2042	152.9144725	-8.09308176e-12
2043	143.7238304	1.818989404e-11
2044	129.3492253	1.899991275e-11
2045	113.7007396	7.911893363e-12
2046	100.2773356	1.071143174e-11
2047	91.10400833	2.453504067e-11
2048	86.43651219	2.321698389e-11
2049	85.17184622	2.630073936e-11
2050	85.60919521	2.835776058e-11
2051	86.15112711	3.592148801e-11
2052	85.69413635	3.121058967e-11
2053	83.69499127	2.549782607e-11
2054	80.06299212	2.570743618e-11
2055	75.0426069	3.009148486e-11
2056	69.14998662	1.6701307e-11
2057	63.11456248	3.856115427e-11
2058	57.74706981	3.393907377e-11
2059	53.72597981	5.464073638e-11
2060	51.39962038	5.973177508e-11
2061	50.7437762	4.152767019e-11
2062	51.54045571	4.063238634e-11
2063	53.68818812	2.180655656e-11
2064	57.42497665	1.649524961e-11
2065	63.24968805	4.877875881e-12
2066	71.49500153	2.259170628e-11
2067	81.75169501	7.496225862e-12
2068	92.51480065	2.333422344e-11
2069	101.3843212	2.779998454e-11
2070	105.8882685	1.904254532e-12
2071	104.6285092	2.862421411e-11
2072	98.18942628	2.746247674e-11
2073	89.27051868	1.070787903e-11
2074	81.83638954	1.779909553e-11
2075	79.57116422	5.65947289e-12
2076	84.31941922	1.880096079e-11
2077	95.26320604	9.329426121e-12
2078	109.2606732	2.614797268e-11
2079	122.2055905	2.318145675e-11
2080	130.7512002	-5.321965091e-12
2081	133.5557764	-7.393197166e-12
2082	131.461227	-2.377475994e-11
2083	126.5828197	-6.30606678e-12
2084	120.8656423	-1.946531825e-11
2085	114.9373038	-7.446487871e-12
2086	107.9038032	-2.174260771e-11
2087	98.19326374	-9.602985074e-12
2088	84.94771305	-9.737988194e-12
2089	69.13244065	-1.15569776e-11
2090	53.66466012	3.613109811e-12
2091	42.39320786	5.325517805e-12
2092	38.4024526	1.456612608e-12
2093	42.51431137	-8.995471035e-12
2094	52.79740681	-4.654054919e-12
2095	65.38858308	-5.009326287e-12
2096	76.2540586	1.712052722e-11
2097	83.02523239	1.07007736e-11
2098	85.99812233	2.178879299e-11
2099	87.80806721	2.469136007e-11
2100	91.95830054	9.595879646e-12
2101	100.9448076	9.304557125e-12
2102	114.8961991	-2.263078613e-12
2103	131.3619016	8.853362488e-12
2104	146.3004487	-8.313350008e-12
2105	155.7494246	2.813749234e-11
2106	157.3810128	1.648103876e-11
2107	151.2737988	1.849542741e-11
2108	139.6603145	3.74775766e-11
2109	125.89693	5.283951054e-11
2110	113.2033253	3.976552421e-11
2111	103.714698	3.149480676e-11
2112	98.13552508	3.290523409e-11
2113	95.95347919	2.3426594e-11
2114	95.94841127	1.658406745e-11
2115	96.70306056	2.973266078e-11
2116	96.95051894	2.359001883e-12
2117	95.75739678	1.072919531e-11
2118	92.62656156	8.267164731e-12
2119	87.57394034	3.964117923e-11
2120	81.14628967	3.607780741e-11
2121	74.29732217	2.379962893e-11
2122	68.08842353	2.954081424e-11
2123	63.30393907	3.624478495e-11
2124	60.17626835	4.225952921e-11
2125	58.40612299	4.681766086e-11
2126	57.51283463	3.41273676e-11
2127	57.33449625	3.014832828e-11
2128	58.35647039	3.811351235e-11
2129	61.59284118	1.48290269e-11
2130	67.98532431	1.974953534e-11
2131	77.59695167	3.000621973e-11
2132	89.07524444	7.489120435e-12
2133	99.79722589	5.158540262e-12
2134	106.7826406	7.023714943e-12
2135	108.028801	2.02327044e-11
2136	103.6215441	1.678657213e-11
2137	96.002306	2.775735197e-11
2138	89.14397618	-2.447819725e-12
2139	86.93427512	3.439026841e-12
2140	91.49848719	-2.74269496e-11
2141	102.2688892	2.177813485e-12
2142	116.2639967	-3.289812867e-11
2143	129.4420169	-1.185895826e-11
2144	138.4511775	-3.005595772e-11
2145	141.9060391	-1.340794142e-11
2146	140.5828365	-1.617195267e-11
2147	136.510705	-6.892264537e-13
2148	131.5252313	-6.806999409e-12
2149	126.1255492	-1.451283538e-11
2150	119.2857979	-3.31148442e-11
2151	109.3207668	-3.002753601e-11
2152	95.29809156	-1.649524961e-11
2153	78.16249455	4.579447932e-12
2154	60.87532361	3.010569571e-11
2155	47.40366033	2.078692773e-11
2156	41.02907616	3.714717423e-11
2157	42.83904868	2.701838753e-11
2158	51.19756172	3.05959702e-11
2159	62.49783197	-5.805134151e-12
2160	72.84180518	2.085798201e-11
2161	79.81677913	1.195488153e-11
2162	83.49600588	-9.49285095e-12
2163	86.19251916	2.635047736e-11
2164	91.12509533	-2.152944489e-12
2165	100.6828033	1.320188403e-11
2166	115.1373684	-1.193356525e-11
2167	132.3888495	1.374900194e-12
2168	148.7999458	1.683631012e-11
2169	160.661573	-1.756816914e-11
2170	165.5882895	-2.268052413e-11
2171	163.2574985	-2.379962893e-11
2172	155.2800831	-6.316724921e-12
2173	144.4030842	1.578825959e-11
2174	133.4892724	1.87263538e-11
2175	124.7058586	2.362909868e-11
2176	119.1463629	1.669064886e-11
2177	116.8589023	2.697220225e-11
2178	117.1039696	-1.943334382e-11
2179	118.666793	-1.286082352e-12
2180	120.1491905	-8.142819752e-12
2181	120.2569858	2.453148795e-11
2182	118.1044358	2.270184041e-11
2183	113.4821668	2.166444801e-11
2184	106.9586647	2.219735507e-11
2185	99.69659641	3.37649908e-11
2186	92.99160338	5.435296657e-11
2187	87.71830165	4.343192472e-11
2188	83.97525557	2.981437319e-11
2189	81.16131517	7.684519687e-12
2190	78.49160476	5.645262036e-12
2191	75.68761443	9.777068044e-12
2192	73.42089564	4.721556479e-12
2193	73.17306907	2.490452289e-11
2194	76.48228328	-6.263434216e-12
2195	83.92179525	1.43636214e-11
2196	94.3808584	1.277200568e-11
2197	105.1361659	9.606537787e-12
2198	112.8227944	-1.18944854e-11
2199	114.9220971	-7.620570841e-12
2200	111.0495153	-9.173106719e-12
2201	103.3520214	-2.167865887e-11
2202	95.72951867	1.261213356e-11
2203	92.18314417	7.876366226e-12
2204	95.05759878	-9.336531548e-12
2205	104.0275784	-1.690025897e-11
2206	116.3202005	-1.016431384e-11
2207	128.0440734	-2.702549295e-11
2208	135.9371142	-3.482014677e-11
2209	138.6478484	-2.86206614e-11
2210	136.9356063	-3.227285106e-11
2211	132.7676271	-3.598898957e-12
2212	127.8838397	-2.103917041e-11
2213	122.6709427	-9.485745522e-12
2214	115.9908582	-1.726974119e-11
2215	106.0560231	-1.448796638e-11
2216	91.84223243	-1.024247354e-11
2217	74.21208563	-1.590549914e-11
2218	56.06456215	-3.023359341e-12
2219	41.35146653	-7.247535905e-13
2220	33.42230131	1.265831884e-11
2221	33.53719996	2.295763579e-11
2222	40.31830486	2.563282919e-11
2223	50.43209159	2.097166885e-11
2224	60.16587669	5.513811629e-12
2225	67.11420001	2.080824402e-11
2226	71.15378104	-1.464428578e-11
2227	74.26536462	6.757261417e-12
2228	79.34555393	-1.886490963e-12
2229	88.63415249	1.381295078e-11
2230	102.5256831	3.861799769e-12
2231	119.2909593	2.596323156e-11
2232	135.7601164	4.185096714e-12
2233	148.5705019	2.200195581e-11
2234	155.3787938	-3.623767952e-13
2235	155.5439303	1.161382102e-11
2236	150.105163	-1.716315978e-11
2237	141.2143156	8.235190307e-12
2238	131.3641584	5.361044941e-12
2239	122.729676	2.798117293e-11
2240	116.7751414	-6.060929536e-12
2241	114.109215	-1.076472245e-11
2242	114.4958363	-1.185185283e-11
2243	116.9638682	4.487077376e-12
2244	120.032414	2.746247674e-12
2245	122.0889548	2.355093898e-11
2246	121.8838545	-2.860645054e-11
2247	118.9833784	5.453415497e-12
2248	113.955834	-1.499955715e-11
2249	108.1345427	2.743405503e-11
2250	103.0027917	2.763655971e-11
2251	99.47557911	3.421263273e-11
2252	97.46338092	2.575717417e-11
2253	95.99786946	4.946443255e-11
2254	93.90576564	3.115729896e-11
2255	90.68665848	1.312372433e-11
2256	87.08078815	1.596234256e-11
2257	84.92847509	2.231459462e-11
2258	86.29146132	2.447109182e-11
2259	92.23979753	3.191402698e-11
2260	101.9589563	8.714806654e-12
2261	112.7350962	4.601830028e-11
2262	120.9522758	3.208100452e-12
2263	123.6938659	2.260236442e-11
2264	120.174741	1.102762326e-11
2265	112.2565624	9.66693392e-12
2266	103.7268448	-2.579625402e-11
2267	98.64312404	-1.936939498e-11
2268	99.53083461	-3.845457286e-11
2269	106.3122692	-4.066791348e-11
2270	116.4773246	-2.165023716e-11
2271	126.3727934	-3.16333626e-11
2272	132.9209178	-2.114575182e-11
2273	134.8810092	-7.219114195e-12
2274	133.0427112	-4.954259225e-11
2275	129.3329602	-2.538769195e-11
2276	125.4057998	-4.411404575e-11
2277	121.5460616	-1.060485033e-11
2278	116.5165086	-2.082245487e-11
2279	108.4306208	1.597655341e-11
2280	96.14573375	9.322320693e-12
2281	80.36846522	1.221422963e-11
2282	63.8112381	2.03890238e-11
2283	50.25186277	3.621991596e-11
2284	42.94494096	-8.05400191e-12
2285	43.18983937	5.886846566e-12
2286	49.78617047	2.100719598e-11
2287	59.65001091	1.535838123e-11
2288	69.27235903	1.221067691e-11
2289	76.28891288	1.137223649e-11
2290	80.40413962	1.777777925e-11
2291	83.26800573	2.239275432e-11
2292	87.43743751	9.308109838e-12
2293	94.98406897	4.209965709e-12
2294	106.4275431	-2.511768571e-12
2295	120.450287	-2.819433575e-11
2296	134.4339202	8.171241461e-13
2297	145.4797723	-9.453771099e-12
2298	151.4176194	-1.373123837e-11
2299	151.4092367	7.972289495e-12
2300	146.0153288	2.33484343e-11
2301	136.8485712	1.208988465e-11
2302	126.0531642	2.211919536e-11
2303	115.8100472	-4.600764214e-13
2304	107.9449849	-7.336353747e-12
2305	103.6252667	8.665068663e-12
2306	103.1327951	1.622346701e-11
2307	105.77174	9.901413023e-12
2308	110.0198586	3.806022164e-11
2309	113.9847308	1.586464293e-11
2310	116.0755157	5.242206669e-11
2311	115.6330785	3.158184825e-11
2312	113.2006835	3.558575656e-11
2313	110.2408097	6.37356834e-12
2314	108.3765458	8.904876836e-12
2315	108.5164755	4.378186702e-11
2316	110.337061	2.681233013e-11
2317	112.4494814	3.853628527e-11
2318	113.2196569	1.331379451e-11
2319	111.8267737	2.687272627e-11
2320	108.960357	2.130207122e-11
2321	106.699165	2.609290561e-11
2322	107.5375169	3.677413929e-11
2323	113.0095573	-1.137401284e-11
2324	122.6377825	-5.899281064e-12
2325	133.8248944	-1.687538997e-11
2326	142.8480187	1.054090149e-11
2327	146.5323186	-1.204725208e-11
2328	143.7898642	-1.168487529e-11
2329	136.233141	-2.000177801e-12
2330	127.5170001	-1.47917234e-11
2331	121.7046751	-3.478106692e-12
2332	121.4551646	-3.400124626e-11
2333	126.9212627	-2.794209308e-11
2334	135.8770194	-3.753974909e-11
2335	144.9561672	-2.121147702e-11
2336	151.318854	-1.651478954e-11
2337	153.8722487	-1.787903159e-11
2338	153.4473658	1.447020281e-11
2339	151.9213826	-7.803535595e-12
2340	150.8475444	8.88000784e-12
2341	150.4023978	-6.849631973e-12
2342	149.2547013	2.220446049e-13
2343	145.4244962	-2.362376961e-11
2344	137.635988	-4.920508445e-12
2345	126.3858439	-1.30384592e-11
2346	114.100022	-1.863398325e-11
2347	104.2478282	1.327826737e-11
2348	99.84622783	-1.037037123e-11
2349	102.1141861	1.452882259e-11
2350	109.9560847	1.063860111e-11
2351	120.5191656	-1.249844672e-11
2352	130.5231596	-9.816147895e-12
2353	137.6906864	-1.934630234e-11
2354	141.5963001	-1.317346232e-11
2355	143.5827648	-9.681144775e-12
2356	145.8709739	6.732392421e-13
2357	150.3599074	-3.881339694e-12
2358	157.6999507	-1.378452907e-12
2359	167.0169749	-7.268852187e-12
2360	176.3091586	-7.021938586e-12
2361	183.2352658	-3.804778714e-11
2362	185.9049855	-2.020072998e-11
2363	183.383065	-1.611155653e-11
2364	175.82641	-3.845812557e-12
2365	164.3460398	1.528377425e-11
2366	150.7359597	-2.509992214e-12
2367	137.1505997	2.689937162e-11
2368	125.7295307	2.982325498e-11
2369	118.1537656	2.290967416e-11
2370	115.1957215	1.660005466e-11
2371	116.4316148	1.243805059e-11
2372	120.3157575	-8.345324432e-12
2373	124.7040453	1.141664541e-11
2374	127.6894568	5.970335337e-12
2375	128.3994171	9.913847521e-12
2376	127.3493441	6.268763286e-12
2377	126.1201492	4.70876671e-11
2378	126.4671218	3.030287132e-11
2379	129.2960952	5.586109353e-11
2380	134.0634925	1.8792079e-11
2381	138.9726659	1.693578611e-11
2382	141.9225113	1.902833446e-11
2383	141.7325028	1.810818162e-11
2384	138.9678185	7.670308833e-12
2385	135.8540182	5.650591106e-11
2386	135.2385686	3.52837759e-11
2387	139.0853149	4.464517644e-11
2388	147.285607	2.130562393e-11
2389	157.4556435	3.023359341e-11
2390	165.9026798	-4.008882115e-11
2391	169.3306595	-3.560352013e-11
2392	166.4459664	-2.521183262e-11
2393	158.64522	-1.764277613e-11
2394	149.4203922	-1.047162357e-11
2395	142.7688451	-1.318944953e-11
2396	141.4027092	-2.434141777e-11
2397	145.6438355	-4.670042131e-12
2398	153.5200263	-2.522959619e-11
2399	161.9465035	-3.131539472e-11
2400	168.3233789	-5.012523729e-11
2401	171.6981951	-7.583267347e-12
2402	172.9198265	-2.424727086e-11
2403	173.7835677	-7.480238651e-12
2404	175.7175018	-2.981614955e-11
2405	178.7884445	-8.546052754e-12
2406	181.5968889	2.6751934e-12
2407	182.1118922	-3.167244245e-12
2408	178.9626075	-7.151612635e-12
2409	172.4477369	-3.276845462e-11
2410	164.6811108	-3.304201357e-11
2411	158.7649678	-2.924771536e-11
2412	157.4067219	-8.881784197e-12
2413	161.6856993	1.052491427e-11
2414	170.58591	-1.158362295e-11
2415	181.5028339	1.000621808e-11
2416	191.4364582	-3.014832828e-11
2417	198.2628852	-1.621280887e-11
2418	201.4859153	-2.374278552e-11
2419	202.1763835	-3.579181396e-11
2420	202.2256021	-3.593747522e-11
2421	203.3445375	-4.079581117e-11
2422	206.2918429	-3.727329556e-11
2423	210.6229727	-2.471800542e-11
2424	214.9578924	-4.08935108e-11
2425	217.538536	-3.216626965e-11
2426	216.7927101	-1.955058337e-11
2427	211.7240362	7.624123555e-12
2428	202.1025378	-5.510258916e-11
2429	188.5223968	-5.135447623e-12
2430	172.3751974	-2.599698234e-11
2431	155.7051367	5.949019055e-12
2432	140.8654815	-1.98419059e-12
2433	129.9549024	8.895995052e-12
2434	124.1636465	4.222755479e-11
2435	123.302556	2.608757654e-11
2436	125.8010972	2.177102942e-11
2437	129.2885391	1.18820509e-11
2438	131.5785256	-1.359268254e-11
2439	131.6212988	9.322320693e-12
2440	129.9360001	1.491606838e-11
2441	128.2544157	2.843236757e-11
2442	128.5082695	3.185007813e-11
2443	131.66488	5.310596407e-11
2444	137.0427647	3.375255631e-11
2445	142.5223764	3.974065521e-11
2446	145.5997269	3.507594215e-11
2447	144.7562225	3.007905036e-11
2448	140.4034292	3.561417827e-11
2449	134.8450226	-1.23634436e-11
2450	131.202657	3.579891938e-11
2451	131.8164539	1.043609643e-11
2452	136.9459916	2.692956969e-12
2453	144.4793992	-2.926014986e-11
2454	150.8531242	-1.395328297e-11
2455	152.7535807	9.858780459e-12
2456	148.7510675	8.041567412e-12
2457	140.0362163	-3.539391003e-11
2458	129.8852808	-3.106848112e-11
2459	122.1330614	-3.302247364e-12
2460	119.4348419	-2.480149419e-11
2461	122.1863482	-8.798295426e-12
2462	128.6031739	1.174527142e-11
2463	135.8429359	-3.854694341e-12
2464	141.520029	2.585665015e-11
2465	144.796244	-1.84918747e-12
2466	146.5071328	1.928412985e-11
2467	148.3379437	-2.726530113e-11
2468	151.5828891	-2.865974125e-11
2469	156.2251129	-2.515321285e-12
2470	160.8624987	-1.593747356e-11
2471	163.508522	-2.427569257e-11
2472	162.8011032	-2.457944959e-11
2473	158.9293613	-2.263789156e-11
2474	153.7517797	4.902744877e-13
2475	150.0267547	1.111821746e-11
2476	150.1539586	-1.074873524e-11
2477	155.073323	-1.103472869e-11
2478	163.8653537	-6.698641641e-12
2479	174.215793	-4.690470234e-11
2480	183.4676869	-1.895550383e-11
2481	189.7193061	-5.809397408e-11
2482	192.4593005	-1.757882728e-11
2483	192.5134831	-1.690914075e-11
2484	191.4349576	-1.435118691e-11
2485	190.7061375	-1.760369628e-11
2486	191.1334824	-4.039790724e-11
2487	192.637351	-3.605649113e-11
2488	194.4046067	-2.798117293e-11
2489	195.2230373	-2.263078613e-11
2490	193.8179605	-3.480948862e-11
2491	189.1187794	-7.219114195e-12
2492	180.4886156	-2.97895042e-12
2493	167.9633528	6.661338148e-13
2494	152.460469	2.900613083e-11
2495	135.8133601	3.383426872e-11
2496	120.4720507	7.354117315e-13
2497	108.8399922	2.894928741e-11
2498	102.4380238	1.942090933e-11
2499	101.2650001	2.432720692e-11
2500	103.7226141	1.92077465e-11
2501	107.2451124	2.328093274e-11
2502	109.4167538	2.000177801e-11
2503	109.0639939	3.341149579e-11
2504	106.7602729	5.229949807e-11
2505	104.4407622	6.227907079e-12
2506	104.2796781	1.446842646e-11
2507	107.3950103	3.573852325e-11
2508	113.0782349	2.5492497e-11
2509	119.0030229	2.951416889e-11
2510	122.3565146	5.290878846e-11
2511	121.3265973	3.54276608e-11
2512	116.1518884	3.719158315e-11
2513	109.1379726	3.859490505e-11
2514	103.5754022	2.646594055e-11
2515	102.0844508	-1.498001723e-11
2516	105.2390315	-2.065547733e-11
2517	111.2015322	-2.208011551e-11
2518	116.5854277	1.600142241e-11
2519	118.1227981	-1.143085626e-11
2520	114.2904902	2.571454161e-11
2521	106.0690864	2.155431389e-11
2522	96.4623241	1.3804069e-11
2523	89.04756983	1.847411113e-11
2524	86.3170547	-2.188649262e-11
2525	88.64863006	1.606892397e-11
2526	94.3824337	-8.123279827e-12
2527	100.8824943	1.665156901e-11
2528	105.9569513	-1.493738466e-11
2529	108.8640315	7.40207895e-12
2530	110.4063197	-1.986144582e-11
2531	112.1447162	3.52962104e-12
2532	115.2459094	1.738342803e-11
2533	119.6512328	1.024957896e-12
2534	124.0389225	-3.198685761e-11
2535	126.58281	-4.551203858e-11
2536	126.0588461	-1.109867753e-11
2537	122.6655889	-1.498889901e-11
2538	118.0967085	-4.671818488e-13
2539	114.8223864	3.422684358e-11
2540	114.9617198	-2.66986433e-12
2541	119.3288141	1.634425928e-11
2542	127.1164611	5.579536833e-12
2543	136.3284676	1.641886627e-11
2544	144.69084	-4.330580339e-11
2545	150.5670662	-3.650058034e-11
2546	153.4629973	-2.176037128e-11
2547	153.9679377	-2.300026836e-11
2548	153.2738991	-9.695355629e-12
2549	152.5811755	-4.305888979e-12
2550	152.6687113	9.59943236e-12
2551	153.7392817	-9.084288877e-12
2552	155.4729491	6.201261726e-12
2553	157.1508505	-9.944045587e-12
2554	157.7691803	-2.698108403e-11
2555	156.1773241	-5.78914694e-12
2556	151.3330753	-1.405808803e-11
2557	142.7057522	1.489297574e-11
2558	130.7064238	-3.129940751e-12
2559	116.896513	4.271782927e-11
2560	103.7403506	3.570477247e-12
2561	93.86040921	4.274269827e-11
2562	89.04063571	4.882494409e-11
2563	89.43509599	9.238831922e-12
2564	93.4240656	1.494271373e-11
2565	98.28348723	1.183231291e-11
2566	101.4182637	5.286437954e-12
2567	101.5781539	1.538325023e-12
2568	99.42810594	2.271960398e-11
2569	97.13971089	5.298161909e-11
2570	97.17290709	3.479705413e-11
2571	100.8631851	5.30224753e-11
2572	107.5674815	5.926104052e-11
2573	114.8562412	3.073097332e-12
2574	119.6942336	8.904876836e-12
2575	120.0147255	2.574118696e-11
2576	115.8557158	1.420819018e-11
2577	109.433241	6.393108265e-12
2578	104.0770328	5.337064124e-12
2579	102.5585977	3.285371974e-12
2580	105.6751199	1.109246028e-11
2581	111.8303078	1.074162981e-11
2582	117.8360523	-2.301447921e-11
2583	120.5213515	6.77236045e-12
2584	118.3177162	-2.164757262e-11
2585	112.0140077	1.453948073e-12
2586	104.3203092	-3.3049119e-12
2587	98.50506287	1.741451428e-11
2588	96.83649713	6.201261726e-12
2589	99.62526345	2.131628207e-11
2590	105.3095821	2.292477319e-11
2591	111.4540248	1.941824479e-11
2592	116.0633056	-1.493649648e-11
2593	118.4907548	-2.750688566e-11
2594	119.4950776	-7.799094703e-12
2595	120.4980188	-9.948486479e-12
2596	122.5340352	-7.953637748e-12
2597	125.522842	1.738165167e-12
2598	128.2756188	-7.10986825e-12
2599	129.2071601	1.352695733e-11
2600	127.3248942	1.411493145e-11
2601	122.9231125	-2.568079083e-11
2602	117.592825	-3.134825732e-11
2603	113.5460786	-2.696687318e-11
2604	112.6223795	5.233147249e-12
2605	115.4931666	-2.070255078e-11
2606	121.4429801	-8.697043086e-12
2607	128.7807392	-9.529266265e-12
2608	135.6146799	-5.205613718e-12
2609	140.5821342	-2.874145366e-11
2610	143.2156542	-1.800870564e-11
2611	143.8679028	3.813838134e-12
2612	143.3516068	-4.623501582e-11
2613	142.5457803	-1.758593271e-12
2614	142.1462098	-1.787370252e-11
2615	142.5774597	4.047429059e-12
2616	143.962784	-4.715161595e-11
2617	146.0520438	-1.471800459e-11
2618	148.1213919	-7.950973213e-12
2619	148.9807747	-1.542410644e-11
2620	147.2414731	-3.394795556e-11
2621	141.8629599	7.395861701e-12
2622	132.7845836	1.328803734e-11
2623	121.2969609	-8.841816168e-12
2624	109.8483128	8.986145161e-11
2625	101.2327843	2.89537283e-11
2626	97.45396914	-2.33688624e-11
2627	98.79902402	2.664535259e-13
2628	103.6321139	6.219913473e-12
2629	109.0959828	3.506883672e-11
2630	112.4444472	-4.108535734e-11
2631	112.3659192	6.768985372e-11
2632	109.6132214	1.861177878e-11
2633	106.5799039	7.719247463e-11
2634	106.0049705	-1.35118583e-11
2635	109.4614397	-9.761080833e-12
2636	116.425907	3.211031441e-11
2637	124.4432161	7.33990646e-12
2638	130.3299167	3.510169932e-11
2639	131.803015	-1.936317773e-11
2640	128.6793729	1.934097327e-11
2641	123.0037965	-8.101075366e-12
2642	118.0235836	6.450662227e-11
2643	116.5369245	1.824673745e-11
2644	119.4747447	2.538058652e-11
2645	125.4514122	5.243450119e-11
2646	131.506711	-2.981437319e-11
2647	134.63651	-4.196643033e-12
2648	133.3072472	-4.126921027e-11
2649	128.1797675	6.54107879e-11
2650	121.7046143	1.82858173e-11
2651	116.8493875	5.022027239e-11
2652	115.6550652	4.434763667e-11
2653	118.3663669	5.349942711e-11
2654	123.5333232	3.637090629e-12
2655	128.9436853	-6.01136918e-11
2656	132.8183672	5.117684054e-12
2657	134.609691	-3.202682564e-11
2658	135.0147217	4.682476629e-12
2659	135.2811958	1.920952286e-11
2660	136.2724256	4.910294393e-11
2661	137.8587683	-4.811795407e-11
2662	138.978015	3.443734187e-11
2663	138.3016665	1.32072131e-12
2664	135.0975405	-4.136158083e-11
2665	129.7834165	-2.805311539e-11
2666	123.8605577	-4.059774739e-11
2667	119.2730956	2.913758124e-11
2668	117.548813	-4.85362861e-11
2669	119.1696016	1.314237608e-11
2670	123.4616776	7.19957427e-12
2671	128.9971664	2.381561615e-11
2672	134.2404031	1.164845997e-11
2673	138.0940001	-3.977085328e-11
2674	140.1219556	1.225064494e-11
2675	140.4496415	-1.154276674e-10
2676	139.514432	1.835243069e-11
2677	137.8652211	-3.896172274e-11
2678	136.0919922	5.207123621e-11
2679	134.8117479	-9.893774688e-11
2680	134.5687906	5.646239032e-11
2681	135.5828184	1.925570814e-12
2682	137.4458068	5.747935461e-11
2683	138.9998119	-1.036593034e-11
2684	138.6048588	-1.854694176e-11
2685	134.8077183	2.391864484e-12
2686	127.151177	-1.602185051e-11
2687	116.6916931	4.406519594e-11
2688	105.857003	6.102673922e-12
2689	97.57958043	4.635580808e-11
2690	94.04081774	1.910027692e-11
2691	95.62940465	9.475176199e-11
2692	100.6802126	5.21005461e-11
2693	106.2020368	-1.760724899e-11
2694	109.2936246	5.496403332e-11
2695	108.5592987	2.379252351e-11
2696	104.7931352	2.816191724e-11
2697	100.5504613	4.078692939e-11
2698	98.79799832	3.564215589e-11
2699	101.3276805	1.877342726e-11
2700	107.762623	7.123146517e-11
2701	115.6877303	1.143174444e-10
2702	121.8505199	-6.418909848e-11
2703	123.8106228	3.141265026e-11
2704	121.1748189	-3.545785887e-11
2705	115.771337	9.011547064e-11
2706	110.6780733	-2.726707748e-11
2707	108.623452	3.64486219e-11
2708	110.6021726	-1.801669924e-12
2709	115.4208655	9.452749694e-11
2710	120.3854027	-1.262101534e-12
2711	122.7383796	9.737100015e-12
2712	121.0763942	-2.858691062e-11
2713	116.0175951	4.855893465e-11
2714	109.8141208	3.119193792e-11
2715	105.1697299	3.690514561e-11
2716	103.9213379	1.390043636e-11
2717	106.2692698	2.715916381e-11
2718	110.9013095	2.54392063e-11
2719	115.8552355	3.085043332e-11
2720	119.5852179	2.608269156e-11
2721	121.6382885	2.664579668e-11
2722	122.6185152	-1.479927292e-11
2723	123.5447739	9.601652806e-12
2724	125.0426107	-9.648504218e-11
2725	126.8695798	8.589573497e-12
2726	128.0419583	-6.08091355e-12
2727	127.460177	2.924327447e-11
2728	124.6419868	-4.047917557e-11
2729	120.1267385	8.32729441e-11
2730	115.3221469	3.408162641e-11
2731	111.8907183	-1.561195617e-11
2732	111.0218589	-1.452615805e-12
2733	112.9708936	3.521938297e-11
2734	117.0653848	6.235456596e-12
2735	122.1062237	3.057998299e-12
2736	126.893686	2.37188047e-11
2737	130.5944537	1.401723182e-11
2738	132.820541	2.405942112e-11
2739	133.4970003	-9.789502542e-12
2740	132.7116627	6.076295023e-11
2741	130.6964687	2.67106337e-11
2742	127.9299352	-3.363043177e-11
2743	125.1999994	2.644418018e-11
2744	123.4471754	-3.016475958e-11
2745	123.3506832	6.489564441e-11
2746	124.8382011	-3.805267212e-11
2747	126.8397295	6.318989776e-11
2748	127.5474923	8.850697952e-13
2749	125.1861167	8.111467054e-11
2750	118.9745197	3.509725843e-11
2751	109.7707155	-8.992806499e-13
2752	99.97546855	1.916733439e-11
2753	92.62126339	-3.92552657e-12
2754	90.01742869	5.992228935e-11
2755	92.61258442	-2.048139436e-12
2756	98.68843003	2.647748687e-11
2757	105.1086173	1.247113524e-11
2758	108.8026387	1.213933398e-10
2759	108.2572938	2.977418312e-11
2760	104.2493565	-3.078270971e-11
2761	99.42266259	8.207434732e-12
2762	96.90760595	4.83451057e-11
2763	98.68712501	3.093614254e-11
2764	104.5556126	2.77480261e-11
2765	112.2121892	1.4421353e-11
2766	118.435273	5.45965495e-11
2767	120.7179229	5.489964039e-11
2768	118.5069027	6.995115598e-11
2769	113.4082155	1.657896043e-11
2770	108.2765288	6.780132011e-11
2771	105.6944405	1.898348145e-11
2772	106.6546404	7.779532574e-11
2773	110.125774	-6.92916835e-11
2774	113.6936766	1.89055438e-11
2775	114.8963897	6.445732836e-12
2776	112.5237934	2.835953694e-11
2777	107.207848	-1.484257162e-11
2778	101.039639	1.086291057e-10
2779	96.47669755	5.61546365e-11
2780	95.15819519	1.011191131e-12
2781	97.24563789	2.733258064e-12
2782	101.5752183	6.022959909e-13
2783	106.4483306	5.273992354e-11
2784	110.5603812	-5.835554262e-12
2785	113.5455745	3.364464263e-11
2786	115.8862038	-5.964118088e-13
2787	118.3239901	5.050826424e-11
2788	121.1877132	-1.569344654e-11
2789	124.0649386	-5.261524549e-11
2790	126.0067263	1.518385417e-11
2791	126.1193418	-6.7795769e-12
2792	124.1689501	2.628175455e-11
2793	120.8319331	-1.161049035e-11
2794	117.4468242	6.269584851e-11
2795	115.4189128	-3.110228741e-11
2796	115.6165743	6.964051558e-11
2797	118.0754848	-1.600847233e-11
2798	122.1224233	-1.374955705e-12
2799	126.7816097	-2.884364969e-11
2800	131.1885543	5.378697487e-12
2801	134.7849006	4.795525088e-11
2802	137.2550987	2.662431386e-11
2803	138.3565174	6.600317515e-11
2804	137.856485	1.516980985e-11
2805	135.6813881	6.092487626e-12
2806	132.1821831	6.155795318e-11
2807	128.2742491	6.054462487e-11
2808	125.2354351	1.361820379e-12
2809	124.1506406	-5.453082777e-11
2810	125.2551881	8.695606041e-11
2811	127.5765852	-1.256997978e-11
2812	129.1834416	2.345043604e-11
2813	128.0398284	-4.601097281e-12
2814	123.0956784	5.275227477e-11
2815	115.0385798	2.060146498e-11
2816	106.2363364	4.047456814e-11
2817	99.79007405	1.885475109e-11
2818	98.0995792	-2.180661207e-11
2819	101.6492799	3.971051266e-11
2820	108.6661852	3.274824856e-12
2821	115.8840829	4.796951725e-11
2822	120.077898	2.198102811e-11
2823	119.6121718	6.395334262e-11
2824	115.2135392	7.098999166e-11
2825	109.5616652	1.0530532e-10
2826	105.9013671	-1.648703396e-11
2827	106.3888866	-1.783018178e-12
2828	111.0230787	2.17903473e-11
2829	117.7015232	3.802513859e-12
2830	123.3479695	5.194511488e-12
2831	125.4993329	6.78346268e-12
2832	123.5151004	1.771227609e-11
2833	118.7943735	8.411826791e-12
2834	113.9277467	8.523926009e-11
2835	111.2749201	4.576927726e-11
2836	111.7419895	2.156352874e-11
2837	114.3925173	-8.323675083e-12
2838	117.0547543	-3.751621236e-11
2839	117.5511048	2.512101638e-11
2840	114.8667215	-6.480505021e-11
2841	109.6473631	4.940226006e-11
2842	103.8120425	4.32764935e-12
2843	99.55043081	9.730038997e-11
2844	98.27949575	1.79318782e-11
2845	100.1043314	8.778022753e-11
2846	104.0047671	2.91822122e-11
2847	108.5531222	-1.172018038e-11
2848	112.6988315	3.226929834e-11
2849	116.1727621	-1.923572412e-11
2850	119.3349848	2.418087952e-11
2851	122.638108	2.237632302e-11
2852	126.0946446	6.323208623e-11
2853	129.1029172	-6.430189714e-12
2854	130.7385853	1.743871714e-11
2855	130.3197581	7.418643477e-11
2856	127.8866955	6.34270414e-12
2857	124.2970495	1.803468486e-11
2858	120.8773327	-5.081091103e-11
2859	118.8366618	6.677591813e-11
2860	118.7770859	-2.084243889e-11
2861	120.5546118	1.43924872e-11
2862	123.5169017	6.749267811e-12
2863	126.9176186	6.812839182e-11
2864	130.2261529	-1.038480413e-11
2865	133.1599113	3.734434983e-11
2866	135.4846823	-3.499134316e-11
2867	136.8052213	-1.839950414e-11
2868	136.5791203	4.265476861e-12
2869	134.4186091	1.7532642e-12
2870	130.5067632	-3.654854197e-11
2871	125.8120977	8.353318037e-12
2872	121.8528627	-6.536993169e-13
2873	120.0223874	-1.637801006e-11
2874	120.7910223	1.147570927e-11
2875	123.2530109	2.409361599e-11
2876	125.366437	-6.448175327e-12
2877	124.8779145	1.76894055e-11
2878	120.5185344	-5.14996934e-11
2879	112.8416004	4.221112349e-11
2880	104.1948274	2.371614016e-11
2881	97.74374609	4.336131454e-11
2882	95.97439079	2.580158309e-12
2883	99.4206309	9.838485582e-11
2884	106.2940689	2.561817425e-11
2885	113.2560236	-4.951328236e-11
2886	116.9825285	1.012256945e-11
2887	115.7478288	1.567546093e-11
2888	110.2245325	9.580647387e-11
2889	103.0937607	-7.15472126e-12
2890	97.67178243	6.246203554e-11
2891	96.26550713	3.374367452e-11
2892	99.09839688	9.260903155e-11
2893	104.3343119	1.471311961e-11
2894	109.1419393	8.124212414e-11
2895	111.2028944	8.38489278e-11
2896	109.8587567	4.397993081e-11
2897	106.3177411	8.672351726e-11
2898	102.86564	3.171596319e-11
2899	101.5562262	1.123008353e-10
2900	103.1080711	3.349898137e-11
2901	106.5843748	7.447065187e-11
2902	109.9803085	1.57793778e-11
2903	111.3487805	7.871792107e-11
2904	109.8307268	5.177902551e-11
2905	106.0508308	-1.292299601e-13
2906	101.7198369	2.522027032e-11
2907	98.72288938	1.974376218e-11
2908	98.22405398	6.494094151e-11
2909	100.2552804	1.654409942e-11
2910	103.9424516	4.734923564e-11
2911	108.1502232	5.398748115e-11
2912	112.1171533	5.547384774e-11
2913	115.7113744	1.112354653e-11
2914	119.2088318	-5.966471761e-11
2915	122.8031914	2.440803115e-11
2916	126.2113206	-2.760147666e-11
2917	128.6555557	1.54627422e-11
2918	129.247167	-2.941247246e-11
2919	127.5314487	1.117772541e-11
2920	123.8484498	2.716138425e-11
2921	119.2763278	2.211919536e-11
2922	115.1807502	1.95496952e-11
2923	112.6307644	-7.392930712e-11
2924	112.0122306	7.118616807e-11
2925	113.0345729	1.149125239e-11
2926	115.0757	5.439382278e-11
2927	117.605454	-2.166622437e-11
2928	120.400158	8.553691089e-11
2929	123.4252541	2.204725291e-11
2930	126.509764	5.967937255e-11
2931	129.0992989	-1.635491742e-11
2932	130.3381242	5.795186553e-11
2933	129.5078546	2.440625479e-11
2934	126.5792591	-1.096989166e-11
2935	122.4959495	-5.826361615e-11
2936	118.9137968	-9.30722166e-12
2937	117.4287974	2.639222174e-11
2938	118.6640671	-1.11040066e-11
2939	121.7419644	3.19664295e-11
2940	124.5202373	3.433875406e-11
2941	124.5754287	4.800071451e-11
2942	120.4820422	-2.143174527e-12
2943	112.7141696	-4.121236685e-11
2944	103.6359145	8.48245918e-11
2945	96.49873941	1.902478175e-11
2946	93.8964118	6.538236619e-11
2947	96.44990322	3.149391858e-11
2948	102.4159872	1.3162893e-10
2949	108.4585219	5.876099607e-11
2950	111.2229641	1.000497463e-10
2951	108.9309704	3.748645838e-11
2952	102.1937412	6.433964472e-12
2953	93.64462932	9.284750746e-11
2954	86.60126474	2.523403708e-11
2955	83.46043129	2.944400279e-11
2956	84.64495879	-1.915534398e-11
2957	88.60621446	1.06400222e-10
2958	92.81660838	4.13997725e-11
2959	95.17438798	6.674305553e-11
2960	95.05912504	5.040945439e-11
2961	93.50602208	1.739204336e-10
2962	92.46892112	6.584865986e-11
2963	93.6322034	2.392752663e-11
2964	97.44574876	5.204192632e-11
2965	102.8932378	5.220091026e-11
2966	108.0729657	5.741540576e-11
2967	111.2238202	4.44329018e-11
2968	111.6135308	8.057021716e-11
2969	109.8256303	6.219735837e-11
2970	107.3467422	6.690559218e-11
2971	105.7456337	7.722444906e-11
2972	105.9294031	1.988897935e-11
2973	107.8658006	5.123190761e-11
2974	110.8523932	8.139267038e-12
2975	114.088639	1.291766694e-11
2976	117.157734	-2.820588207e-11
2977	120.1268065	2.775468744e-11
2978	123.2472867	2.023448076e-11
2979	126.5032883	6.094680316e-11
2980	129.3490615	7.545075675e-12
2981	130.8450438	-4.155342737e-11
2982	130.1353458	-5.941913628e-13
2983	126.9794822	-2.473043992e-11
2984	122.00357	6.201261726e-12
2985	116.5005696	4.019007349e-12
2986	111.8818399	1.52651225e-11
2987	109.0922965	4.821032462e-12
2988	108.3176162	3.437250484e-11
2989	109.1248611	1.739319799e-11
2990	110.9061707	3.848654728e-11
2991	113.3112727	7.561951065e-12
2992	116.376442	-2.927791343e-11
2993	120.2729525	2.131006482e-11
2994	124.8695769	-8.943512597e-11
2995	129.4529665	1.864375321e-11
2996	132.8703181	-2.588063097e-11
2997	134.0875655	5.664269054e-11
2998	132.8577966	1.097166802e-11
2999	130.0633315	5.318767649e-11
3000	127.4343657	1.090860735e-11
3001	126.6978208	3.455014053e-12
3002	128.5745845	4.643840867e-11
3003	132.1975125	-2.773781205e-11
3004	135.3504262	4.480149585e-11
3005	135.5001476	1.416466944e-11
3006	131.137385	8.608136426e-11
3007	122.7200425	1.486810675e-11
3008	112.6695027	7.409539649e-11
3009	104.3443406	4.347988636e-11
3010	100.4615515	4.506528484e-11
3011	101.7550839	2.936229038e-11
3012	106.5704794	1.378985814e-11
3013	111.6279533	2.671818322e-11
3014	113.5860556	2.091837814e-11
3015	110.6234698	5.660538704e-11
3016	103.2501601	7.543210501e-11
3017	93.96430172	4.347278093e-11
3018	85.96996572	5.007994019e-11
3019	81.6422695	8.372325055e-11
3020	81.52470101	9.78834791e-11
3021	84.32687368	8.208544955e-12
3022	87.84342762	7.662048773e-11
3023	90.23803782	-6.176392731e-12
3024	90.98276554	7.844036531e-11
3025	90.97876679	3.076827682e-11
3026	91.86099339	6.887468373e-11
3027	94.93384722	2.762501339e-11
3028	100.3554293	9.867573425e-11
3029	107.0077646	4.888800476e-11
3030	113.0808761	-3.957723038e-12
3031	117.0022397	-3.733013898e-12
3032	118.180479	-1.413980044e-12
3033	117.1783428	3.014832828e-11
3034	115.2803717	3.620836964e-11
3035	113.7607176	4.808953236e-11
3036	113.2918925	6.971312416e-12
3037	113.8030486	8.636558135e-11
3038	114.7949919	3.931166503e-11
3039	115.8409857	-9.932499268e-12
3040	116.9146055	-2.292299683e-11
3041	118.3309509	-2.788613784e-11
3042	120.3627339	1.459987686e-11
3043	122.8185579	-2.022826351e-11
3044	124.9035569	3.138289628e-11
3045	125.5032123	-2.680877742e-11
3046	123.7546005	4.768274664e-11
3047	119.5717199	1.112177017e-11
3048	113.7999369	1.584510301e-12
3049	107.8874321	3.873878995e-11
3050	103.2491094	7.467804153e-12
3051	100.6827848	7.267964008e-11
3052	100.1628632	-2.772360119e-11
3053	101.1024884	7.597300566e-11
3054	102.8855734	2.504485508e-11
3055	105.3063521	5.564615435e-11
3056	108.6215898	5.13722398e-12
3057	113.1811643	5.578115747e-11
3058	118.8944276	5.993605612e-11
3059	124.9245894	-2.382627429e-11
3060	129.8846122	9.837464177e-12
3061	132.4954957	-3.684164085e-12
3062	132.3481386	3.070077526e-11
3063	130.2875862	-5.741185305e-12
3064	128.1094106	-1.953992523e-12
3065	127.6435618	-1.93107752e-11
3066	129.6845291	3.614886168e-11
3067	133.3754085	-5.69322367e-12
3068	136.457611	-7.616307585e-11
3069	136.3435194	1.347721934e-11
3070	131.4997417	-1.295141772e-11
3071	122.4115556	2.030553503e-11
3072	111.5737207	-2.058619941e-11
3073	102.4436507	6.113332063e-11
3074	97.84372303	3.873523724e-11
3075	98.61083013	5.635847344e-11
3076	103.1863889	1.436006869e-11
3077	108.3660431	4.070876969e-11
3078	110.8340789	4.79847273e-11
3079	108.7093541	5.043077067e-12
3080	102.3381166	4.478195592e-11
3081	93.97498471	5.407940762e-11
3082	86.57368093	8.360423465e-11
3083	82.35170554	5.29976063e-11
3084	81.86814596	3.909050861e-11
3085	84.03671508	1.300648478e-11
3086	86.97500207	7.165112947e-11
3087	89.15644173	5.655742541e-11
3088	90.21360295	-2.012079392e-11
3089	90.98532649	7.606182351e-11
3090	92.84987765	2.05169215e-11
3091	96.78033862	1.031761343e-10
3092	102.6815064	-1.271693861e-11
3093	109.3684775	5.409361847e-11
3094	115.1592703	2.250999387e-11
3095	118.7095577	4.82689444e-11
3096	119.6100756	2.606093119e-11
3097	118.4418489	-5.026734584e-11
3098	116.3202883	2.734168447e-11
3099	114.2490331	5.313083307e-12
3100	112.680425	6.877343139e-11
3101	111.5110195	1.173461328e-11
3102	110.4456432	4.57625049e-11
3103	109.4313173	6.075140391e-13
3104	108.8352235	6.531486463e-11
3105	109.2286356	1.905675617e-11
3106	110.9161109	-4.40749659e-11
3107	113.5362359	2.767563956e-11
3108	116.0350814	-1.939781669e-12
3109	117.0885804	4.349764993e-11
3110	115.7642963	3.836930773e-12
3111	112.0461438	8.086686876e-11
3112	106.9062557	3.348432642e-12
3113	101.8654048	4.961187017e-11
3114	98.28356821	-2.736477711e-11
3115	96.78197328	6.96829261e-11
3116	97.11686775	1.353761547e-11
3117	98.54942434	2.530420318e-11
3118	100.4527117	-9.22284471e-12
3119	102.753106	1.510080949e-11
3120	105.9124725	1.457678422e-11
3121	110.4567207	8.755662861e-12
3122	116.3627902	4.027356226e-11
3123	122.7351094	6.15418827e-11
3124	128.0481515	4.552092037e-11
3125	130.8847023	1.820588125e-11
3126	130.7655256	-4.992628533e-11
3127	128.5557378	1.092992363e-11
3128	126.1331983	-1.704414387e-11
3129	125.4178117	3.681321914e-11
3130	127.2552857	-3.065281362e-11
3131	130.7874427	1.443645203e-11
3132	133.7223441	-1.281463824e-11
3133	133.4426611	2.882316608e-11
3134	128.4154626	-7.785772027e-12
3135	119.1604169	-2.570565982e-11
3136	108.2261975	1.509903313e-11
3137	99.12782951	-1.969446828e-11
3138	94.74614131	7.281286685e-12
3139	95.98711666	8.204992241e-12
3140	101.3784269	4.590283709e-11
3141	107.8026386	1.57012181e-11
3142	111.9855831	2.031441682e-11
3143	111.9835357	3.5567993e-11
3144	107.9396371	9.659473221e-11
3145	101.7845849	5.459810382e-11
3146	96.11259597	2.436806312e-11
3147	92.86992245	2.857625248e-11
3148	92.54038358	5.728040264e-11
3149	94.19412444	4.912337204e-11
3150	96.27474949	6.226130722e-12
3151	97.61338787	3.903366519e-11
3152	98.08102765	5.107381185e-11
3153	98.54469884	9.419842684e-11
3154	100.2148309	6.888711823e-11
3155	103.8120541	5.21538368e-12
3156	109.0540747	7.19957427e-11
3157	114.7434772	1.492495016e-11
3158	119.3708572	8.047251754e-11
3159	121.8562341	7.496225862e-13
3160	122.0003534	7.329958862e-11
3161	120.4211239	2.056665949e-11
3162	118.0722271	1.00989439e-10
3163	115.6808111	2.007993771e-11
3164	113.4583332	4.252598274e-12
3165	111.2341862	5.198330655e-11
3166	108.8731178	3.285194339e-11
3167	106.6500247	6.644640393e-11
3168	105.2873129	2.767563956e-11
3169	105.5888221	7.072742392e-11
3170	107.8836228	5.749178911e-11
3171	111.6430644	4.982325663e-11
3172	115.5547725	3.249311931e-11
3173	118.0702063	-1.028155339e-11
3174	118.1489355	6.878408954e-11
3175	115.7849026	-1.461941679e-12
3176	112.008355	2.031619317e-11
3177	108.3535334	1.540634287e-11
3178	106.0917635	5.936584557e-11
3179	105.6654165	-1.389111048e-12
3180	106.6351899	4.222933114e-11
3181	108.1420293	1.914735037e-11
3182	109.5724544	8.216005654e-11
3183	110.9933492	-1.02726716e-11
3184	113.068595	-1.044497822e-11
3185	116.5009987	-2.715694336e-11
3186	121.3580439	2.863309589e-11
3187	126.7410683	6.201261726e-12
3188	131.0706566	-9.579892435e-12
3189	132.8867197	-1.984723497e-11
3190	131.7208312	4.888534022e-12
3191	128.5037294	5.172040574e-11
3192	125.1980643	4.115818797e-12
3193	123.7815748	-4.147970856e-11
3194	125.1038915	4.381917051e-11
3195	128.2634983	-2.23234764e-11
3196	130.909822	1.260502813e-11
3197	130.3854939	2.353139905e-11
3198	125.1503904	6.822453713e-11
3199	115.7393697	9.208633855e-12
3200	104.7174592	5.060485364e-11
3201	95.6070715	6.117950591e-11
3202	91.30085843	1.201883038e-11
3203	92.74973159	3.77902154e-11
3204	98.5775556	-5.506706202e-14
3205	105.7956419	5.162448247e-11
3206	111.2289466	1.485567225e-11
3207	112.921013	6.402878228e-11
3208	110.8330794	2.007283229e-12
3209	106.5547694	9.72786296e-11
3210	102.270332	4.200373382e-11
3211	99.58813036	7.739053842e-11
3212	98.85595351	3.496403167e-11
3213	99.26435681	5.606537457e-11
3214	99.58164294	5.09317033e-11
3215	99.02956667	4.904876505e-11
3216	97.77611612	1.057216537e-10
3217	96.78823453	6.571454492e-11
3218	97.18104837	1.092441693e-10
3219	99.48651784	6.630429539e-11
3220	103.2844264	1.184012888e-10
3221	107.3970298	2.396483012e-11
3222	110.5031286	-8.206768598e-13
3223	111.7884821	2.00888195e-11
3224	111.2540583	-3.277378369e-12
3225	109.536083	5.034372919e-11
3226	107.399744	2.662758902e-11
3227	105.2593085	4.230393813e-11
3228	103.0372311	2.304467728e-11
3229	100.4357236	9.529443901e-11
3230	97.41191367	3.592859343e-11
3231	94.50331301	2.098765606e-11
3232	92.73771741	3.806732707e-11
3233	93.12883878	3.638511714e-11
3234	96.0394892	4.046718516e-11
3235	100.8094265	3.869615739e-11
3236	105.9151404	6.995826141e-11
3237	109.6242296	1.916866665e-11
3238	110.8081919	3.979572227e-11
3239	109.4670752	8.816769537e-11
3240	106.6706928	5.882050402e-11
3241	103.9505974	4.518163621e-11
3242	102.4918286	-4.319922198e-11
3243	102.5855215	5.997868868e-11
3244	103.6431619	-9.642064924e-12
3245	104.7337056	6.088640703e-11
3246	105.2886745	-6.227907079e-12
3247	105.5197255	7.857181572e-11
3248	106.2729631	1.978506248e-11
3249	108.4000311	9.788969635e-11
3250	112.0430493	5.118394597e-11
3251	116.3109501	-7.572609206e-12
3252	119.6083598	1.752908929e-11
3253	120.4834184	2.601829863e-11
3254	118.5204969	7.256417689e-12
3255	114.7289223	1.140953998e-11
3256	111.1318824	3.705302731e-11
3257	109.7103158	2.030020596e-11
3258	111.2505082	7.295319904e-11
3259	114.74716	4.913580653e-11
3260	117.7492956	3.957723038e-12
3261	117.5360796	3.987388197e-11
3262	112.5448953	7.06457115e-12
3263	103.3061658	4.801314901e-11
3264	92.3712841	8.986589251e-12
3265	83.23494485	1.421796014e-11
3266	78.77640768	5.48787682e-11
3267	79.99380594	1.06604503e-10
3268	85.64816072	7.810818659e-11
3269	92.95745684	7.409006741e-11
3270	98.94548855	5.234390699e-11
3271	101.7412635	2.702904567e-11
3272	101.1980383	8.422951225e-11
3273	98.59977669	2.7180036e-11
3274	95.71598812	5.756461974e-11
3275	93.78198845	3.387690128e-11
3276	92.96032126	6.623146476e-11
3277	92.51534845	3.154809747e-11
3278	91.50820156	1.116067239e-10
3279	89.53948543	5.424283245e-11
3280	87.08143549	1.510969128e-11
3281	85.2215159	6.741274206e-11
3282	85.00549244	7.164224769e-11
3283	86.79955217	7.46833706e-11
3284	90.05838362	5.223910193e-11
3285	93.62245416	9.241141186e-11
3286	96.34255248	7.723066631e-11
3287	97.64239791	1.025153296e-10
3288	97.68919545	4.075850768e-11
3289	97.10220901	3.681854821e-11
3290	96.42346298	1.00939701e-10
3291	95.71818164	9.188383387e-11
3292	94.57763683	7.183231787e-11
3293	92.52548977	5.933031844e-11
3294	89.5529923	1.175468611e-10
3295	86.40486743	7.62678809e-11
3296	84.37693741	8.352607495e-11
3297	84.68837209	3.96465083e-11
3298	87.77182364	6.329692326e-11
3299	92.9074602	8.081357805e-11
3300	98.45207068	-1.148414697e-11
3301	102.5778814	5.541167525e-11
3302	104.1347145	5.210409881e-11
3303	103.1651015	1.076365663e-10
3304	100.7908258	8.741452007e-12
3305	98.5451158	2.462385851e-11
3306	97.5398672	6.471978509e-11
3307	97.94521459	4.784261876e-11
3308	99.0656991	1.065814104e-14
3309	99.93643842	-3.636557722e-11
3310	100.0491573	5.788791668e-11
3311	99.74118027	2.771116669e-12
3312	99.99016757	3.70494746e-11
3313	101.7307145	-3.83870713e-11
3314	105.1209564	2.236077989e-11
3315	109.2440406	1.88045135e-11
3316	112.4855727	6.334310854e-11
3317	113.4194761	7.840839089e-12
3318	111.7020575	-3.659650361e-11
3319	108.4234225	6.169997846e-11
3320	105.6435607	4.510170015e-11
3321	105.3012685	6.273026543e-11
3322	108.0669348	4.495248618e-11
3323	112.7880792	9.671197176e-11
3324	116.8889429	8.927258932e-11
3325	117.5788887	1.087521184e-10
3326	113.2746137	1.609734568e-11
3327	104.5000544	7.942091429e-11
3328	93.78080922	3.307221164e-11
3329	84.56567544	8.209255498e-11
3330	79.70961751	7.49054152e-11
3331	80.27064871	7.682032788e-11
3332	85.1943212	2.335198701e-11
3333	91.98740371	6.413003462e-11
3334	97.97712699	8.173373089e-11
3335	101.4845435	8.246914263e-11
3336	102.3417712	7.817035907e-11
3337	101.5781667	8.615330671e-11
3338	100.5574402	3.877431709e-11
3339	100.1123679	8.499156934e-11
3340	100.1632442	5.672617931e-11
3341	99.97784329	7.361933285e-11
3342	98.83995927	1.766409241e-11
3343	96.66970174	1.054054621e-10
3344	94.20125417	6.572875577e-11
3345	92.61872573	8.124345641e-11
3346	92.88984314	6.658495977e-11
3347	95.21485597	6.361133842e-11
3348	98.92375838	1.21389121e-10
3349	102.8698527	4.912337204e-11
3350	106.062529	4.579092661e-11
3351	108.144758	6.618350312e-11
3352	109.431911	1.131965632e-10
3353	110.5144629	5.971756423e-11
3354	111.7071232	8.103739901e-11
3355	112.7251162	9.09281539e-11
3356	112.8221662	5.499956046e-11
3357	111.3237976	6.380318496e-11
3358	108.2212235	3.021938255e-11
3359	104.4259254	1.213251721e-10
3360	101.4713145	4.871480996e-11
3361	100.7795224	4.06465972e-11
3362	102.889586	2.527755782e-11
3363	107.0956402	7.037570526e-11
3364	111.7295395	4.375522167e-11
3365	114.9604058	8.809664109e-11
3366	115.684423	3.144151606e-11
3367	114.0198278	7.146283565e-11
3368	111.1431989	6.852474144e-11
3369	108.5778378	4.010658472e-11
3370	107.3549048	-1.147526518e-12
3371	107.5308407	2.179234571e-11
3372	108.3229925	9.094236475e-11
3373	108.7505223	5.691447313e-11
3374	108.3631691	1.660893645e-11
3375	107.5898399	4.304112622e-11
3376	107.4754898	4.63877825e-11
3377	108.9587951	3.867128839e-11
3378	112.1430998	-2.542321909e-11
3379	116.0425166	3.764100143e-11
3380	119.0156791	2.430056156e-12
3381	119.6830039	2.525979426e-11
3382	117.8054938	-1.618261081e-11
3383	114.5810749	5.956835025e-11
3384	112.117463	-1.88293825e-13
3385	112.3069933	-1.710631636e-11
3386	115.6943882	1.142197448e-11
3387	120.9765938	3.240785418e-11
3388	125.4625434	4.031619483e-11
3389	126.3114743	5.305977879e-11
3390	121.9391185	4.014566457e-11
3391	112.8710527	2.128075494e-11
3392	101.5974596	8.096279203e-11
3393	91.49734453	7.682388059e-11
3394	85.37551255	9.049827554e-11
3395	84.33790768	4.251177188e-11
3396	87.52902338	5.717026852e-11
3397	92.78873917	1.061053467e-10
3398	97.81504871	1.360334068e-11
3399	101.1965361	7.847233974e-11
3400	102.8101837	1.024389462e-10
3401	103.4721385	1.202273836e-10
3402	104.148157	6.808065223e-11
3403	105.2412675	9.371348142e-11
3404	106.3725224	7.852563044e-11
3405	106.7366154	3.66462416e-11
3406	105.7571512	5.579892104e-11
3407	103.5981424	6.636469152e-12
3408	101.1988382	1.12169829e-10
3409	99.80861049	3.569056162e-11
3410	100.3116696	9.765344089e-11
3411	102.7569372	1.09327658e-10
3412	106.3748251	7.866418628e-11
3413	110.0578268	7.894840337e-11
3414	112.9965657	3.317879305e-11
3415	115.0732455	7.724665352e-11
3416	116.7741968	3.842259844e-11
3417	118.6920923	9.922018762e-11
3418	120.9538478	3.889510936e-11
3419	122.9655547	3.657518732e-11
3420	123.6727826	4.055067393e-11
3421	122.2082927	5.80229198e-11
3422	118.5394674	7.833023119e-11
3423	113.6983195	-7.553069281e-12
3424	109.4047139	6.340883374e-11
3425	107.2492261	2.814459776e-11
3426	107.8752875	3.850075814e-11
3427	110.6240963	-4.494182804e-12
3428	113.85818	6.281553055e-11
3429	115.7993562	4.092015615e-11
3430	115.4242763	7.258549317e-11
3431	112.9278167	3.378630709e-12
3432	109.5128772	7.397815693e-11
3433	106.6511887	-5.517364343e-12
3434	105.2582302	3.051070507e-11
3435	105.2616243	3.599609499e-11
3436	105.7961052	5.542233339e-11
3437	105.8764578	1.030286967e-11
3438	105.1110502	4.340705573e-11
3439	103.9969024	3.585043373e-11
3440	103.597956	1.196553967e-11
3441	104.7965382	2.848921099e-11
3442	107.5890814	1.968203378e-11
3443	110.8954829	2.352606998e-11
3444	113.0576482	2.393463205e-11
3445	112.7834319	3.428013429e-11
3446	109.9956278	3.948485983e-11
3447	106.0565023	1.616484724e-12
3448	103.1662214	4.019184985e-11
3449	103.2016568	4.338573945e-11
3450	106.6048376	5.849187801e-11
3451	111.9447621	1.622169066e-11
3452	116.4408293	-1.274003125e-11
3453	117.2272418	5.618616683e-11
3454	112.7335095	-1.917399572e-11
3455	103.4809085	5.745448561e-11
3456	91.8924988	-4.586553359e-12
3457	81.2237324	6.271960729e-11
3458	74.16537666	-2.086864015e-11
3459	71.81321656	5.253752988e-11
3460	73.47249952	8.569145393e-12
3461	77.30557371	6.954792298e-11
3462	81.39740259	-1.655209303e-11
3463	84.63924189	3.410605132e-11
3464	86.99490188	6.11386497e-11
3465	89.10325376	2.086508744e-11
3466	91.55123729	3.707967267e-11
3467	94.30773117	6.411937647e-11
3468	96.66512185	3.357314426e-11
3469	97.6949691	1.654854032e-11
3470	96.89995786	2.587796644e-11
3471	94.63031606	4.632738637e-11
3472	91.98979049	-7.588596418e-12
3473	90.27974256	7.880274211e-11
3474	90.31769959	-9.325873407e-12
3475	92.04276076	1.890398948e-11
3476	94.64077564	1.191935439e-11
3477	97.10016647	1.061408739e-10
3478	98.84406015	4.812861221e-11
3479	100.0397615	4.729017178e-11
3480	101.3907395	3.500844059e-11
3481	103.5444896	6.123102025e-11
3482	106.499702	3.630518108e-11
3483	109.4113823	2.684075184e-11
3484	110.9578562	6.38671338e-11
3485	110.086779	1.075228795e-10
3486	106.707894	6.068745506e-11
3487	101.9038848	5.755040888e-11
3488	97.49383391	7.990053064e-11
3489	95.15716682	7.551292924e-11
3490	95.59063175	5.826095162e-11
3491	98.16765429	7.133849067e-11
3492	101.2944248	3.821298833e-11
3493	103.2663763	7.305800409e-11
3494	103.1481655	3.445421726e-11
3495	101.1932158	4.014211186e-11
3496	98.5894724	1.422506557e-11
3497	96.70785939	7.421974146e-11
3498	96.31062949	2.969713364e-11
3499	97.18450619	6.114575513e-11
3500	98.3959361	1.476152534e-11
3501	98.98406363	8.910205906e-12
3502	98.64067884	4.056488478e-11
3503	97.93668857	-2.389199949e-11
3504	97.93764598	-2.757971629e-11
3505	99.43767144	3.525713055e-11
3506	102.2967801	7.749889619e-11
3507	105.3300971	-2.589928272e-11
3508	106.8798182	-3.22835092e-11
3509	105.7832289	1.691446982e-11
3510	102.1804892	-1.945821282e-11
3511	97.65348115	-2.61550781e-11
3512	94.53993539	-6.078693104e-12
3513	94.73369634	3.357314426e-12
3514	98.59744939	-1.125144422e-11
3515	104.5916747	9.045209026e-12
3516	109.8635683	1.479705247e-11
3517	111.5336015	2.653877118e-12
3518	108.0420349	4.027711498e-11
3519	99.88007992	6.284750498e-11
3520	89.35142577	5.799805081e-11
3521	79.51295639	-2.062705562e-11
3522	72.85437771	5.138289794e-11
3523	70.37689287	3.104005941e-11
3524	71.47884076	3.016253913e-11
3525	74.60425217	1.338662514e-11
3526	78.21537891	6.583178447e-11
3527	81.52580109	2.055955406e-11
3528	84.62832257	4.202149739e-11
3529	88.03872766	3.431210871e-11
3530	92.01888252	5.305622608e-11
3531	96.1446163	-4.796163466e-12
3532	99.39907464	1.974598263e-11
3533	100.7255122	5.25162136e-11
3534	99.68082301	4.739675319e-11
3535	96.76875794	4.446931712e-11
3536	93.23212596	3.655742375e-11
3537	90.4187704	8.077094549e-11
3538	89.09917214	1.269384597e-11
3539	89.14319859	4.864375569e-11
3540	89.74247923	3.157296646e-11
3541	90.02902975	5.188027785e-11
3542	89.69610525	3.378630709e-11
3543	89.22478651	2.411582045e-11
3544	89.5633749	7.905143207e-11
3545	91.44981196	2.451017167e-11
3546	94.80080893	7.412026548e-11
3547	98.56937387	8.940759244e-11
3548	101.2017547	4.502709317e-11
3549	101.4631124	4.137845622e-11
3550	99.16454833	7.606715258e-11
3551	95.35823752	1.096083224e-10
3552	91.85955647	2.395594834e-11
3553	90.33884785	4.268940756e-11
3554	91.47732184	9.248424249e-11
3555	94.65232136	9.810818824e-11
3556	98.32069061	5.508127288e-11
3557	100.8755923	6.081535275e-11
3558	101.4895018	1.201136968e-10
3559	100.4758946	-8.412825991e-12
3560	98.99069448	3.442934826e-11
3561	98.28083857	1.081090772e-11
3562	98.94372403	5.728040264e-11
3563	100.6380663	-1.811528705e-11
3564	102.4006151	3.007016858e-11
3565	103.3477788	-1.34789957e-11
3566	103.3036968	-2.528466325e-11
3567	102.9418193	-1.74793513e-12
3568	103.3308793	-7.734257679e-12
3569	105.1563351	2.149391776e-11
3570	108.1127885	-1.27258204e-11
3571	110.8878619	4.188649427e-12
3572	111.8168785	-2.178168756e-11
3573	109.8755565	7.091216503e-12
3574	105.4400361	-8.771650073e-12
3575	100.3311646	2.397015919e-11
3576	97.03818134	1.665512173e-11
3577	97.47955636	4.467892722e-11
3578	101.9432985	2.147260147e-11
3579	108.7869812	-1.228883661e-11
3580	115.0930258	-2.982147862e-11
3581	117.9736442	-2.021494083e-12
3582	115.8762771	5.195133213e-11
3583	109.2424409	3.361577683e-11
3584	100.2173748	9.709566484e-12
3585	91.60307043	-3.53495011e-12
3586	85.62209425	6.411937647e-11
3587	83.11596582	2.897948548e-11
3588	83.52335216	-1.871214295e-11
3589	85.53937851	4.772005013e-11
3590	88.00205719	-1.740829703e-12
3591	90.4777306	6.51638743e-11
3592	93.24853507	2.730260462e-11
3593	96.7896012	3.095479428e-11
3594	101.1289578	6.54765131e-12
3595	105.5328122	9.05906461e-11
3596	108.734942	3.753797273e-11
3597	109.576773	6.526335028e-11
3598	107.6622802	1.880096079e-11
3599	103.6177545	3.655031833e-11
3600	98.78611159	7.817391179e-11
3601	94.53012975	1.63637992e-11
3602	91.55754511	1.917044301e-11
3603	89.66762501	4.777334084e-11
3604	88.06134008	1.017568252e-10
3605	86.01172547	9.502088005e-11
3606	83.46780532	3.756994715e-11
3607	81.20204944	5.598366215e-11
3608	80.38879321	1.74793513e-11
3609	81.85411885	1.02701847e-10
3610	85.45294764	2.903277618e-11
3611	89.97283883	4.840572387e-11
3612	93.66359844	3.206679366e-11
3613	95.12151153	9.326228678e-11
3614	94.03596043	5.699263284e-11
3615	91.36862605	2.926014986e-11
3616	88.85006288	2.23110419e-12
3617	88.06496285	1.98170369e-11
3618	89.63160364	4.664357789e-11
3619	92.92607102	6.423306331e-12
3620	96.48937937	-6.398437336e-12
3621	98.86736976	2.777511554e-11
3622	99.39477518	3.339550858e-13
3623	98.48298381	1.692157525e-11
3624	97.27377654	4.589040259e-11
3625	96.89715589	5.789502211e-11
3626	97.79710007	-3.381828151e-11
3627	99.53221966	2.017230827e-11
3628	101.1558942	-3.858957598e-11
3629	101.9170044	-5.773159728e-12
3630	101.8196673	-5.04911668e-11
3631	101.6643678	1.341504685e-11
3632	102.5166263	-5.400124792e-12
3633	104.9187132	-5.542233339e-13
3634	108.3480101	-1.566391461e-11
3635	111.3088575	7.922551504e-13
3636	112.080053	-2.166800073e-11
3637	109.736231	-7.262457302e-11
3638	104.8588903	-1.183053655e-12
3639	99.48295921	-1.343281042e-11
3640	96.22842619	8.320455436e-12
3641	97.02317766	5.236699963e-12
3642	102.0742552	7.345946074e-11
3643	109.6415835	9.286793556e-12
3644	116.7590841	2.23892016e-11
3645	120.5536384	3.547029337e-11
3646	119.502654	3.634781365e-11
3647	114.0139346	-1.326228016e-11
3648	106.079226	3.83870713e-11
3649	98.23883976	3.135980364e-11
3650	92.43219191	5.456968211e-12
3651	89.32074895	-1.408650974e-11
3652	88.36523318	3.370814738e-11
3653	88.50330439	3.751665645e-11
3654	88.95802605	4.657962904e-11
3655	89.68269832	1.193001253e-11
3656	91.21112299	5.82573989e-11
3657	94.0647	-1.767119784e-11
3658	98.13735684	4.166622602e-11
3659	102.4798553	4.339284487e-11
3660	105.645238	7.395684065e-11
3661	106.4013461	4.305888979e-12
3662	104.3829518	3.520028713e-11
3663	100.2861861	8.025935472e-11
3664	95.48169869	-3.265299142e-11
3665	91.27317875	2.664535259e-11
3666	88.24165453	3.643307878e-11
3667	86.06328706	7.522160672e-11
3668	83.90009478	2.381028708e-11
3669	81.11262752	6.037836897e-11
3670	77.8430482	5.078959475e-11
3671	75.08959211	3.174704943e-11
3672	74.19874776	1.980282605e-11
3673	76.05891379	2.627231765e-11
3674	80.47429554	4.689582056e-11
3675	86.11019288	1.449507181e-12
3676	91.07726114	3.815969762e-11
3677	93.85032167	1.053379606e-11
3678	94.0154357	1.568167818e-11
3679	92.42790884	1.374189651e-11
3680	90.69456239	7.409184377e-11
3681	90.2750756	6.289724297e-11
3682	91.70837796	5.761435773e-11
3683	94.38935966	2.755129458e-11
3684	96.99772422	4.444444812e-11
3685	98.30526334	-2.82049939e-11
3686	97.87973998	6.209788239e-11
3687	96.28199536	5.33475486e-11
3688	94.66672542	4.670397402e-11
3689	94.05648147	-1.377031822e-11
3690	94.747392	1.071853717e-11
3691	96.21178596	3.261391157e-11
3692	97.54574139	-1.232436375e-11
3693	98.16283828	-3.83870713e-11
3694	98.27276745	2.914646302e-11
3695	98.80895188	2.910383046e-11
3696	100.8125407	-8.945733043e-12
3697	104.6353768	1.326228016e-11
3698	109.4722057	4.881428595e-12
3699	113.5712193	-5.411138204e-11
3700	115.08369	1.721289777e-11
3701	113.1197267	-1.32978073e-11
3702	108.4127509	-1.033839681e-11
3703	103.1695528	-4.151345934e-11
3704	100.1116941	-2.211208994e-11
3705	101.1631652	-1.587352472e-11
3706	106.4551785	-2.937738941e-11
3707	114.1741017	-2.806999078e-11
3708	121.3456937	-4.704148182e-11
3709	125.1625162	6.526335028e-12
3710	124.1867655	-5.361400213e-11
3711	118.8447925	-8.313350008e-12
3712	111.0196842	-3.936406756e-11
3713	103.0241345	-6.228972893e-11
3714	96.53546938	-1.431388341e-11
3715	92.04218633	-2.642863706e-11
3716	89.02154844	1.663025273e-11
3717	86.64082344	-4.873612625e-11
3718	84.49721414	-1.363886781e-11
3719	82.9338852	3.498001888e-11
3720	82.7629574	-3.221956035e-11
3721	84.60544192	2.823341561e-11
3722	88.29378611	-5.790923296e-12
3723	92.73812853	4.508038387e-11
3724	96.36632055	-2.458477866e-12
3725	97.89099106	5.199396469e-11
3726	96.9517466	2.651034947e-11
3727	94.25056884	5.289990668e-12
3728	91.10040754	3.376143809e-11
3729	88.65811183	6.584244261e-11
3730	87.30118447	6.188471957e-11
3731	86.51937796	3.431566142e-11
3732	85.37918994	7.022293858e-11
3733	83.26933026	8.358114201e-11
3734	80.45892321	4.71409578e-11
3735	78.10550809	5.379874324e-11
3736	77.67691496	7.234035593e-11
3737	80.10680052	1.151434503e-10
3738	85.17595803	8.16307022e-11
3739	91.49525579	2.764011242e-11
3740	97.12597185	1.643485348e-11
3741	100.5068243	2.504307872e-11
3742	101.178398	2.273026212e-11
3743	99.90986585	3.383959779e-11
3744	98.17358934	2.174260771e-11
3745	97.28179769	1.769961955e-11
3746	97.68206732	-1.372413294e-11
3747	98.80104999	4.309441692e-11
3748	99.49579273	-3.598543685e-11
3749	98.81616823	2.459898951e-11
3750	96.61034025	2.640021535e-11
3751	93.61615258	4.222755479e-11
3752	91.00381798	-3.727507192e-11
3753	89.67216899	2.330580173e-11
3754	89.74735305	5.507416745e-11
3755	90.60024175	3.624478495e-11
3756	91.36789637	3.080558031e-11
3757	91.63825651	4.882139137e-11
3758	91.83909233	4.89848162e-11
3759	93.04197387	2.735944804e-11
3760	96.25456812	4.988010005e-12
3761	101.6133266	-8.267164731e-12
3762	107.9929177	2.664535259e-12
3763	113.341285	2.743050231e-11
3764	115.6371604	1.523403625e-11
3765	113.9846499	-3.364775125e-11
3766	109.2346131	4.014566457e-13
3767	103.7415693	-2.23359109e-11
3768	100.3184821	3.489120104e-11
3769	100.8923455	-6.662759233e-11
3770	105.5436818	-1.879385536e-11
3771	112.4268327	-4.339284487e-11
3772	118.6126058	-3.943512183e-12
3773	121.4179713	-7.149125736e-11
3774	119.5483304	3.08020276e-12
3775	113.5021914	-3.651479119e-11
3776	105.0992427	-3.556266392e-11
3777	96.45760894	-4.011013743e-11
3778	89.00837341	4.40500969e-11
3779	83.06049634	7.140954494e-13
3780	78.07615484	-4.810374321e-12
3781	73.39884801	-2.701838753e-11
3782	68.93576742	2.064126647e-11
3783	65.3618696	-2.430056156e-12
3784	63.73287935	2.47268872e-11
3785	64.7686826	1.324096388e-11
3786	68.27211458	2.680522471e-11
3787	73.06323105	4.295586109e-11
3788	77.49251761	2.257039e-11
3789	80.24244763	4.518341257e-11
3790	80.94943455	-6.579625733e-12
3791	80.2835277	7.82804932e-11
3792	79.44682237	5.970335337e-11
3793	79.39848619	6.125588925e-11
3794	80.27607617	4.431655043e-11
3795	81.36214387	1.008011452e-10
3796	81.61384228	1.217692613e-10
3797	80.42942065	3.749178745e-11
3798	78.17536413	2.518163456e-11
3799	76.1330016	9.442402416e-11
3800	75.86562249	1.101483349e-10
3801	78.35474445	5.932321301e-11
3802	83.40097117	6.545519682e-11
3803	89.64236427	9.185896488e-11
3804	95.19320818	6.292211197e-11
3805	98.55253752	6.661693419e-11
3806	99.28095665	6.995648505e-11
3807	98.08299476	9.899991937e-11
3808	96.27740483	7.319300721e-11
3809	94.98603909	2.34798847e-11
3810	94.52004323	5.427835958e-11
3811	94.30699243	5.476863407e-11
3812	93.36936717	7.505818189e-11
3813	91.03494393	9.49285095e-12
3814	87.43030601	2.48299159e-11
3815	83.45459871	2.05950812e-11
3816	80.26007386	3.402789162e-11
3817	78.5760751	1.698197138e-11
3818	78.31262118	-6.501466032e-12
3819	78.70519261	3.38431505e-11
3820	78.91811976	2.584599201e-11
3821	78.72123601	3.865707754e-11
3822	78.78423812	-3.109335012e-11
3823	80.34926417	-6.096456673e-12
3824	84.42422478	2.145839062e-11
3825	90.9602586	-1.323385845e-11
3826	98.53586545	-3.087308187e-12
3827	104.8155698	-2.617639439e-11
3828	107.6153703	2.401634447e-12
3829	106.0372761	-2.352606998e-11
3830	101.0502642	-3.009859029e-11
3831	95.15828837	6.668443575e-12
3832	91.27323716	-2.886935135e-11
3833	91.34186566	-3.23367999e-11
3834	95.42029323	-4.252598274e-12
3835	101.6634061	2.631495022e-11
3836	107.220488	-5.021050242e-11
3837	109.5620472	8.181899602e-12
3838	107.5586525	2.505728958e-11
3839	101.7953715	2.213695893e-11
3840	94.03552659	1.512034942e-11
3841	86.20034611	1.730526833e-11
3842	79.45726942	2.903277618e-11
3843	73.89515375	2.537703381e-11
3844	68.89117031	2.591704629e-11
3845	63.86675305	6.114220241e-11
3846	58.92375802	-5.467626352e-12
3847	54.95696654	5.664446689e-11
3848	53.1803236	8.343548075e-11
3849	54.37115574	3.551292593e-11
3850	58.3095482	2.962963208e-12
3851	63.77003537	4.618527782e-12
3852	69.08707298	7.555556181e-11
3853	72.96902158	3.987921104e-11
3854	75.08600547	5.471179065e-11
3855	76.09323117	3.622346867e-11
3856	77.08986377	1.037037123e-10
3857	78.85063293	5.793410196e-11
3858	81.30101879	9.015366231e-11
3859	83.55736782	8.056488809e-11
3860	84.51013367	3.116085168e-11
3861	83.59675606	7.020162229e-11
3862	81.28895511	7.614175956e-11
3863	78.98120455	6.712141953e-11
3864	78.31810756	3.45181661e-11
3865	80.33125268	5.684341886e-11
3866	84.87415219	5.291056482e-11
3867	90.67706087	-9.720224625e-12
3868	95.98971902	1.722710863e-11
3869	99.44688393	7.422684689e-11
3870	100.6732058	4.222400207e-11
3871	100.3070808	6.032863098e-11
3872	99.46788741	3.591082987e-11
3873	99.0118399	8.499512205e-11
3874	99.02973245	-1.151079232e-12
3875	98.87519472	5.627853739e-11
3876	97.67846145	2.827604817e-11
3877	95.00221773	7.660716506e-11
3878	91.21407586	3.303313179e-11
3879	87.33356261	3.752376188e-11
3880	84.44679998	5.421796345e-11
3881	83.06188327	9.382716826e-12
3882	82.82650068	3.49587026e-12
3883	82.81058575	5.076117304e-11
3884	82.1994046	3.427658157e-11
3885	80.96505025	-3.542055538e-11
3886	80.06424983	-2.781774811e-12
3887	80.97422141	-3.97903932e-12
3888	84.77997436	4.469313808e-12
3889	91.3287783	-7.311484751e-12
3890	98.98110883	1.719513421e-12
3891	105.18558	1.344702127e-11
3892	107.6467954	1.950795081e-11
3893	105.4976272	2.376054908e-11
3894	99.84175231	1.634248292e-12
3895	93.33830123	-2.621547424e-11
3896	88.99968093	5.199041198e-11
3897	88.79460095	1.435296326e-11
3898	92.75819939	2.810907063e-11
3899	99.04716099	-5.057287922e-11
3900	104.883387	2.457767323e-11
3901	107.8749239	-1.098854341e-11
3902	107.0325397	-5.684341886e-12
3903	102.9987305	-1.979572062e-11
3904	97.45217508	2.1714186e-11
3905	92.09061091	9.901413023e-12
3906	87.78703862	3.034017482e-11
3907	84.3641102	2.025046797e-13
3908	81.04176482	1.793409865e-11
3909	77.21759023	-9.055867167e-12
3910	73.06560619	-1.221778234e-11
3911	69.57784037	5.958966653e-11
3912	68.02985738	6.169287303e-11
3913	69.20746365	3.113953539e-11
3914	72.87527227	5.877254239e-11
3915	77.8180966	5.470468523e-11
3916	82.43855157	8.635581139e-11
3917	85.56011446	9.059419881e-12
3918	86.96428307	3.113598268e-11
3919	87.35343069	4.870770454e-11
3920	87.77747455	9.195133543e-11
3921	88.88373615	8.697043086e-12
3922	90.45307927	3.022648798e-11
3923	91.51022919	4.972378065e-11
3924	90.94753835	1.224975676e-10
3925	88.28803565	8.158096421e-11
3926	84.12270612	6.491873705e-11
3927	79.94325017	4.573408319e-11
3928	77.44494542	1.295354934e-10
3929	77.6856209	6.185985058e-11
3930	80.572444	4.23092672e-11
3931	84.95860454	4.473221793e-11
3932	89.28027635	8.709122312e-11
3933	92.35848789	8.425615761e-11
3934	93.90965797	1.02975406e-10
3935	94.49639087	3.478461963e-11
3936	94.99046121	7.661427048e-11
3937	95.90709746	-7.81241738e-12
3938	97.03234794	5.237055234e-11
3939	97.56917666	1.707434194e-11
3940	96.69584212	4.180478186e-11
3941	94.16740034	-6.352252058e-12
3942	90.56088749	2.836841873e-11
3943	86.98777041	1.596234256e-11
3944	84.43799691	4.915889917e-11
3945	83.16711067	4.729017178e-11
3946	82.53271329	8.71125394e-12
3947	81.42189159	1.855227083e-11
3948	79.04047578	1.216449164e-11
3949	75.58372766	2.365041496e-11
3950	72.33913168	2.686917355e-11
3951	71.08403434	1.193711796e-11
3952	73.06218851	3.804245807e-11
3953	78.10720317	2.561151291e-11
3954	84.44960505	3.301536822e-11
3955	89.39658423	1.030286967e-12
3956	90.59301816	-3.256417358e-11
3957	87.22744478	7.485922993e-11
3958	80.53868043	2.803091093e-12
3959	73.32488978	1.012168127e-11
3960	68.67570841	-3.041122909e-12
3961	68.55814465	9.589840033e-11
3962	72.96377706	2.99991143e-11
3963	80.02620498	2.79456458e-11
3964	87.00808054	-2.023625711e-11
3965	91.61469337	3.161204631e-11
3966	92.95275336	-4.749978189e-12
3967	91.68319202	1.312727704e-11
3968	89.37546721	-1.377031822e-11
3969	87.49670919	5.714184681e-11
3970	86.62908945	-1.128341864e-11
3971	86.32822943	4.190781056e-11
3972	85.63446999	-4.653344376e-11
3973	83.86738263	6.608047443e-13
3974	81.19041734	1.200461952e-11
3975	78.59907804	-9.571010651e-12
3976	77.35149978	1.12976295e-11
3977	78.20127012	2.310329705e-11
3978	80.90689513	7.774758615e-11
3979	84.31822649	-1.180922027e-11
3980	86.98813434	4.640909879e-11
3981	87.94203548	7.020517501e-11
3982	87.14730527	6.821920806e-11
3983	85.41047911	4.436273571e-11
3984	83.77787351	3.991118547e-11
3985	82.81461419	9.328005035e-11
3986	82.20863599	6.64890365e-11
3987	80.94819705	8.231992865e-11
3988	77.97352041	3.635491908e-11
3989	72.91409964	1.167279606e-10
3990	66.46580573	5.744027476e-11
3991	60.17027068	4.661160347e-11
3992	55.70878556	5.601918929e-11
3993	54.10625841	7.78648257e-11
3994	55.29036406	3.489120104e-11
3995	58.23955246	7.187495044e-11
3996	61.6090452	4.578026847e-11
3997	64.45224757	8.074607649e-11
3998	66.6164106	5.452349683e-11
3999	68.6048723	5.720224294e-11
4000	71.0309673	2.682654099e-11
4001	74.03694164	9.979927995e-11
4002	77.0638052	6.805933594e-11
4003	79.12839348	9.034906157e-11
4004	79.43447477	2.458477866e-11
4005	77.92096388	7.347367159e-11
4006	75.37511869	4.395772635e-11
4007	73.00331118	5.606537457e-11
4008	71.69819604	4.596500958e-11
4009	71.45425334	7.044320682e-11
4010	71.32322526	4.453681868e-11
4011	69.98939182	2.101785412e-11
4012	66.66019013	3.506883672e-11
4013	61.74248146	3.933209314e-11
4014	56.85664016	6.66702249e-11
4015	54.10035499	1.527666882e-12
4016	54.91468813	3.665689974e-11
4017	59.17116221	3.161915174e-12
4018	65.02433577	-3.019806627e-13
4019	69.68328175	-1.885425149e-11
4020	70.75472463	6.556177823e-11
4021	67.47798257	5.526246127e-11
4022	61.19919332	4.037659096e-11
4023	54.81486564	6.781775141e-11
4024	51.45014048	6.117772955e-11
4025	53.0357486	2.899369633e-11
4026	59.49360129	5.88542548e-11
4027	68.91193062	3.087308187e-12
4028	78.56966915	1.86233251e-11
4029	86.2409853	-3.182520913e-11
4030	91.1021666	7.131006896e-11
4031	93.8202299	1.039168751e-11
4032	95.86920062	3.219113864e-11
4033	98.53017242	-1.672972871e-11
4034	102.1620681	1.030286967e-12
4035	106.1248062	-1.039524022e-11
4036	109.3305245	-2.027888968e-11
4037	111.0343399	-1.820410489e-11
4038	111.3611032	1.725908305e-11
4039	111.2527909	4.113687169e-11
4040	111.8878298	2.320277304e-11
4041	113.9444137	-1.229949476e-11
4042	117.1654271	1.154987217e-11
4043	120.4891153	3.165467888e-11
4044	122.6606525	5.275424542e-11
4045	122.9486875	4.904521234e-11
4046	121.5321281	5.517364343e-12
4047	119.3278238	3.961631023e-11
4048	117.3722142	8.290967912e-11
4049	116.1414067	1.865529953e-11
4050	115.2312554	4.968825351e-11
4051	113.6006629	4.529354669e-11
4052	110.2399941	8.579803534e-11
4053	104.8677305	3.842615115e-11
4054	98.23737382	6.674127917e-11
4055	91.86509976	4.934008757e-11
4056	87.3292592	8.162004406e-11
4057	85.54175259	3.358735512e-11
4058	86.40094018	8.534328799e-11
4059	89.00289013	9.332978834e-12
4060	92.25473487	3.975131335e-11
4061	95.50216431	3.094058343e-11
4062	98.79135981	1.637090463e-11
4063	102.6261049	9.411138535e-12
4064	107.4037914	2.337330329e-11
4065	112.9191916	1.031352781e-11
4066	118.2834601	3.213784794e-11
4067	122.3406771	-2.078337502e-11
4068	124.3378765	1.941913297e-11
4069	124.4216624	-7.432277016e-12
4070	123.6166752	3.483791033e-11
4071	123.2490097	4.593658787e-12
4072	124.1298163	5.289635396e-11
4073	125.9932785	1.751132572e-11
4074	127.5671671	5.121236768e-11
4075	127.295559	2.742339689e-11
4076	124.334878	-1.852740183e-11
4077	119.244335	8.956391184e-12
4078	113.9228465	3.612399269e-11
4079	110.7500965	2.792788223e-11
4080	111.348605	-1.460165322e-11
4081	115.6332263	4.085620731e-12
4082	121.7000717	-5.75539616e-13
4083	126.6759711	2.399147547e-11
4084	128.1311937	-1.704236752e-11
4085	125.3376587	1.934452598e-11
4086	119.7144556	5.151434834e-12
4087	114.2169587	4.10871337e-11
4088	111.9740179	2.128075494e-11
4089	114.8640332	1.15321086e-11
4090	122.7385988	2.876987537e-11
4091	133.6478566	2.977174063e-12
4092	144.8932619	-2.920330644e-12
4093	154.3195468	-2.938094212e-12
4094	161.1757206	-4.450839697e-11
4095	166.1535249	-2.119193709e-11
