4096
0	194.4639274	1.562341367e-10
1	211.4289308	2.484412676e-11
2	227.4228666	1.572786346e-11
3	243.755772	1.310311859e-10
4	249.8711848	2.597424498e-10
5	256.7136139	2.909814611e-10
6	247.835005	2.061781856e-10
7	243.6639679	7.793587997e-11
8	251.6679908	5.840661288e-12
9	253.4915476	4.908073947e-11
10	252.957229	1.8127011e-10
11	254.0515658	2.936602073e-10
12	251.319169	2.744222627e-10
13	245.8321595	1.21065824e-10
14	248.8907297	-2.915356845e-11
15	249.3357404	-2.525624154e-11
16	250.6612017	1.334967692e-10
17	247.3843352	2.870521598e-10
18	241.6664828	2.794884324e-10
19	245.5914274	1.225650692e-10
20	252.094099	-2.799538379e-11
21	257.5289046	-3.896616363e-11
22	251.9087341	7.628742082e-11
23	249.8489536	2.011013578e-10
24	250.7968828	2.316085101e-10
25	247.6145314	1.511502035e-10
26	246.922824	2.322408932e-11
27	250.9497782	-5.854872143e-11
28	254.0820995	-2.845013114e-11
29	256.2854459	9.364953257e-11
30	266.9687539	2.003588406e-10
31	266.9873047	1.841833353e-10
32	264.4270071	4.732569892e-11
33	267.1260741	-8.880363112e-11
34	272.6707657	-1.006981165e-10
35	274.2071919	1.44666501e-11
36	257.463328	1.413802408e-10
37	244.2034344	1.642348479e-10
38	244.2610592	6.713207767e-11
39	249.0608035	-6.87236934e-11
40	246.6965525	-1.3970336e-10
41	243.5085023	-9.111644772e-11
42	239.9412641	4.12434531e-11
43	238.8034537	1.429008023e-10
44	240.3751369	1.089297541e-10
45	233.4521597	-5.193712127e-11
46	232.5974831	-1.987210396e-10
47	230.6404471	-1.879385536e-10
48	233.5326266	-2.787814424e-11
49	239.584177	1.169659924e-10
50	236.7754851	9.626077713e-11
51	235.1622036	-6.607692171e-11
52	232.0642921	-2.124380671e-10
53	223.3630863	-2.161648638e-10
54	217.9468827	-9.59161639e-11
55	221.8335266	2.310329705e-11
56	218.3551033	4.468958537e-11
57	220.3469742	-3.716493779e-11
58	216.1005972	-1.620819035e-10
59	201.8928021	-2.357651852e-10
60	203.2256704	-2.02128092e-10
61	187.8308515	-7.966605153e-11
62	172.4803237	2.537703381e-11
63	203.5472539	8.899547765e-12
64	248.2852031	-1.28597577e-10
65	260.4038711	-2.6348701e-10
66	265.4785687	-2.7084468e-10
67	268.3526802	-1.480486844e-10
68	259.6190761	-1.673328143e-11
69	257.3077302	4.622080496e-12
70	248.2891379	-9.806910839e-11
71	250.0694549	-2.351683293e-10
72	262.7286272	-2.956603851e-10
73	263.579862	-2.329478832e-10
74	258.2421742	-9.305622939e-11
75	256.0745298	4.881428595e-12
76	250.9491506	-3.599254228e-11
77	242.2601658	-1.942659367e-10
78	245.0114904	-3.277023097e-10
79	248.400907	-3.015081518e-10
80	254.3950539	-1.332338684e-10
81	254.5800556	1.132960392e-11
82	251.8913306	-1.387689963e-11
83	258.0255375	-1.733226895e-10
84	262.7002315	-3.058531206e-10
85	262.6956171	-2.946691779e-10
86	252.1970948	-1.658904125e-10
87	248.9117028	-4.45687931e-11
88	248.3448026	-2.260591714e-11
89	242.2261595	-1.023749974e-10
90	240.279859	-2.172590996e-10
91	246.6189227	-2.806181953e-10
92	249.6129214	-2.362128271e-10
93	245.2143506	-1.107700598e-10
94	250.2988369	-1.939781669e-12
95	251.0403381	-1.476507805e-11
96	252.9032519	-1.452846732e-10
97	256.0118027	-2.75250045e-10
98	257.4535216	-2.71999312e-10
99	254.8923468	-1.348006151e-10
100	237.1140827	2.263078613e-12
101	227.0802365	2.544453537e-11
102	235.0906019	-7.827338777e-11
103	252.4582417	-2.105089436e-10
104	260.4008408	-2.571916013e-10
105	259.0340325	-1.737419097e-10
106	249.9868533	-2.891908935e-11
107	245.0927843	6.87485624e-11
108	245.4471248	2.318500947e-11
109	234.2493834	-1.28697053e-10
110	231.4256167	-2.470947891e-10
111	235.5978828	-2.048992087e-10
112	247.7554602	-3.039701824e-11
113	254.9799336	1.117363979e-10
114	245.1070724	8.579803534e-11
115	238.2236146	-7.310418937e-11
116	237.5311504	-1.955058337e-10
117	232.7269138	-1.674251848e-10
118	226.9061288	-3.216982236e-11
119	230.4938276	8.584066791e-11
120	227.9107916	1.054090149e-10
121	228.5191488	2.785682796e-11
122	216.0110002	-7.755929232e-11
123	193.9177333	-1.316990961e-10
124	199.4369817	-8.405720564e-11
125	193.2511797	4.632738637e-11
126	179.0612642	1.571898167e-10
127	206.1310399	1.443254405e-10
128	248.898229	1.185185283e-11
129	257.2840503	-1.136903904e-10
130	257.7202371	-1.031601471e-10
131	257.9380077	3.921485359e-11
132	250.7509901	1.8459545e-10
133	255.8434879	2.025117851e-10
134	252.3582065	9.191936101e-11
135	251.5510688	-4.240874318e-11
136	257.0538467	-7.804246138e-11
137	253.8090359	1.514877113e-11
138	248.9850473	1.650519721e-10
139	250.8464649	2.502638097e-10
140	249.7161194	1.939426397e-10
141	243.048816	4.125411124e-11
142	247.3469911	-6.881251124e-11
143	250.816875	-1.707078923e-11
144	256.4698679	1.564224306e-10
145	255.7377551	2.869668947e-10
146	251.6836363	2.504734198e-10
147	255.1453985	9.273293244e-11
148	256.7071634	-2.614086725e-11
149	257.1076944	8.526512829e-14
150	252.0063736	1.387334692e-10
151	256.965618	2.497166918e-10
152	262.6153117	2.611777461e-10
153	259.9063825	1.777742398e-10
154	257.6533249	7.034017813e-11
155	259.5590832	1.680078299e-11
156	254.5616361	6.584599532e-11
157	243.2776004	1.888480483e-10
158	248.2203736	2.946727307e-10
159	251.2091204	2.752891248e-10
160	251.6817444	1.344275802e-10
161	249.6532226	5.428546501e-12
162	249.6103527	1.475441991e-11
163	251.9305396	1.602096233e-10
164	240.6257564	2.949569478e-10
165	233.633879	3.032525342e-10
166	239.8538239	1.739444144e-10
167	252.8806776	3.565148177e-11
168	254.9889676	3.517186542e-12
169	249.4683869	9.974954196e-11
170	240.6504473	2.404618726e-10
171	242.3684565	3.075193433e-10
172	249.9224252	2.363726992e-10
173	239.5710305	7.762324117e-11
174	235.485731	-2.923883358e-11
175	239.4847677	2.737721161e-11
176	249.9749024	1.877751288e-10
177	252.8006111	3.04122949e-10
178	242.2047632	2.544986444e-10
179	240.9566603	9.162093306e-11
180	246.1502128	-2.733457904e-11
181	239.9129974	1.911359959e-12
182	227.7433268	1.294999663e-10
183	228.2448396	2.312035008e-10
184	223.3404323	2.291464796e-10
185	219.1281407	1.39579015e-10
186	201.7281809	2.692246426e-11
187	183.6352388	-2.827960088e-11
188	204.148471	1.638511549e-11
189	208.4620737	1.334328203e-10
190	190.5721909	2.273381483e-10
191	211.7737702	1.994244769e-10
192	255.0696476	4.785150054e-11
193	260.2077625	-9.120881828e-11
194	253.0178273	-8.100542459e-11
195	249.4956375	6.241762662e-11
196	245.9669418	1.974100883e-10
197	258.0911532	1.89249505e-10
198	255.2446164	4.390798836e-11
199	248.7262238	-9.739054008e-11
200	251.8375843	-1.269135907e-10
201	253.6369714	-2.193445425e-11
202	253.9226743	1.141842176e-10
203	257.5003819	1.6464341e-10
204	255.923645	8.223466352e-11
205	248.6160745	-7.731415508e-11
206	253.4380177	-1.786197856e-10
207	256.55263	-1.187778764e-10
208	260.9679568	4.190070513e-11
209	257.1113417	1.466382571e-10
210	249.9522779	9.048051197e-11
211	253.0657687	-8.121858741e-11
212	257.4746811	-1.974989061e-10
213	260.6075818	-1.660751536e-10
214	253.7196242	-3.266720228e-11
215	253.6996881	6.219735837e-11
216	255.1570297	5.344347187e-11
217	252.0755718	-4.131450737e-11
218	250.0607632	-1.581526021e-10
219	251.8762553	-2.132622967e-10
220	247.9991092	-1.653042148e-10
221	239.3636063	-4.290257039e-11
222	246.8223004	5.202593911e-11
223	248.5717222	1.573141617e-11
224	246.3696727	-1.385203063e-10
225	244.1643854	-2.727773563e-10
226	249.450114	-2.562714485e-10
227	260.6253879	-9.98383598e-11
228	257.1995127	3.753797273e-11
229	251.976659	2.770406127e-11
230	250.34098	-1.313544828e-10
231	250.4234909	-2.714131142e-10
232	243.7186612	-2.819824374e-10
233	240.2884552	-1.666506932e-10
234	240.0260693	-2.93489677e-11
235	251.395346	1.232436375e-11
236	265.419864	-7.868905527e-11
237	254.9562587	-2.376019381e-10
238	245.7903242	-3.170370633e-10
239	241.1511366	-2.490381235e-10
240	242.5619158	-9.193712458e-11
241	239.5789069	1.118038995e-11
242	227.6787785	-4.904876505e-11
243	224.882485	-2.086082418e-10
244	226.7587282	-3.130615767e-10
245	218.8995304	-2.73487899e-10
246	210.4128852	-1.41923806e-10
247	219.8130194	-3.560174378e-11
248	224.1188964	-4.416378374e-11
249	231.1302301	-1.336921684e-10
250	226.0691342	-2.386748577e-10
251	215.7379539	-2.847215796e-10
252	235.2697998	-2.232560803e-10
253	228.4022004	-9.85131976e-11
254	196.2041258	3.108624469e-13
255	212.9872949	-3.614708532e-11
256	260.7713682	-1.861071297e-10
257	264.5134791	-3.099280832e-10
258	251.8908258	-2.762039486e-10
259	246.6552218	-1.105053826e-10
260	243.8674141	3.085354194e-11
261	255.7484764	1.017319562e-11
262	249.5724669	-1.432542973e-10
263	239.8674293	-2.69759326e-10
264	244.0541257	-2.672315702e-10
265	249.4696222	-1.384616866e-10
266	249.8027856	-2.98427949e-13
267	252.4850811	3.465849829e-11
268	253.2135111	-4.80095963e-11
269	250.7636509	-1.916369285e-10
270	259.9272062	-2.566160617e-10
271	262.4270909	-1.780282588e-10
272	261.6449703	-1.926458992e-11
273	250.3856729	8.265210738e-11
274	239.7815066	2.774847019e-11
275	246.3908105	-1.240021419e-10
276	257.47766	-2.126618881e-10
277	263.7081213	-1.654232307e-10
278	253.2346384	-2.473043992e-11
279	246.8447097	7.872813512e-11
280	243.9247561	7.641709487e-11
281	242.4461469	-1.552891149e-11
282	246.9646831	-1.168132258e-10
283	258.6791314	-1.584830045e-10
284	262.8104103	-8.562039966e-11
285	254.4445962	5.019984428e-11
286	256.5770646	1.496331947e-10
287	254.0997489	1.111466474e-10
288	252.9157596	-4.115818797e-11
289	250.9407557	-1.601758726e-10
290	251.381008	-1.162216989e-10
291	256.0911193	5.964118088e-11
292	250.8053194	2.003748278e-10
293	247.5943977	1.732640698e-10
294	246.9186133	1.752908929e-11
295	248.3358334	-1.079527578e-10
296	246.45298	-8.928857653e-11
297	248.3101915	5.001865588e-11
298	243.6024438	1.873523559e-10
299	241.1375347	2.113882402e-10
300	238.2445179	1.185824772e-10
301	208.5083545	-1.994671095e-11
302	178.0511231	-7.617373399e-11
303	153.4047834	1.309352626e-11
304	141.1264969	1.696882634e-10
305	129.3320213	2.641211694e-10
306	109.1037616	2.095497109e-10
307	98.80228742	5.180744722e-11
308	102.920461	-4.221689665e-11
309	108.8659605	8.130385254e-12
310	115.8882352	1.483346779e-10
311	135.9666756	2.495283979e-10
312	148.7904638	2.418758527e-10
313	170.1379388	1.427764573e-10
314	179.8805336	3.92841315e-11
315	176.5491493	2.43893794e-12
316	200.5616572	7.393730073e-11
317	202.0719543	2.092956919e-10
318	179.0531002	2.96790148e-10
319	203.5118489	2.454800807e-10
320	257.7125548	8.332712298e-11
321	264.3819941	-3.265121507e-11
322	256.0490537	2.001954158e-11
323	255.0168939	1.92853733e-10
324	250.6191047	3.253095571e-10
325	259.1688281	2.805471411e-10
326	252.663524	1.165929575e-10
327	244.1335064	-8.748557434e-12
328	248.2285288	1.600675148e-11
329	252.4405621	1.576658804e-10
330	250.4159704	2.763052009e-10
331	253.690443	2.917115438e-10
332	258.169007	1.833448948e-10
333	258.2066845	4.958344846e-11
334	265.7041038	-5.79447601e-12
335	262.4439268	7.780265321e-11
336	257.212846	2.266915544e-10
337	245.3135764	3.010516281e-10
338	237.5223305	2.377280595e-10
339	246.9306405	8.336087376e-11
340	259.7595873	-2.317790404e-11
341	268.9131401	2.996003445e-11
342	262.5559117	1.604156807e-10
343	257.8482227	2.575699654e-10
344	251.5675076	2.357758433e-10
345	247.0433794	1.280788808e-10
346	252.045609	1.740296796e-11
347	266.2254653	-2.66613398e-11
348	268.8018553	4.885869487e-11
349	253.5534554	1.814850492e-10
350	250.8981534	2.677200683e-10
351	250.3784134	1.944187034e-10
352	253.978144	2.221334228e-11
353	250.0076547	-8.80344686e-11
354	242.3443048	-4.218847494e-11
355	241.8727146	1.37035272e-10
356	240.4910313	2.509636943e-10
357	246.3671544	1.949391759e-10
358	252.4202177	6.933120744e-12
359	254.905375	-1.150066709e-10
360	245.7402778	-7.612932507e-11
361	229.8189233	5.399236613e-11
362	196.6611699	1.705640074e-10
363	166.4724777	1.655635629e-10
364	146.5619205	4.949640697e-11
365	109.1306838	-7.845812888e-11
366	77.97059573	-1.363424929e-10
367	59.71359591	-5.072742226e-11
368	59.05418684	8.081713077e-11
369	57.02754467	1.55901958e-10
370	42.35991007	8.670220097e-11
371	37.25168435	-7.409006741e-11
372	50.23783799	-1.782094472e-10
373	61.4635197	-1.360280777e-10
374	61.6096722	3.614886168e-12
375	67.97208943	1.007975925e-10
376	70.05970065	6.918376982e-11
377	89.03255294	-3.982059127e-11
378	100.7637623	-1.580744424e-10
379	106.7956699	-1.844693287e-10
380	157.3459455	-1.16958887e-10
381	192.7591383	1.945998918e-11
382	184.8361615	7.900524679e-11
383	201.2804325	-2.238209618e-12
384	244.4259033	-1.62069469e-10
385	249.421743	-2.823856704e-10
386	249.6785418	-2.164934898e-10
387	257.3045292	-4.617106697e-11
388	255.4677555	6.714273582e-11
389	267.04543	2.323474746e-12
390	265.8403159	-1.857092258e-10
391	258.2200479	-2.951754396e-10
392	257.3411947	-2.46407339e-10
393	256.1015316	-1.158806384e-10
394	248.7502023	-2.311040248e-12
395	247.8066548	-1.667821437e-11
396	248.6682238	-1.274038652e-10
397	244.6000308	-2.430162738e-10
398	249.1924545	-2.83538526e-10
399	247.7056147	-2.03332462e-10
400	252.4864588	-7.529976642e-11
401	252.4832554	-2.888356221e-12
402	248.8391055	-6.973976951e-11
403	251.5240947	-2.193871751e-10
404	255.8189805	-3.17573523e-10
405	264.6923447	-2.672795318e-10
406	264.8495303	-1.233182445e-10
407	264.4435276	-2.948752353e-11
408	255.849591	-4.440714463e-11
409	247.2360181	-1.671889294e-10
410	247.0750373	-2.777671426e-10
411	255.1365897	-2.971720647e-10
412	253.46008	-2.096474105e-10
413	239.6198292	-5.999467589e-11
414	243.3932257	3.69837494e-12
415	248.4981045	-7.670486468e-11
416	255.3155716	-2.400000199e-10
417	253.9862317	-3.403535231e-10
418	252.1723349	-2.618758543e-10
419	259.0199165	-8.359535286e-11
420	260.8997181	3.900879619e-11
421	260.2417408	-3.693223505e-11
422	248.1615068	-2.066045113e-10
423	225.0637648	-3.08423509e-10
424	190.4952996	-2.446594038e-10
425	158.5053291	-9.744383078e-11
426	120.6064311	6.487255177e-12
427	98.4219009	8.288481013e-12
428	97.75523098	-1.132747229e-10
429	84.43876115	-2.283773171e-10
430	76.32582499	-2.389857201e-10
431	74.90193541	-1.605382494e-10
432	82.97464631	-1.368150038e-11
433	83.93114924	5.080202925e-11
434	71.92659779	-1.060307397e-11
435	67.67920107	-1.56683555e-10
436	75.39021743	-2.49409382e-10
437	73.81150925	-1.781899073e-10
438	60.83804595	-3.450573161e-11
439	62.14361365	7.821832071e-11
440	62.23087164	4.86597429e-11
441	75.80688089	-7.025136028e-11
442	80.14017554	-1.700541929e-10
443	88.97848171	-1.883204703e-10
444	159.5992469	-8.111378236e-11
445	215.6981065	6.424727417e-11
446	206.1133954	1.275832773e-10
447	205.0507505	4.488853733e-11
448	237.7875119	-1.224282897e-10
449	243.0946178	-1.976765418e-10
450	248.6507822	-1.112763215e-10
451	259.6191577	8.587441869e-11
452	256.5764522	1.872351163e-10
453	265.951822	9.954170821e-11
454	261.5977012	-5.741540576e-11
455	248.4066474	-1.436024633e-10
456	244.5189727	-7.253753154e-11
457	247.2114057	6.818368092e-11
458	244.0057422	1.745927847e-10
459	244.0411311	1.570246155e-10
460	243.8492812	4.676614651e-11
461	238.3625038	-5.305977879e-11
462	242.4766952	-6.736833313e-11
463	242.4235184	1.792876958e-11
464	251.8331725	1.517079795e-10
465	254.7201105	2.239222141e-10
466	248.6126187	1.61994862e-10
467	245.0130739	8.528289186e-12
468	244.9981084	-6.555112009e-11
469	254.0342517	-7.762679388e-13
470	256.9821368	1.567510566e-10
471	260.3578226	2.565414547e-10
472	255.7722841	2.24618546e-10
473	250.3946833	1.009077266e-10
474	248.0014726	-1.05320197e-11
475	252.9409251	-7.263523116e-12
476	255.9643884	1.01064046e-10
477	253.2310518	2.343103489e-10
478	263.2686459	2.871161087e-10
479	264.6462001	1.920916759e-10
480	266.7389858	3.176303665e-11
481	265.2648849	-4.738609505e-11
482	263.742813	5.685052429e-11
483	263.2902403	2.364330953e-10
484	249.536266	3.19211324e-10
485	228.4818262	2.369127117e-10
486	195.9439407	6.04760686e-11
487	160.4396751	-1.299049757e-11
488	130.6060248	5.851497065e-11
489	121.9429042	1.963691432e-10
490	110.4269438	2.936726418e-10
491	105.8779109	2.576729941e-10
492	114.9375842	1.53283608e-10
493	106.8174775	5.031530748e-11
494	97.59379663	3.774935919e-11
495	86.19818385	1.174456088e-10
496	82.24257849	2.346567385e-10
497	79.35294151	3.107611946e-10
498	72.81797071	2.33180586e-10
499	71.35154886	8.447109678e-11
500	74.84060712	-1.07132081e-11
501	70.17376582	4.722977565e-11
502	63.72336661	2.070041916e-10
503	77.08995971	2.949107625e-10
504	80.392128	2.565254675e-10
505	86.15320927	1.052882226e-10
506	78.79904082	1.900701818e-13
507	79.98872937	6.020073329e-12
508	151.7556707	1.09023901e-10
509	214.8084424	2.359712425e-10
510	209.868733	2.609894523e-10
511	211.9445381	1.67466041e-10
512	248.2686523	-9.571010651e-12
513	250.0652079	-9.067946394e-11
514	248.1413206	2.036060209e-11
515	253.8443203	1.902193958e-10
516	246.5985893	2.614619632e-10
517	251.6686838	1.652011861e-10
518	244.513056	-1.690025897e-11
519	232.6529358	-9.783285293e-11
520	237.0006307	-1.639577363e-11
521	252.1671048	1.290150209e-10
522	255.4501436	1.912194847e-10
523	256.0128848	1.523439153e-10
524	256.407339	2.237676711e-11
525	253.4496556	-7.380407396e-11
526	258.4558312	-8.570566479e-11
527	254.5846844	-1.082689494e-11
528	259.2323729	1.108055869e-10
529	260.2723955	1.592326271e-10
530	257.3566584	7.405276392e-11
531	257.3852457	-8.46558379e-11
532	254.9759051	-1.728359678e-10
533	254.6916118	-1.000444172e-10
534	249.0178025	3.83666432e-11
535	251.2539079	1.384119486e-10
536	250.4368204	9.842615611e-11
537	248.1620007	-6.998757129e-11
538	244.2760328	-1.830899876e-10
539	248.5561046	-1.706634833e-10
540	254.8745111	-4.987299462e-11
541	253.5601129	6.52748966e-11
542	258.3591674	8.012701613e-11
543	253.3022306	-3.226130474e-11
544	255.0993047	-1.969731045e-10
545	252.8841073	-2.563620427e-10
546	242.3579051	-1.474251832e-10
547	228.1763044	2.498889984e-11
548	207.2012102	8.646861005e-11
549	188.3252659	-2.232525276e-11
550	163.6711344	-1.96647143e-10
551	140.952812	-2.794999787e-10
552	128.3882484	-1.899387314e-10
553	134.5028971	-4.843236923e-11
554	121.0435979	1.426858631e-11
555	100.0159363	-2.596323156e-11
556	94.29609984	-1.429567575e-10
557	81.26385053	-2.337960936e-10
558	71.69423661	-2.48463472e-10
559	59.79417463	-1.552287188e-10
560	59.29658143	-4.029931944e-11
561	65.76643013	4.958700117e-12
562	68.8916462	-7.174616456e-11
563	69.82546693	-2.299183066e-10
564	72.86478506	-3.098987733e-10
565	70.33600822	-2.34365416e-10
566	65.81218996	-8.505018911e-11
567	76.004438	1.594280263e-11
568	71.52161859	-4.625189121e-11
569	73.66250336	-1.95875316e-10
570	65.99976893	-2.951887623e-10
571	63.36692755	-2.69126943e-10
572	132.4959261	-1.465201294e-10
573	203.7665819	-3.658495729e-11
574	212.8992684	-1.334576893e-11
575	225.0018242	-1.387787663e-10
576	262.7908192	-2.86829227e-10
577	256.7688172	-3.331175336e-10
578	249.3830317	-2.211244521e-10
579	257.1395011	-5.04503106e-11
580	252.0121096	1.277200568e-12
581	256.4697875	-9.77848913e-11
582	250.1724146	-2.625304418e-10
583	240.9270693	-3.197531129e-10
584	246.4395287	-2.259463727e-10
585	258.5638624	-8.487255343e-11
586	252.1461062	-1.214583989e-11
587	244.3999137	-6.412026465e-11
588	245.2008017	-1.585567233e-10
589	248.5662835	-2.523945497e-10
590	257.1565573	-2.61048072e-10
591	250.6722586	-1.575468644e-10
592	253.0425932	-3.713296337e-11
593	256.5056184	2.277733557e-11
594	258.7242528	-6.03606054e-11
595	259.0452683	-2.019353573e-10
596	250.5621182	-2.88536306e-10
597	244.9982479	-1.964890473e-10
598	242.227824	-1.371525116e-11
599	252.2604287	7.631406618e-11
600	255.7859948	1.622080248e-11
601	255.025129	-1.486970547e-10
602	252.0631965	-2.43336018e-10
603	256.9727815	-1.86531679e-10
604	259.9296943	-5.297984274e-11
605	251.1762938	7.815526004e-11
606	250.6948014	7.14113213e-11
607	246.9850385	-4.034639289e-11
608	251.676231	-1.852340503e-10
609	242.5992577	-2.051923076e-10
610	217.5897317	-7.998401941e-11
611	194.1597383	8.626965808e-11
612	176.9266937	1.524194104e-10
613	168.5929157	3.811706506e-11
614	153.4739703	-1.189706111e-10
615	136.5413274	-1.648379211e-10
616	124.3531075	-6.059241997e-11
617	125.8610212	8.83311202e-11
618	104.3108441	1.577253883e-10
619	81.63626736	1.164925933e-10
620	87.43709724	8.081535441e-12
621	92.91459818	-7.808331759e-11
622	98.35525539	-7.103739819e-11
623	93.97813261	2.450573078e-11
624	94.10236966	1.581543785e-10
625	94.16341665	2.055795534e-10
626	88.65748715	1.266187155e-10
627	85.37828346	-1.892352941e-11
628	92.32741442	-1.007158801e-10
629	93.35819033	-1.181543752e-11
630	83.65015768	1.696438545e-10
631	84.6270575	2.667706056e-10
632	75.76140789	1.890319012e-10
633	82.36576983	3.185451902e-11
634	79.05102677	-6.044764689e-11
635	73.14410576	-1.366906588e-12
636	138.1908178	1.429532048e-10
637	211.5269078	2.53097987e-10
638	219.9144941	2.345927896e-10
639	224.2645488	1.14728671e-10
640	255.3460329	-2.107736208e-11
641	246.335044	-2.82049939e-11
642	241.1082623	9.159961678e-11
643	251.9427817	2.421653988e-10
644	245.3835973	2.982183389e-10
645	248.606495	1.770903424e-10
646	248.0195893	2.463895754e-11
647	246.9646523	-3.050937281e-11
648	256.4463055	8.014833242e-11
649	268.6163499	2.109663555e-10
650	259.6928343	2.651572295e-10
651	252.2146606	2.167288571e-10
652	256.0731486	9.936762524e-11
653	259.7570473	2.450439851e-11
654	263.3436608	2.501199248e-11
655	251.3968528	1.152322682e-10
656	253.879693	2.443059088e-10
657	258.7819921	2.931885845e-10
658	257.9765608	1.980300368e-10
659	251.7626076	3.640909796e-11
660	241.8761355	-3.656985825e-11
661	243.510789	5.447553519e-11
662	249.6254237	2.359699103e-10
663	259.7572286	3.208566746e-10
664	254.7918233	2.317341874e-10
665	249.4167321	4.738431869e-11
666	249.0973755	-2.781641584e-11
667	258.8106447	2.615374584e-11
668	264.4627269	1.741793376e-10
669	257.5894738	2.56687116e-10
670	257.351178	2.345528216e-10
671	247.433198	1.153743767e-10
672	238.3427611	-1.58291158e-11
673	212.5171101	-4.340972026e-11
674	177.778225	6.675859865e-11
675	155.1586447	2.100213337e-10
676	145.2829925	2.538849131e-10
677	145.0002025	1.414219852e-10
678	137.7751098	-2.023003987e-11
679	127.0690757	-7.238520894e-11
680	116.7177082	2.520961218e-11
681	120.3567865	1.65753189e-10
682	104.5234421	2.107731767e-10
683	90.41016482	1.376285752e-10
684	101.8326189	2.340794225e-11
685	106.3270422	-7.412070957e-11
686	106.4579924	-4.310596324e-11
687	95.24235406	4.286349053e-11
688	85.98558881	1.515871872e-10
689	75.17484788	1.773492464e-10
690	66.24461715	9.083178654e-11
691	69.42604225	-7.007150415e-11
692	86.01166907	-1.509423697e-10
693	90.56442845	-6.087619298e-11
694	80.21502415	1.023847673e-10
695	83.68690268	1.956106388e-10
696	77.91683732	9.096767783e-11
697	85.83226811	-9.746914387e-11
698	83.90349304	-1.78959958e-10
699	82.11216422	-1.203095401e-10
700	152.9671672	2.660094367e-11
701	227.9481818	1.053623855e-10
702	226.9116849	4.940314824e-11
703	220.0989738	-9.553557945e-11
704	251.2826735	-2.227757978e-10
705	246.5570136	-1.985516196e-10
706	242.1604362	-9.462097772e-11
707	249.9803072	5.16644505e-11
708	239.1286027	7.059663965e-11
709	241.4577319	-6.189693202e-11
710	245.0255833	-2.054652004e-10
711	246.753258	-2.728721693e-10
712	254.9754806	-1.599425037e-10
713	267.0834915	-3.727507192e-11
714	259.747646	2.788347331e-11
715	254.0947724	-3.749378585e-11
716	255.8224447	-1.682221029e-10
717	253.0486353	-2.688378409e-10
718	252.2645453	-2.682776223e-10
719	243.9626648	-1.348421375e-10
720	255.1066584	-2.238098595e-11
721	263.4370135	-7.522205081e-12
722	260.4922815	-1.173776631e-10
723	254.1126738	-2.862381443e-10
724	249.2251594	-3.313942454e-10
725	253.6204052	-2.284292755e-10
726	255.2071879	-5.191647112e-11
727	256.6783978	6.743272607e-12
728	245.6625783	-1.08934195e-10
729	241.1285827	-2.662423615e-10
730	243.5343184	-3.442879315e-10
731	256.0417172	-2.495312845e-10
732	266.0782403	-1.164983665e-10
733	261.8652842	-3.163302953e-11
734	253.4566249	-5.589029239e-11
735	225.0297538	-2.02949102e-10
736	201.7446418	-3.158765471e-10
737	175.9621672	-3.20893534e-10
738	152.4107125	-1.792874738e-10
739	140.6410015	-4.88862284e-11
740	136.2159907	-2.382394282e-11
741	138.243078	-1.45283674e-10
742	134.5060213	-2.863997928e-10
743	126.6346178	-3.133207027e-10
744	115.4081351	-2.16608731e-10
745	118.6306843	-7.914946476e-11
746	101.8018946	-2.758726581e-11
747	81.77915109	-7.180328554e-11
748	82.54101143	-1.829423835e-10
749	79.40953353	-2.740044858e-10
750	80.57524751	-2.644704455e-10
751	76.38288612	-1.522869608e-10
752	74.40612857	-3.38336581e-11
753	69.96111052	8.182843292e-12
754	68.66275433	-9.301359682e-11
755	74.87782603	-2.51752591e-10
756	86.78132316	-3.02320835e-10
757	84.72372123	-1.910195335e-10
758	75.27404352	2.255039211e-11
759	84.35425097	8.01080452e-11
760	75.71588668	-5.596079156e-11
761	75.70652349	-2.158380991e-10
762	74.58318971	-2.631209972e-10
763	82.46375704	-1.661390817e-10
764	159.3930125	-2.892987239e-11
765	232.4161217	4.444797308e-11
766	226.3399708	-1.054636933e-11
767	222.2066071	-1.227291602e-10
768	264.1792954	-2.155188805e-10
769	262.9624115	-1.983937459e-10
770	254.1187148	-7.673262026e-11
771	259.8927014	4.972589007e-11
772	250.3073319	8.511702454e-11
773	251.1652729	-2.88207791e-11
774	248.558111	-1.676718209e-10
775	239.7575711	-2.059790116e-10
776	238.5598356	-9.761591535e-11
777	249.5199246	6.338130021e-11
778	246.0070287	1.108168002e-10
779	244.2636013	4.895228667e-11
780	247.3438552	-7.640499344e-11
781	246.1260582	-1.455905396e-10
782	249.7314598	-1.02567066e-10
783	245.3189682	1.181477138e-11
784	254.8105074	1.431457175e-10
785	257.1492156	1.590968468e-10
786	253.9344321	3.327382814e-11
787	254.2332788	-8.807332641e-11
788	252.3747369	-1.365578761e-10
789	249.9384434	-1.110411763e-11
790	246.6494522	1.787288095e-10
791	255.359878	2.522471121e-10
792	255.9307961	1.186977183e-10
793	255.3188734	-5.32609512e-11
794	250.397021	-9.730927175e-11
795	253.0014146	7.020828363e-12
796	255.3802735	1.777973324e-10
797	242.2248623	2.44162246e-10
798	221.8278298	1.779267844e-10
799	187.7767326	5.386091573e-11
800	173.8454029	-4.371325524e-11
801	164.3228016	-6.151967824e-12
802	151.6204706	1.151592155e-10
803	141.5146933	2.454310088e-10
804	134.8894529	2.595583748e-10
805	134.2913057	1.470621402e-10
806	130.2239387	8.805178808e-12
807	124.7109059	-2.562305923e-11
808	117.0172348	8.885203684e-11
809	125.8058099	2.344673344e-10
810	113.1834889	2.803479671e-10
811	94.64992783	2.35172104e-10
812	96.75323398	9.577272309e-11
813	97.38297232	1.412603368e-11
814	102.0180474	4.81101825e-11
815	98.17331613	1.732942678e-10
816	94.30855327	2.891824558e-10
817	87.66037566	2.907662999e-10
818	84.47065014	1.647009196e-10
819	85.48762653	1.673505778e-11
820	91.78975539	4.731326442e-12
821	88.72855377	1.280859863e-10
822	83.57939692	3.044302588e-10
823	95.5651304	3.221738432e-10
824	82.66040062	1.789413062e-10
825	80.33129232	2.416644662e-11
826	84.71892881	-2.852917902e-11
827	93.93686844	9.822054281e-11
828	158.7756748	2.24011476e-10
829	219.5537866	2.57055266e-10
830	213.8143303	1.979936215e-10
831	221.4322274	6.608447123e-11
832	273.9220032	-1.503375202e-11
833	269.0830856	-9.423573033e-13
834	252.1397486	1.009472506e-10
835	259.1711343	2.419255907e-10
836	256.0297436	2.515663233e-10
837	258.8620199	1.131699179e-10
838	255.2952203	-2.797229115e-11
839	245.8887345	-5.369704681e-11
840	246.0498889	4.710454249e-11
841	260.9489317	1.785824821e-10
842	259.1461391	2.123905496e-10
843	257.13501	1.289865992e-10
844	260.9911245	-2.578826042e-12
845	262.7877038	-7.333156304e-11
846	266.3804332	-4.457012537e-11
847	253.3582636	7.242917377e-11
848	249.9115153	1.724669296e-10
849	246.0013723	1.857065612e-10
850	249.3010125	4.052269631e-11
851	258.1997647	-1.196922561e-10
852	254.7011504	-1.63841829e-10
853	243.8049098	-1.527400428e-11
854	240.8865572	1.748343692e-10
855	259.6654925	1.929589821e-10
856	265.9787728	4.893108141e-11
857	262.7460419	-1.284505835e-10
858	251.4122014	-1.777267222e-10
859	245.8574455	-5.006617343e-11
860	234.3039986	8.852918398e-11
861	205.4382033	1.311057929e-10
862	179.134788	4.119149466e-11
863	154.1781701	-6.760503268e-11
864	154.1785652	-1.600306554e-10
865	149.4385328	-1.442734821e-10
866	135.3680617	-4.534772557e-11
867	128.1144228	7.242695332e-11
868	129.2833025	8.689626796e-11
869	132.6546207	-4.173239532e-11
870	129.1503008	-1.924722604e-10
871	125.0592209	-2.271236532e-10
872	117.838666	-1.223816604e-10
873	125.9743741	3.305622442e-11
874	112.9497838	8.928502382e-11
875	96.30307697	-1.201572175e-11
876	99.86375176	-1.767079816e-10
877	97.75861658	-2.541451494e-10
878	95.33467023	-1.8437607e-10
879	85.07597176	-6.112532702e-11
880	77.69732861	3.691535966e-11
881	68.36888127	1.355893176e-11
882	64.63034532	-1.272102423e-10
883	67.80693399	-2.485300854e-10
884	78.27691759	-2.694138246e-10
885	76.09516915	-1.45836232e-10
886	68.47514971	1.348254841e-12
887	80.64716825	3.510969293e-11
888	73.18338983	-1.181410525e-10
889	80.90719005	-2.746807226e-10
890	90.53158163	-3.10315329e-10
891	86.53630777	-1.859916665e-10
892	122.7493776	-3.231370727e-11
893	163.5977078	-2.032596313e-11
894	158.6949834	-1.022124607e-10
895	182.3490464	-2.249729292e-10
896	254.4476406	-3.107683e-10
897	260.927975	-2.495035289e-10
898	249.9157721	-1.367803648e-10
899	263.6171041	-3.57367469e-11
900	264.6110225	-4.616840243e-11
901	266.6311567	-1.727444854e-10
902	263.1865064	-2.82622814e-10
903	254.0171291	-3.259410519e-10
904	249.7131749	-2.151150369e-10
905	256.6357003	-7.212364039e-11
906	246.3141047	-3.839328855e-11
907	241.2750577	-1.092415047e-10
908	248.3814439	-2.569038315e-10
909	255.3312412	-3.274971405e-10
910	260.5880567	-2.644435781e-10
911	245.9810753	-1.278639417e-10
912	242.6481015	-1.830624541e-11
913	242.1328139	-4.381206509e-11
914	250.3448302	-1.874331801e-10
915	262.0810235	-3.350386635e-10
916	260.0643347	-3.026725537e-10
917	250.5143637	-1.356665891e-10
918	248.4277708	1.773248215e-11
919	262.9919403	2.015188016e-11
920	261.8836078	-1.369242497e-10
921	259.0058714	-2.83339574e-10
922	253.3548858	-2.906057617e-10
923	244.051883	-1.456514909e-10
924	214.6636009	-9.930722911e-12
925	171.1007403	2.62128097e-11
926	147.0617682	-3.596589693e-11
927	134.3998789	-1.452544751e-10
928	141.9051927	-2.176729907e-10
929	137.5509614	-1.837445751e-10
930	128.1236018	-6.112088613e-11
931	131.4257405	5.349409804e-11
932	137.6819153	7.063682972e-11
933	133.4480663	-5.229061628e-11
934	120.1102011	-1.884963297e-10
935	111.3486173	-2.095417173e-10
936	99.79375085	-5.980638207e-11
937	104.7085145	8.829204035e-11
938	94.22910277	1.411466499e-10
939	84.74926648	3.088107547e-11
940	92.71401726	-9.224709885e-11
941	92.64750505	-1.666657923e-10
942	96.78256637	-8.428635567e-11
943	99.77954591	6.046807499e-11
944	103.699191	1.526121451e-10
945	96.70290688	1.454418808e-10
946	91.80595561	1.065636468e-11
947	93.85544742	-1.264144345e-10
948	100.2894394	-1.209841116e-10
949	87.18295125	4.265121589e-11
950	69.75263466	2.223554674e-10
951	82.27635035	2.278515154e-10
952	79.42455146	6.913403183e-11
953	87.39375383	-8.143175023e-11
954	89.26686751	-9.326051043e-11
955	66.5306002	6.284484044e-11
956	75.59530162	1.982938258e-10
957	96.45183646	2.223767837e-10
958	88.22414772	1.259969906e-10
959	127.1112134	1.421440743e-11
960	227.492435	-4.461231384e-11
961	257.4700345	-9.041656313e-12
962	255.6579445	1.168265484e-10
963	267.6364808	2.138031974e-10
964	261.9373314	2.30676811e-10
965	258.3330673	1.106039704e-10
966	256.1038869	-2.672084776e-11
967	249.4237495	-4.810729592e-11
968	243.515626	8.278799868e-11
969	250.2720016	2.493338869e-10
970	244.6135105	2.780780051e-10
971	246.3755393	1.597344479e-10
972	254.8624919	1.257305371e-11
973	257.8230455	-4.222044936e-11
974	261.1130613	7.39426298e-11
975	250.6009277	2.098694551e-10
976	250.6201411	2.892743822e-10
977	243.8348709	2.176534508e-10
978	241.6431275	1.060920241e-10
979	251.463488	-1.345679124e-11
980	258.8117776	5.324629626e-12
981	256.3851208	1.554525397e-10
982	250.2898069	2.924958054e-10
983	254.4684013	2.811013644e-10
984	248.3970255	1.492308499e-10
985	251.20188	-1.345590306e-11
986	250.0753704	-1.267874694e-11
987	234.4545629	1.195790134e-10
988	195.0830188	2.609050753e-10
989	152.451988	2.893942863e-10
990	138.5859099	1.847277886e-10
991	134.0007282	7.895639698e-11
992	144.9263293	6.268763286e-12
993	144.2951841	5.797584635e-11
994	140.0379835	1.653726045e-10
995	142.0107071	2.685878187e-10
996	137.6463969	2.45830023e-10
997	121.7700991	1.224371715e-10
998	109.0506899	-2.659206189e-12
999	111.2509773	-2.898481455e-11
1000	108.8857861	9.949374657e-11
1001	119.8485706	2.475513128e-10
1002	113.7460745	2.691731282e-10
1003	102.7573429	1.575113373e-10
1004	100.8270702	-5.432099215e-12
1005	92.03093836	-5.13722398e-11
1006	96.56772503	3.437072849e-11
1007	105.866116	1.726387922e-10
1008	112.8622819	2.617177586e-10
1009	103.8302923	1.646167647e-10
1010	97.71389264	1.47792889e-11
1011	98.50436738	-9.285905378e-11
1012	101.6328647	-4.803268894e-11
1013	85.36238821	1.023412466e-10
1014	71.73694576	2.352145145e-10
1015	92.50050245	1.904361113e-10
1016	90.2808375	2.968469914e-11
1017	93.13534655	-1.006963402e-10
1018	96.33142362	-1.04588338e-10
1019	78.77159372	2.219024964e-11
1020	83.88922415	1.31439748e-10
1021	94.44319146	1.372377767e-10
1022	78.2507845	5.135092351e-11
1023	118.3170186	-6.680878073e-11
1024	227.6653935	-1.40689238e-10
1025	260.0388015	-1.063575894e-10
1026	249.2025505	-3.87245791e-12
1027	250.5271353	1.007549599e-10
1028	241.3927347	9.278444679e-11
1029	242.5227845	-5.220535115e-11
1030	251.2122619	-1.933280203e-10
1031	253.2814364	-2.223892182e-10
1032	251.4092188	-8.17994561e-11
1033	263.8039654	6.370193262e-11
1034	262.8964693	7.584155526e-11
1035	260.5208127	-6.141398501e-11
1036	254.8364142	-2.382929409e-10
1037	247.5468144	-2.515641029e-10
1038	255.76509	-1.589999243e-10
1039	258.5646547	-2.185629455e-11
1040	263.8882724	4.692246591e-11
1041	250.1862691	-1.117150816e-11
1042	242.0200006	-1.698872154e-10
1043	254.4867223	-2.67464273e-10
1044	265.3020287	-2.310507341e-10
1045	257.0857805	-9.926992561e-11
1046	244.1726445	4.695976941e-11
1047	251.4821067	1.241318159e-11
1048	254.8497892	-1.664535176e-10
1049	263.5034893	-2.980797831e-10
1050	260.150316	-2.776463504e-10
1051	240.6185046	-1.316564635e-10
1052	200.8140121	-1.213784628e-11
1053	158.5655525	-1.569766539e-11
1054	138.619467	-1.157527407e-10
1055	124.6410165	-2.354774153e-10
1056	132.4940814	-2.701696644e-10
1057	134.8675065	-2.288835788e-10
1058	132.2648935	-1.246505121e-10
1059	131.6256416	-3.595523879e-11
1060	126.5055036	-4.933120579e-11
1061	114.7838864	-1.7083579e-10
1062	110.7762756	-3.099049906e-10
1063	120.2781661	-3.245261837e-10
1064	118.5968101	-1.760209756e-10
1065	127.3234461	-5.618616683e-12
1066	118.2378719	1.952038531e-11
1067	102.0215119	-1.276099226e-10
1068	93.48211169	-2.887716732e-10
1069	81.76327403	-3.110987024e-10
1070	85.36574429	-1.723083898e-10
1071	92.26287733	-5.335820674e-11
1072	96.51578819	-1.698907681e-11
1073	87.79902179	-8.261302753e-11
1074	84.84027056	-2.37491804e-10
1075	85.82007516	-2.894910978e-10
1076	87.83360943	-2.368754082e-10
1077	73.67229141	-9.287326463e-11
1078	66.54332214	2.359712425e-11
1079	91.51042485	-6.549427667e-12
1080	84.64591387	-1.395381588e-10
1081	82.09964108	-2.841336055e-10
1082	89.35637017	-2.546478584e-10
1083	77.50974192	-1.216076129e-10
1084	78.33649492	-4.570566148e-12
1085	82.7747952	2.451905345e-11
1086	65.01477129	-6.784439677e-11
1087	106.1048697	-1.805098293e-10
1088	216.8015348	-2.286313361e-10
1089	246.7043301	-1.660538373e-10
1090	232.855534	-5.386802115e-11
1091	238.037399	3.740652232e-11
1092	238.4465184	1.766586877e-11
1093	246.5411599	-1.145910034e-10
1094	257.4776209	-2.238387253e-10
1095	256.5400786	-2.307860569e-10
1096	250.3415659	-7.384315381e-11
1097	262.3542331	8.030376364e-11
1098	260.1057196	8.306066945e-11
1099	252.0889169	-4.744471482e-11
1100	242.2388591	-2.032543023e-10
1101	240.9803564	-2.130775556e-10
1102	260.2257373	-5.832490046e-11
1103	266.7722287	8.105516258e-11
1104	267.954901	1.406998962e-10
1105	253.5622951	4.802913622e-11
1106	252.4454756	-9.227463238e-11
1107	266.976691	-1.668354344e-10
1108	266.3793164	-1.114397463e-10
1109	243.095084	6.675371367e-11
1110	230.3619133	1.668158944e-10
1111	251.2094207	1.264233163e-10
1112	263.3644991	-2.614974903e-11
1113	271.3221853	-1.259952143e-10
1114	266.5742419	-9.390710431e-11
1115	249.2268317	5.028688577e-11
1116	207.466912	1.715338982e-10
1117	156.0630523	1.793001303e-10
1118	126.196743	9.197975714e-11
1119	110.9101692	-2.300559743e-11
1120	125.3545577	-6.255618246e-11
1121	132.950493	9.73443548e-13
1122	132.4890275	1.179625286e-10
1123	136.4142782	2.274358479e-10
1124	138.4967041	1.90892635e-10
1125	126.0889086	5.935341107e-11
1126	112.4889318	-6.770584093e-11
1127	111.5245736	-4.997957603e-11
1128	104.4061327	1.196678312e-10
1129	115.701823	2.811884059e-10
1130	115.7526422	2.908642216e-10
1131	112.2540758	1.460236376e-10
1132	116.1750936	-1.68043357e-11
1133	112.7951598	-2.154720846e-11
1134	114.7683824	1.034496933e-10
1135	112.9701798	2.483275807e-10
1136	110.8591897	2.772573282e-10
1137	102.79452	2.032223279e-10
1138	104.6562122	6.731859514e-11
1139	108.5792542	4.638067708e-12
1140	112.5019372	6.765610294e-11
1141	99.63190751	2.124629361e-10
1142	94.32022672	3.211191313e-10
1143	122.4899322	2.810089939e-10
1144	116.8465125	1.350013434e-10
1145	110.8171272	7.933209645e-12
1146	109.4570463	2.841815672e-11
1147	83.07344016	1.90111038e-10
1148	69.94253828	2.993196802e-10
1149	76.52866602	3.046967123e-10
1150	71.97032663	1.862936472e-10
1151	121.5937402	4.965627909e-11
1152	234.2978577	1.853628362e-11
1153	264.0760785	7.37490069e-11
1154	251.9424754	1.909299385e-10
1155	261.1483999	2.718820724e-10
1156	262.38813	2.34923192e-10
1157	263.1660276	9.730172223e-11
1158	265.0278213	-2.569500168e-11
1159	258.2354491	-2.300204471e-11
1160	250.453468	1.320543674e-10
1161	264.4427196	2.651425746e-10
1162	263.6659928	2.63561617e-10
1163	257.9737699	1.024904606e-10
1164	252.5930163	-3.12834203e-11
1165	252.426148	-3.302957907e-11
1166	259.8196356	1.204512046e-10
1167	247.0332155	2.475086802e-10
1168	240.7110001	2.487468009e-10
1169	238.2573778	1.36632039e-10
1170	252.6722994	2.524203069e-12
1171	267.6710494	-5.556266558e-11
1172	256.6880625	-1.030286967e-13
1173	226.096344	1.470841227e-10
1174	213.8363983	2.264179955e-10
1175	233.5774406	1.598436938e-10
1176	240.4834831	2.857447612e-11
1177	250.6807372	-9.835865455e-11
1178	257.6897846	-7.875655683e-11
1179	248.5165048	4.631317552e-11
1180	203.8710609	1.555822138e-10
1181	150.7837756	1.695426022e-10
1182	129.2402168	5.45288259e-11
1183	124.7699664	-8.530953721e-11
1184	139.8235651	-1.297202346e-10
1185	137.2183476	-6.672173924e-11
1186	127.8840545	7.150369186e-11
1187	131.0661249	1.332356447e-10
1188	134.7651991	8.05151501e-11
1189	116.7208732	-7.762679388e-11
1190	96.38222174	-1.544844253e-10
1191	96.49942649	-1.442792552e-10
1192	95.43338032	2.167155344e-11
1193	111.9247237	1.501838653e-10
1194	114.2471673	1.156017504e-10
1195	111.4522345	-5.490186084e-11
1196	115.6131327	-2.118607512e-10
1197	113.2334218	-2.092708229e-10
1198	114.1224235	-6.127542918e-11
1199	110.05522	5.973888051e-11
1200	108.4781053	6.922817875e-11
1201	105.7504428	-4.704325818e-11
1202	116.2499138	-1.800231075e-10
1203	126.6628872	-2.308055969e-10
1204	132.9252239	-1.767972435e-10
1205	117.8619309	-2.246203223e-11
1206	113.0239196	4.725109193e-11
1207	151.7154827	-8.659739592e-12
1208	160.5774905	-1.556301754e-10
1209	160.7247658	-2.678302025e-10
1210	153.7096767	-2.314610725e-10
1211	114.2400494	-9.812417545e-11
1212	89.05162399	1.281286188e-11
1213	94.5803775	-9.851675031e-12
1214	90.33480239	-1.056523757e-10
1215	130.4394938	-2.357314344e-10
1216	231.8362679	-2.860485182e-10
1217	256.9319505	-2.173550229e-10
1218	244.963608	-8.695266729e-11
1219	254.7694003	-5.607958542e-12
1220	254.6193308	-7.227463072e-11
1221	252.2905539	-2.262989796e-10
1222	255.360139	-3.411795291e-10
1223	252.0525403	-3.028404194e-10
1224	244.4961385	-1.181490461e-10
1225	256.2421915	2.487965389e-11
1226	254.2531125	-1.11821663e-11
1227	252.0010057	-1.878532885e-10
1228	250.8066415	-3.282121241e-10
1229	249.4999893	-2.902922347e-10
1230	250.7200645	-1.387139292e-10
1231	237.4324974	-1.339905964e-11
1232	241.2880642	-2.870592652e-11
1233	248.2462687	-1.465760846e-10
1234	258.638278	-2.529123577e-10
1235	260.8568011	-2.959321677e-10
1236	243.2874478	-2.265245769e-10
1237	210.4605008	-8.448886035e-11
1238	190.4738191	6.464162539e-12
1239	198.0456109	-5.166711503e-11
1240	202.3217609	-1.909246095e-10
1241	225.5123269	-3.0956393e-10
1242	246.5346599	-2.751594508e-10
1243	239.9829306	-1.00133235e-10
1244	194.3016205	1.365840774e-11
1245	150.6921527	-3.60245167e-12
1246	142.1741359	-1.289226503e-10
1247	139.6510276	-2.5351099e-10
1248	145.8367058	-2.661959542e-10
1249	135.0292817	-1.670983352e-10
1250	124.0830238	-3.185895991e-11
1251	128.8796655	3.264233328e-11
1252	135.2877699	-2.408384603e-11
1253	120.1423088	-1.575664044e-10
1254	105.8608723	-2.431725932e-10
1255	112.4158316	-2.064570737e-10
1256	110.8963653	-2.708411273e-11
1257	120.2417563	8.955503006e-11
1258	114.5786438	6.408029662e-11
1259	108.5384409	-9.885958718e-11
1260	118.084368	-2.309263891e-10
1261	131.5634751	-1.886686363e-10
1262	149.6711983	-1.636735192e-11
1263	154.9827432	1.004760719e-10
1264	153.8278358	8.225242709e-11
1265	147.3178619	-2.689581891e-11
1266	153.4906375	-1.327098431e-10
1267	158.1071605	-1.48270729e-10
1268	159.2161988	-6.84234891e-11
1269	140.9208842	6.176215095e-11
1270	138.3055247	1.482760581e-10
1271	186.4156631	7.868905527e-11
1272	205.6347296	-2.77893264e-11
1273	210.4126123	-1.465174648e-10
1274	203.3266514	-1.017070872e-10
1275	159.1788546	4.978417678e-11
1276	123.231654	1.751878642e-10
1277	118.7271667	1.726263577e-10
1278	103.3623122	5.239897405e-11
1279	129.8470835	-6.873790426e-11
1280	225.3861761	-9.337952633e-11
1281	254.6738415	1.81543669e-12
1282	247.2640479	1.488089652e-10
1283	257.3013891	2.048103909e-10
1284	256.6007049	1.419024898e-10
1285	255.0086103	-9.819700608e-12
1286	261.131827	-9.871925499e-11
1287	257.3116424	-1.883293521e-11
1288	243.7309333	1.671232042e-10
1289	250.639379	2.832365453e-10
1290	247.858247	2.254729736e-10
1291	246.281915	7.169731475e-11
1292	243.8380883	-5.583800089e-11
1293	243.3686764	7.666756119e-12
1294	251.6198728	1.589448573e-10
1295	248.4258833	2.574154223e-10
1296	254.0631475	2.463664828e-10
1297	248.4133881	1.233715352e-10
1298	241.37013	1.868372124e-11
1299	236.6218511	-3.659295089e-13
1300	225.5389644	7.972644767e-11
1301	197.4289176	2.18246754e-10
1302	173.7595391	2.808562272e-10
1303	176.4874287	2.305000635e-10
1304	179.6920752	8.948219943e-11
1305	200.2661872	-1.183408926e-11
1306	213.2017381	2.123101694e-11
1307	202.4397989	1.663202909e-10
1308	164.5846211	2.879723127e-10
1309	133.7131997	2.778577368e-10
1310	127.0129395	1.359516943e-10
1311	118.3162826	3.100453227e-11
1312	126.0189471	3.755218358e-12
1313	125.4319479	1.383781978e-10
1314	119.7351674	2.493329987e-10
1315	121.1853454	3.027444961e-10
1316	127.6857457	2.026681045e-10
1317	118.6882857	5.759659416e-11
1318	109.9856317	-2.878408623e-11
1319	115.3884937	3.06208392e-11
1320	107.5377137	1.986038001e-10
1321	112.2378519	3.201243715e-10
1322	106.1882573	2.551878708e-10
1323	102.6419054	9.657696864e-11
1324	117.7920348	-2.661337817e-11
1325	140.8169246	4.360600769e-11
1326	163.7751304	1.660573901e-10
1327	164.168011	2.944240407e-10
1328	152.5772086	2.200692961e-10
1329	136.1342923	1.298836594e-10
1330	134.7355402	-7.389644452e-13
1331	134.9626381	-1.751487844e-12
1332	140.1816694	7.983658179e-11
1333	131.5450871	1.814122186e-10
1334	136.8921147	2.517346331e-10
1335	188.4345661	1.669100413e-10
1336	207.8759391	3.657163461e-11
1337	212.7134719	-8.868283885e-11
1338	209.4023992	-2.688693712e-11
1339	169.6774685	8.767742088e-11
1340	134.1172001	2.106190777e-10
1341	132.4820791	1.648388093e-10
1342	119.9937205	4.595790415e-11
1343	143.7012927	-7.943157243e-11
1344	236.5166634	-9.31379418e-11
1345	265.3926636	1.663380544e-11
1346	254.3673819	1.52123647e-10
1347	259.0415174	1.651763171e-10
1348	257.1400238	9.263345646e-11
1349	256.1720278	-9.559286696e-11
1350	262.3303784	-1.433235752e-10
1351	256.366549	-7.500489119e-11
1352	241.548593	1.135873617e-10
1353	249.7759469	1.94187777e-10
1354	243.2239401	1.03856479e-10
1355	228.4136505	-7.101519373e-11
1356	209.5121293	-1.79781523e-10
1357	200.0142496	-1.251514448e-10
1358	206.2067197	1.741184974e-11
1359	202.069715	1.121591708e-10
1360	207.8588082	4.585842817e-11
1361	209.8660776	-7.463540896e-11
1362	218.1817761	-1.48165924e-10
1363	227.3205483	-2.145945643e-10
1364	223.1041147	-1.016289275e-10
1365	196.0475252	-1.798028393e-11
1366	175.0685563	5.738698405e-11
1367	179.7602992	-1.738698074e-11
1368	173.6889237	-1.63737468e-10
1369	174.8222162	-2.966764612e-10
1370	175.3869277	-2.236255625e-10
1371	171.811391	-6.857092671e-11
1372	149.2876534	6.102851557e-11
1373	123.7818647	2.43112197e-11
1374	110.5632781	-1.267324024e-10
1375	101.1853501	-2.772644336e-10
1376	121.4476857	-2.507150043e-10
1377	130.863368	-1.476472278e-10
1378	119.4941719	-7.780442957e-13
1379	110.9576742	-2.096811613e-11
1380	120.9928986	-7.964118254e-11
1381	122.9405058	-2.430233792e-10
1382	120.0652572	-2.910844898e-10
1383	125.3164167	-2.254516573e-10
1384	117.3115842	-7.162626048e-11
1385	123.2126188	4.255440444e-11
1386	115.6521202	-3.792877123e-11
1387	106.5856307	-1.993605281e-10
1388	116.4889781	-3.02907921e-10
1389	139.6539279	-2.765254692e-10
1390	164.5463759	-9.776712773e-11
1391	167.4840831	-3.758771072e-12
1392	160.3162943	-4.031619483e-11
1393	147.5425917	-1.783071468e-10
1394	144.8965115	-2.304609836e-10
1395	140.6406474	-2.675761834e-10
1396	145.9002104	-1.79024795e-10
1397	139.4326654	-6.75015599e-11
1398	143.9019171	8.814282637e-12
1399	193.3274915	-3.43867157e-11
1400	211.933406	-1.84062543e-10
1401	215.177593	-2.98353342e-10
1402	210.8209944	-2.459970005e-10
1403	172.0281433	-9.89537341e-11
1404	138.963126	3.813838134e-11
1405	145.6328902	-1.629274493e-11
1406	138.4249353	-1.540243488e-10
1407	154.2170553	-2.879403382e-10
1408	233.5456597	-2.53162824e-10
1409	253.4951751	-1.344702127e-10
1410	238.9700485	2.257039e-11
1411	246.1233796	1.490363388e-11
1412	250.5358414	-7.478107023e-11
1413	250.5758059	-2.269331389e-10
1414	253.6522781	-2.679030331e-10
1415	247.4608618	-1.637729952e-10
1416	237.7920024	-1.455902066e-11
1417	249.7263973	6.464873081e-11
1418	237.6268785	-1.391242677e-11
1419	213.2519684	-1.308180231e-10
1420	189.0455261	-2.554223499e-10
1421	177.0127322	-1.421867069e-10
1422	175.8362276	9.574563364e-12
1423	166.1082217	1.259117255e-10
1424	182.0453369	4.579803203e-11
1425	206.8554161	-5.715961038e-11
1426	226.4334698	-1.589626208e-10
1427	221.5371145	-1.501838653e-10
1428	196.2395637	-4.726530278e-11
1429	162.9316473	6.346212444e-11
1430	151.5625776	1.52223123e-10
1431	162.9444617	6.649614193e-11
1432	149.6969974	-5.886136023e-11
1433	139.9766355	-1.711413233e-10
1434	140.154858	-8.718359368e-11
1435	145.7795579	5.444178441e-11
1436	131.0248677	1.885496204e-10
1437	112.0082956	1.433591024e-10
1438	111.4974021	-2.629008122e-13
1439	122.8109338	-1.1189627e-10
1440	158.6367409	-8.31903435e-11
1441	164.80548	5.56070745e-11
1442	135.1768246	1.958326834e-10
1443	110.6491547	1.956159679e-10
1444	116.2323433	6.329159419e-11
1445	115.1413904	-7.979750194e-11
1446	106.2671875	-1.066844391e-10
1447	108.4926589	1.66480163e-11
1448	102.0101419	2.074074246e-10
1449	108.385902	2.87645463e-10
1450	98.13312122	1.914806091e-10
1451	87.66127381	5.416822546e-11
1452	102.0092936	-5.229594535e-11
1453	136.5426785	3.871036824e-11
1454	172.901343	1.709175024e-10
1455	183.9590734	2.656079801e-10
1456	180.9284355	2.182076742e-10
1457	167.1046852	1.167705932e-10
1458	157.8994423	4.181899271e-11
1459	144.6696464	1.417177486e-11
1460	144.8025363	1.329389931e-10
1461	136.1544127	2.357012363e-10
1462	140.9486013	3.041336072e-10
1463	195.1735101	2.182929393e-10
1464	218.3143634	7.255707146e-11
1465	217.1103043	-2.289013423e-11
1466	203.3363408	3.271338755e-11
1467	158.4011617	2.424691559e-10
1468	123.7030127	3.466027465e-10
1469	135.9711409	2.89940516e-10
1470	133.2558934	1.32828859e-10
1471	142.1827626	1.452349352e-11
1472	208.6859771	6.276934528e-11
1473	219.2878256	1.897646484e-10
1474	199.7422464	3.294573503e-10
1475	205.1878568	2.953441935e-10
1476	208.0049745	1.988915699e-10
1477	201.4026355	6.313527479e-11
1478	200.5594758	3.723599207e-11
1479	199.2429734	1.654960613e-10
1480	197.2421807	2.754099171e-10
1481	211.3884535	3.645936886e-10
1482	199.7025746	2.392148701e-10
1483	185.2984572	1.206359457e-10
1484	177.3055756	-2.104627583e-11
1485	173.0795493	7.998934848e-11
1486	167.4470962	2.517417386e-10
1487	156.5633735	3.139497551e-10
1488	181.6779329	2.850946146e-10
1489	210.6822668	1.137223649e-10
1490	214.3992424	1.719158149e-11
1491	186.4539217	1.737276989e-12
1492	157.9343356	1.100950442e-10
1493	140.7837283	1.98802752e-10
1494	143.8723733	2.43336018e-10
1495	155.8780727	1.519602222e-10
1496	136.9379687	2.136957278e-11
1497	123.8650461	-5.10880227e-11
1498	121.7158132	2.301447921e-11
1499	124.9863109	2.071978145e-10
1500	114.7146121	3.069118293e-10
1501	114.726692	2.109459274e-10
1502	139.011616	5.996625418e-11
1503	165.2781259	-1.043716225e-10
1504	198.7622201	-4.784794783e-11
1505	191.0599766	1.086668533e-10
1506	145.6586791	2.120934539e-10
1507	109.4799062	1.922657589e-10
1508	109.2601032	4.719424851e-11
1509	104.3358648	-8.205702784e-11
1510	95.87544454	-9.107381516e-11
1511	104.3803502	-3.968381179e-12
1512	103.9743798	1.386304405e-10
1513	110.9923566	2.046789405e-10
1514	100.2082217	8.935430174e-11
1515	93.32149453	-5.95541394e-11
1516	113.644799	-1.413518191e-10
1517	152.990857	-8.209255498e-11
1518	187.6909155	8.390088624e-11
1519	191.5649026	1.269562233e-10
1520	179.8024455	8.088107961e-11
1521	159.4597313	-5.541878068e-11
1522	147.8614037	-1.566640151e-10
1523	136.3788351	-1.375255465e-10
1524	142.7240777	-4.136779808e-11
1525	139.6815975	6.9423578e-11
1526	146.9052752	9.744383078e-11
1527	202.1574749	1.463718036e-11
1528	224.3830922	-1.434941055e-10
1529	218.1873352	-2.512727804e-10
1530	201.7457078	-1.660858118e-10
1531	158.5520269	4.369837825e-13
1532	123.4496797	1.222240087e-10
1533	137.3917967	7.599254559e-12
1534	138.4155581	-1.336566413e-10
1535	144.8878107	-2.517595021e-10
1536	201.951159	-2.285780454e-10
1537	201.2064973	-4.79722928e-11
1538	170.3583895	3.369038382e-11
1539	168.375469	1.828937002e-11
1540	170.3048868	-1.349356182e-10
1541	166.294668	-2.366817853e-10
1542	173.2107898	-2.516671316e-10
1543	180.7260279	-1.214282008e-10
1544	180.5445575	1.147526518e-12
1545	191.0217154	3.78932441e-11
1546	181.9982983	-4.925837516e-11
1547	182.1331938	-2.398756749e-10
1548	189.0388486	-2.809130706e-10
1549	190.4093529	-2.131237409e-10
1550	184.9196171	-2.612310368e-11
1551	174.9329426	8.526512829e-12
1552	193.7806845	-5.232791978e-11
1553	204.5949989	-1.763282853e-10
1554	193.4911822	-2.600231142e-10
1555	174.6445211	-2.465831983e-10
1556	175.3197443	-1.664695048e-10
1557	176.3084671	-3.048228336e-11
1558	171.9889667	-1.508482228e-11
1559	166.7512152	-1.205897604e-10
1560	138.2234284	-2.389235476e-10
1561	120.7356315	-3.307434326e-10
1562	113.7463397	-2.250111208e-10
1563	118.1360535	-5.336531217e-11
1564	118.9034848	8.068568036e-11
1565	130.2918687	-2.287237066e-11
1566	151.5773411	-2.117417353e-10
1567	163.9221775	-3.126565673e-10
1568	187.6414122	-2.699209745e-10
1569	181.0756252	-7.136691238e-11
1570	140.2937994	1.050537435e-11
1571	106.1367211	-1.094946356e-11
1572	108.9254555	-1.669739902e-10
1573	108.3037281	-2.736157967e-10
1574	104.2466033	-2.461213455e-10
1575	114.2900911	-1.024424989e-10
1576	110.3115394	4.164135703e-11
1577	112.0407917	5.969980066e-11
1578	101.7760156	-1.749356215e-11
1579	100.5285861	-1.843432074e-10
1580	123.191994	-2.341060679e-10
1581	159.955392	-1.621671686e-10
1582	189.7298463	4.909850304e-12
1583	190.5411681	7.331379948e-11
1584	176.7984648	1.422861828e-11
1585	154.29435	-8.342482261e-11
1586	142.7427571	-1.734612454e-10
1587	136.4053659	-1.628528423e-10
1588	152.0727033	-5.247002832e-11
1589	152.4844887	7.205613883e-11
1590	152.3920966	1.205684441e-10
1591	196.8375407	2.209432637e-11
1592	214.3621478	-1.121343018e-10
1593	211.6939498	-1.900026803e-10
1594	207.2780414	-8.591172218e-11
1595	175.1870275	1.037285813e-10
1596	136.5093703	2.173052849e-10
1597	139.739199	1.199893518e-10
1598	132.7561879	-8.700240528e-11
1599	131.3051933	-1.663664762e-10
1600	178.0636133	-7.842615446e-11
1601	166.6097127	1.224833568e-10
1602	125.3656847	2.234195051e-10
1603	118.0599546	1.720792397e-10
1604	122.111264	4.235545248e-11
1605	119.7813003	-5.731948249e-11
1606	125.059055	-5.027089856e-11
1607	128.2415943	1.101447822e-10
1608	124.6471263	2.162749979e-10
1609	137.9325641	2.488533823e-10
1610	139.1176223	1.380691117e-10
1611	150.7180709	-7.606359986e-12
1612	162.6036651	-4.971312251e-11
1613	164.811583	4.787636954e-11
1614	160.1404996	2.097380047e-10
1615	147.2958108	2.452260617e-10
1616	153.9735125	2.184528114e-10
1617	155.8379358	4.47499815e-11
1618	157.517861	-4.380495966e-12
1619	170.1316495	1.318056775e-12
1620	196.7882074	1.076472245e-10
1621	198.2381213	2.401812083e-10
1622	178.0535709	2.428919288e-10
1623	158.7047126	1.687574525e-10
1624	120.8573903	2.187405812e-11
1625	94.68624255	-1.801581107e-11
1626	87.46987176	9.88507054e-11
1627	106.4723022	2.863096427e-10
1628	121.6582444	3.247144775e-10
1629	130.0623838	2.278319755e-10
1630	135.6182942	7.345590802e-11
1631	142.1867044	-2.646061148e-11
1632	177.3397753	8.412825991e-11
1633	184.9798541	2.177955594e-10
1634	146.7983459	3.222204725e-10
1635	106.8608722	2.60694577e-10
1636	106.4331419	1.110329606e-10
1637	103.6791238	4.635936079e-11
1638	95.22037598	4.699884926e-11
1639	100.0269714	1.383710924e-10
1640	93.65709229	3.034088536e-10
1641	98.48707932	3.165325779e-10
1642	97.10621667	2.336122407e-10
1643	101.805131	6.16324769e-11
1644	117.7541353	3.227285106e-11
1645	141.4756184	9.922374034e-11
1646	163.9661174	2.485762707e-10
1647	167.8280707	2.937667887e-10
1648	159.1446104	2.578950387e-10
1649	138.3833661	1.013660267e-10
1650	129.8887539	3.282707439e-12
1651	131.5024894	4.762057415e-11
1652	154.8877159	1.800195548e-10
1653	151.4099864	2.89965385e-10
1654	136.0269073	2.945164113e-10
1655	165.9376051	1.873168287e-10
1656	178.6508547	3.283417982e-11
1657	180.3871665	-3.936406756e-11
1658	191.3394643	6.309264222e-11
1659	178.1409226	2.427889001e-10
1660	144.6885627	2.913154162e-10
1661	142.9272308	1.815614326e-10
1662	133.2087981	2.899014362e-12
1663	133.2002438	-4.37907488e-11
1664	182.6783288	9.453771099e-12
1665	174.4112641	1.798667881e-10
1666	135.7168483	2.401385757e-10
1667	133.2693404	1.897291213e-10
1668	142.8547676	2.128075494e-11
1669	136.6324785	-4.355982242e-11
1670	131.8279739	-1.637090463e-11
1671	129.4751312	6.903988492e-11
1672	128.3788896	1.810960271e-10
1673	144.5917904	1.82858173e-10
1674	141.493878	9.182343774e-11
1675	142.3212425	-6.992806334e-11
1676	142.1535113	-1.092033131e-10
1677	136.8778166	-2.293631951e-11
1678	130.3884382	1.166746699e-10
1679	120.7848552	1.693933882e-10
1680	135.0555655	9.026734915e-11
1681	150.9290778	-6.750511261e-11
1682	167.0171089	-1.496509583e-10
1683	182.6491639	-1.257305371e-10
1684	200.6372402	-2.338396143e-11
1685	190.9792291	8.021672215e-11
1686	165.0000508	8.154543707e-11
1687	139.3988731	-3.857181241e-11
1688	88.65296741	-1.667395111e-10
1689	51.42707336	-1.884679079e-10
1690	50.02372513	-6.077272019e-11
1691	86.97161847	6.786748941e-11
1692	110.630502	9.475087381e-11
1693	114.1772927	1.093169999e-11
1694	117.8249857	-2.03939976e-10
1695	135.0897962	-2.575504254e-10
1696	180.1281639	-1.888871282e-10
1697	185.5300822	1.267963512e-11
1698	140.0159156	6.046008139e-11
1699	99.92205284	-1.925926085e-11
1700	106.5330368	-1.774473901e-10
1701	106.7047976	-2.36784814e-10
1702	96.51305131	-2.210889249e-10
1703	101.207349	-1.337241429e-10
1704	96.74004242	-8.007816632e-12
1705	101.544133	-7.972289495e-12
1706	98.10974503	-9.74473835e-11
1707	94.9557569	-2.327666948e-10
1708	92.5635008	-2.84519075e-10
1709	96.59457464	-1.832027863e-10
1710	110.2474585	-3.108269198e-11
1711	118.6549343	2.757261086e-11
1712	118.7085733	-5.885070209e-11
1713	106.5006127	-2.315552194e-10
1714	107.4140663	-2.891233919e-10
1715	114.460822	-2.432685164e-10
1716	132.5484187	-9.935163803e-11
1717	113.2252418	2.160405188e-11
1718	81.70035609	-7.155165349e-12
1719	101.0948253	-1.040731945e-10
1720	104.6417413	-2.568718571e-10
1721	96.66507264	-2.546869382e-10
1722	111.2521113	-1.824815854e-10
1723	116.5815346	-3.801403636e-13
1724	96.47644106	2.87769808e-11
1725	100.9040777	-6.783196227e-11
1726	102.2870839	-2.605986538e-10
1727	118.5424732	-3.129372317e-10
1728	181.8377241	-1.854978393e-10
1729	184.2596361	-3.008082672e-11
1730	155.6703204	3.593569886e-11
1731	165.4631122	-3.829114803e-11
1732	185.2352935	-1.708215791e-10
1733	180.1318755	-2.573052882e-10
1734	176.4561496	-2.35097275e-10
1735	182.2245882	-1.364384161e-10
1736	186.6719665	-1.965361207e-11
1737	194.5211035	-1.712407993e-12
1738	176.4249658	-8.281020314e-11
1739	170.7965965	-2.285034384e-10
1740	173.2574681	-2.43634446e-10
1741	171.5210525	-1.728039933e-10
1742	168.038824	-3.261391157e-12
1743	165.8313181	4.131806008e-11
1744	185.5365824	-1.368150038e-11
1745	193.0071865	-1.905782199e-10
1746	182.7208253	-2.519016107e-10
1747	166.9485308	-1.675921624e-10
1748	169.2492836	-6.797407082e-11
1749	162.3588206	7.634426424e-11
1750	144.0100888	4.014566457e-11
1751	118.7453782	-7.509726174e-11
1752	64.51206858	-1.818207807e-10
1753	28.77321067	-1.800088967e-10
1754	34.61733912	-3.365840939e-11
1755	74.7618373	1.014264228e-10
1756	91.98481845	1.578754905e-10
1757	89.5919825	1.708144737e-11
1758	94.278335	-1.367972402e-10
1759	111.3082547	-1.856328424e-10
1760	145.7109776	-3.451106068e-11
1761	142.3760348	1.202877797e-10
1762	105.8665985	1.698339247e-10
1763	86.29886215	9.237766108e-11
1764	105.5505596	-4.866862469e-11
1765	102.2138153	-9.50066692e-11
1766	85.32996121	-5.297451366e-11
1767	89.21088372	5.0178528e-11
1768	83.86326056	1.474802502e-10
1769	83.48617455	1.515338965e-10
1770	80.0110932	8.419220876e-11
1771	84.95121429	-6.187761414e-11
1772	88.85980979	-7.849010331e-11
1773	93.97954327	1.262634441e-11
1774	107.232757	1.710667163e-10
1775	117.6123302	2.32553532e-10
1776	120.1763761	1.463966726e-10
1777	111.2649507	1.649880232e-11
1778	115.0366041	-7.42303996e-11
1779	118.3837884	2.323830017e-11
1780	127.1585416	1.643378766e-10
1781	103.0620041	2.930455878e-10
1782	78.31398236	2.489599638e-10
1783	106.5408149	9.562128866e-11
1784	106.4840355	-3.0127012e-12
1785	82.53187955	6.117772955e-12
1786	88.49652923	1.553281948e-10
1787	97.14603573	2.807993837e-10
1788	75.36294226	3.349214239e-10
1789	75.39816916	1.885602785e-10
1790	81.00147893	3.262812243e-11
1791	102.0334193	2.216893336e-12
1792	157.9847213	1.172288933e-10
1793	145.9138647	2.786322284e-10
1794	104.4234072	3.372093715e-10
1795	106.0291456	2.581899139e-10
1796	120.5421949	1.164472963e-10
1797	112.6252635	3.601741128e-11
1798	116.3675768	1.058921839e-10
1799	135.0548414	2.006963484e-10
1800	143.0123449	2.952695866e-10
1801	144.7572085	2.709903413e-10
1802	129.3217973	2.061320004e-10
1803	141.6121821	6.062705893e-11
1804	159.8943095	-1.142197448e-11
1805	159.8314293	1.163478203e-10
1806	151.5659301	2.953939315e-10
1807	145.921561	3.468905163e-10
1808	154.5412027	2.326672188e-10
1809	143.2228902	8.398259865e-11
1810	124.738019	7.940315072e-12
1811	125.933931	6.965095167e-11
1812	161.1358135	2.099866947e-10
1813	177.0428948	3.073949983e-10
1814	161.8243175	2.490132545e-10
1815	132.2311702	1.189768284e-10
1816	78.43692955	-1.084288215e-11
1817	42.68240087	2.451017167e-11
1818	40.28959657	1.315285658e-10
1819	66.61383457	2.948183919e-10
1820	73.06333706	3.038991281e-10
1821	68.14291952	1.88727256e-10
1822	71.74835706	-9.553247082e-12
1823	81.67324025	-1.420374929e-11
1824	106.8509351	8.759570846e-11
1825	107.8519514	2.051585568e-10
1826	90.59455376	2.60744315e-10
1827	86.24211738	1.38165035e-10
1828	104.8733406	2.286171252e-11
1829	95.26469008	-4.072120419e-11
1830	84.69177698	2.460609494e-11
1831	105.0893858	6.493294791e-11
1832	109.8788624	1.620179546e-10
1833	109.7495222	1.839559616e-10
1834	111.6038491	6.587441703e-11
1835	129.5700504	-4.240163776e-11
1836	138.7695022	-1.312940867e-10
1837	135.68928	-4.31654712e-12
1838	135.3385781	1.390141335e-10
1839	135.9813273	2.095461582e-10
1840	131.7918091	6.042100154e-11
1841	118.1738508	-8.151701536e-11
1842	119.8466821	-1.552322715e-10
1843	122.2064453	-6.201616998e-11
1844	132.7539103	8.675016261e-11
1845	117.4145685	1.409148354e-10
1846	108.9755679	8.228440151e-11
1847	152.9823047	-7.775113886e-11
1848	159.581648	-1.970086316e-10
1849	130.9741604	-1.448015041e-10
1850	131.0238807	-4.438405199e-11
1851	134.1828856	1.024460516e-10
1852	98.28707366	1.100062264e-10
1853	84.59682984	-1.460875865e-11
1854	87.25325772	-1.783782011e-10
1855	106.1741977	-1.855831044e-10
1856	152.2286318	-6.82298662e-11
1857	131.9382493	6.913225548e-11
1858	88.6920789	9.843148518e-11
1859	91.92853385	-1.04662945e-11
1860	109.7760253	-1.577262765e-10
1861	106.1993203	-1.88901339e-10
1862	115.3953777	-1.544329109e-10
1863	131.8015004	-3.822719918e-11
1864	123.8352116	4.544631338e-11
1865	104.779137	5.289635396e-11
1866	76.0828879	-5.969269523e-11
1867	79.42896505	-1.986748543e-10
1868	83.89029802	-2.26485497e-10
1869	71.72157642	-1.215738621e-10
1870	63.82120325	2.702904567e-11
1871	65.45507796	8.909495364e-11
1872	75.6430604	-6.027889299e-11
1873	72.52741342	-2.257856124e-10
1874	86.76881465	-2.700772939e-10
1875	132.9395666	-1.812807682e-10
1876	193.7967829	-5.66195979e-11
1877	203.0182907	2.254907372e-11
1878	169.4662701	-5.816858106e-11
1879	131.9758703	-1.864890464e-10
1880	79.71411138	-3.059668074e-10
1881	41.20478137	-2.712390312e-10
1882	32.19737674	-1.076330136e-10
1883	56.78131548	2.301447921e-11
1884	66.0593097	2.490452289e-11
1885	63.77144565	-1.188169563e-10
1886	68.15045911	-2.681090905e-10
1887	79.82145776	-2.667910337e-10
1888	108.0005115	-1.551114792e-10
1889	114.6347752	-3.925748615e-12
1890	102.116835	1.800870564e-11
1891	95.44703388	-1.059170529e-10
1892	108.4031389	-2.244640029e-10
1893	100.2422405	-3.037285978e-10
1894	102.0087783	-2.189004533e-10
1895	131.908934	-1.594884225e-10
1896	129.1805738	-5.31130695e-11
1897	108.2451275	-3.375433266e-11
1898	92.49201272	-1.425775054e-10
1899	97.52978984	-2.718891778e-10
1900	89.21867278	-2.89482216e-10
1901	70.32452789	-1.537081573e-10
1902	69.01638101	-9.933387446e-12
1903	83.56376577	6.551204024e-11
1904	93.38455274	-7.372236155e-11
1905	88.84246795	-2.384616948e-10
1906	99.94742572	-2.600941684e-10
1907	111.6468721	-1.583586595e-10
1908	126.309563	1.353939183e-11
1909	111.2069567	5.793765467e-11
1910	108.4789791	5.286437954e-12
1911	167.5541118	-1.609095079e-10
1912	191.1769858	-2.470450511e-10
1913	168.5884781	-1.893809554e-10
1914	165.5283944	-3.084466016e-11
1915	161.3137753	8.831335663e-11
1916	110.5047771	9.178435789e-11
1917	83.2187662	-1.799449478e-11
1918	84.69688974	-1.500275459e-10
1919	111.0471064	-1.787974213e-10
1920	167.9190369	-5.548628224e-11
1921	164.9212353	1.016644546e-10
1922	139.374922	1.376250225e-10
1923	153.4337398	1.168132258e-11
1924	175.5998762	-8.204992241e-11
1925	169.7233432	-1.502442615e-10
1926	171.2281833	-5.890399279e-11
1927	174.4517372	6.029665656e-11
1928	149.8804601	1.479136813e-10
1929	113.5201433	1.618296608e-10
1930	68.49660442	5.33724176e-11
1931	58.1326997	-4.130740194e-11
1932	59.14978685	-7.711520311e-11
1933	62.65828625	8.585132605e-11
1934	82.26467343	2.047393366e-10
1935	103.4130309	2.547082545e-10
1936	114.6730222	1.395825677e-10
1937	107.6894427	-5.221778565e-11
1938	120.2657137	-9.111644772e-11
1939	154.7627507	2.246025588e-11
1940	191.2202526	2.029771906e-10
1941	181.6684433	2.371329799e-10
1942	150.9886739	1.826165885e-10
1943	128.5869491	1.463718036e-11
1944	86.64434248	-2.052402692e-11
1945	50.99539119	2.957989409e-11
1946	47.54088669	1.725695142e-10
1947	79.7811508	2.995896864e-10
1948	88.49412399	2.557420942e-10
1949	80.1298861	1.28189015e-10
1950	84.53743942	-4.785505325e-12
1951	103.0913737	-1.034550223e-11
1952	131.7783932	1.402220562e-10
1953	130.6166819	2.621689532e-10
1954	110.0356674	3.01703551e-10
1955	98.12049052	1.708144737e-10
1956	106.2011379	6.650680007e-11
1957	90.74589368	-6.718181567e-12
1958	82.6151728	6.712141953e-11
1959	97.70348954	1.76456183e-10
1960	75.9223334	2.655369258e-10
1961	37.53400561	2.790763176e-10
1962	13.23577248	1.449009801e-10
1963	14.96261157	3.715427965e-11
1964	4.359966021	4.309796964e-11
1965	-6.403685795	1.762892055e-10
1966	15.60953007	3.444569074e-10
1967	57.12314426	3.191154008e-10
1968	81.92216301	1.956621531e-10
1969	83.0776586	5.037747997e-12
1970	98.44351598	-2.223643492e-11
1971	108.0489314	1.034869967e-10
1972	109.7849763	2.870592652e-10
1973	82.77049418	3.209876809e-10
1974	84.74640885	2.241122843e-10
1975	161.4243016	6.274092357e-11
1976	197.8490629	-2.377120722e-11
1977	171.4267289	5.25943733e-11
1978	160.418941	1.781259584e-10
1979	155.4128537	2.945554911e-10
1980	102.6333868	2.803055565e-10
1981	71.55363075	1.519282478e-10
1982	74.80379065	1.494981916e-11
1983	104.3933358	1.113775738e-11
1984	158.5467214	1.231725832e-10
1985	149.5226603	2.462243742e-10
1986	113.3808288	2.531663768e-10
1987	112.0640563	1.627036283e-10
1988	119.4879099	1.768540869e-11
1989	103.3520761	-3.410605132e-12
1990	104.6769846	6.517453244e-11
1991	118.219625	1.852242804e-10
1992	107.6533591	2.254445519e-10
1993	79.96104143	2.199662674e-10
1994	38.33970137	8.333245205e-11
1995	33.23341334	-1.459810051e-11
1996	46.19561286	-4.889955108e-11
1997	65.11275864	9.353584574e-11
1998	94.66574458	2.266133947e-10
1999	115.5715114	2.497664298e-10
2000	115.9465672	6.216538395e-11
2001	92.09077147	-7.866418628e-11
2002	81.56922228	-1.485176426e-10
2003	90.35974123	6.977529665e-12
2004	116.8254565	1.499422808e-10
2005	124.2084809	1.751807588e-10
2006	122.4671399	6.333777947e-11
2007	116.569685	-9.470824125e-11
2008	77.16250868	-1.267146388e-10
2009	43.7818869	-5.870148811e-11
2010	48.00357384	5.548628224e-11
2011	83.71241418	1.370281666e-10
2012	87.54179934	1.018030105e-10
2013	78.42461606	-3.134204007e-11
2014	92.9864132	-1.667359584e-10
2015	121.4050073	-1.869260302e-10
2016	147.3906791	-6.390976637e-11
2017	142.1742316	3.234035262e-11
2018	129.2799449	4.597922043e-11
2019	128.8613254	-4.130384923e-11
2020	137.0924937	-2.044053815e-10
2021	108.7689074	-2.226485663e-10
2022	86.48961425	-1.540030325e-10
2023	93.7872868	-3.947064897e-11
2024	70.53089729	1.453770437e-11
2025	33.45735197	2.345146299e-11
2026	14.07616373	-1.31166189e-10
2027	22.82735882	-2.353850448e-10
2028	19.04095754	-2.470486038e-10
2029	16.39271459	-9.986678151e-11
2030	44.61654617	6.120259854e-11
2031	85.92215797	5.979572393e-11
2032	104.5167917	-1.098321434e-10
2033	100.4668391	-2.581295178e-10
2034	109.2997258	-3.037214924e-10
2035	102.1696983	-1.609095079e-10
2036	83.5441388	1.546496264e-11
2037	52.31116121	5.154987548e-12
2038	70.3367619	-9.581668792e-11
2039	163.7771396	-2.444942027e-10
2040	202.6876146	-3.056364051e-10
2041	167.6413336	-2.037694458e-10
2042	155.1268955	-1.124504934e-10
2043	160.3850073	-6.167510946e-12
2044	114.6644039	-2.840039315e-11
2045	83.70194293	-1.609521405e-10
2046	84.07958358	-2.798223875e-10
2047	101.161397	-2.741771254e-10
2048	131.8494251	-1.453521747e-10
2049	104.4964175	-4.892086736e-12
2050	60.06611922	2.328448545e-11
2051	53.98598829	-8.401457308e-11
2052	58.18258049	-2.201510085e-10
2053	43.17276135	-2.479616512e-10
2054	53.85596202	-1.709388187e-10
2055	79.53302121	-4.562394906e-11
2056	75.72772123	8.839151633e-12
2057	49.19357128	-9.308109838e-12
2058	11.2786187	-1.357101098e-10
2059	13.02903806	-2.271249855e-10
2060	26.96878538	-2.000994925e-10
2061	36.91311604	-7.662137591e-11
2062	55.82262553	7.257838774e-11
2063	75.38748784	4.595435144e-11
2064	81.25328673	-1.225508584e-10
2065	64.05481663	-2.847961866e-10
2066	57.81456894	-2.550137879e-10
2067	70.62047377	-1.174029762e-10
2068	106.2878831	4.127542752e-11
2069	124.6143182	5.667999403e-11
2070	126.1842483	-8.356337844e-11
2071	115.9310165	-1.693685192e-10
2072	76.84203032	-1.912354719e-10
2073	50.04361678	-1.236770686e-10
2074	57.30974104	1.662670002e-12
2075	87.73196393	6.65423272e-11
2076	87.11228771	4.022382427e-11
2077	83.92257279	-7.600675644e-11
2078	108.1769065	-1.799733695e-10
2079	138.8027701	-1.853202036e-10
2080	160.8408761	-6.388489737e-11
2081	161.1334724	6.285816312e-11
2082	163.2952418	7.062439522e-11
2083	168.4171423	-3.007016858e-11
2084	164.2611123	-1.698126084e-10
2085	119.1805255	-1.688462703e-10
2086	91.32504173	-8.660805406e-11
2087	102.1820739	4.84128293e-11
2088	81.8516723	1.258619875e-10
2089	43.14448696	9.087486319e-11
2090	25.32332051	-2.060573934e-11
2091	41.59122259	-1.367403968e-10
2092	43.43111346	-9.792699984e-11
2093	36.98225557	3.473843435e-11
2094	51.43756562	1.942233041e-10
2095	78.9564514	1.88951077e-10
2096	91.96312853	4.426681244e-11
2097	89.54960952	-1.137721028e-10
2098	96.50881433	-6.745892733e-11
2099	79.83478928	1.017603779e-10
2100	55.64376218	2.348059525e-10
2101	33.19555954	2.445901259e-10
2102	66.02063796	1.084785595e-10
2103	166.7842436	-2.06732409e-11
2104	208.1637837	-6.891553994e-11
2105	175.0660458	5.541167525e-11
2106	165.3829217	1.749143053e-10
2107	171.9128295	2.427711365e-10
2108	122.6416176	2.437943181e-10
2109	88.4298084	1.377067349e-10
2110	86.14456842	1.491784474e-11
2111	92.88895346	2.528821597e-11
2112	112.8016456	1.544755435e-10
2113	94.70990093	2.788311804e-10
2114	72.57760561	2.823554723e-10
2115	80.32358838	1.886171219e-10
2116	85.97142919	1.139710548e-11
2117	67.83466694	7.819522807e-12
2118	74.72101122	1.00630615e-10
2119	92.94984727	2.653841591e-10
2120	82.89528295	3.213074251e-10
2121	61.39918289	2.579376712e-10
2122	40.27694989	1.125464166e-10
2123	55.08339745	3.834799145e-11
2124	66.43371252	9.128697798e-11
2125	63.29919778	2.485087691e-10
2126	70.27951508	3.495905787e-10
2127	84.01141426	3.264197801e-10
2128	87.11052	1.62422964e-10
2129	73.95278345	-7.450040584e-12
2130	77.60842363	3.170796958e-11
2131	94.19728283	2.036060209e-10
2132	120.1404948	3.03490566e-10
2133	122.5033684	2.931805909e-10
2134	116.8156215	1.738023059e-10
2135	115.8293334	6.164668775e-11
2136	97.07384573	4.764544315e-11
2137	83.19836208	1.420517037e-10
2138	87.01647975	2.061923965e-10
2139	106.6550663	2.787814424e-10
2140	101.1773797	2.087716666e-10
2141	100.2903031	1.250519688e-10
2142	125.5435881	-3.7633896e-11
2143	154.2516835	-1.156053031e-11
2144	176.0876044	9.979217452e-11
2145	181.4109614	2.46586751e-10
2146	183.7906236	2.439328739e-10
2147	174.6378677	1.290132445e-10
2148	151.6796837	-1.484679046e-11
2149	101.0463726	-3.01803027e-11
2150	82.56483495	5.915268275e-11
2151	103.7843098	1.810462891e-10
2152	88.392643	2.368487628e-10
2153	53.48305879	1.91644034e-10
2154	45.02578451	6.569322863e-11
2155	70.71330203	-4.954969768e-11
2156	71.19239545	8.181899602e-12
2157	52.05764897	1.442366226e-10
2158	51.38438332	2.799680487e-10
2159	71.84827217	2.030233759e-10
2160	86.09718629	4.44124737e-11
2161	88.37875226	-1.032596231e-10
2162	99.09940959	-8.996181577e-11
2163	85.07402885	1.032844921e-10
2164	63.01884114	2.057944926e-10
2165	39.5431266	2.05577777e-10
2166	66.0606325	3.035438567e-11
2167	162.5326577	-9.421441405e-11
2168	212.0060129	-1.154383256e-10
2169	188.2259241	-5.988454177e-11
2170	175.9842319	4.644107321e-11
2171	173.1703923	1.096083224e-10
2172	119.3017044	8.909140092e-11
2173	89.53747204	-2.602718041e-11
2174	92.36494434	-1.147952844e-10
2175	96.26393759	-1.096402968e-10
2176	114.9744508	5.265121672e-12
2177	111.6646314	1.399627081e-10
2178	106.1628679	8.392575523e-11
2179	116.4915621	-3.583267016e-11
2180	118.3333933	-1.996234289e-10
2181	98.86269393	-1.871107713e-10
2182	104.0875092	-7.361578014e-11
2183	118.429674	4.811795407e-11
2184	111.6840689	9.2800434e-11
2185	102.9467582	1.650235504e-11
2186	91.32910147	-9.950440472e-11
2187	100.5525848	-1.967883634e-10
2188	97.69489317	-1.594671062e-10
2189	82.24230534	-2.130207122e-11
2190	76.11809148	7.327116691e-11
2191	71.76377539	2.975042435e-11
2192	58.59500544	-1.509832259e-10
2193	44.90351023	-2.556141965e-10
2194	56.74518455	-2.420819101e-10
2195	69.51276462	-6.284039955e-11
2196	78.93116538	5.326228347e-11
2197	72.31436654	1.783817538e-11
2198	76.47039297	-1.409894423e-10
2199	94.2792873	-2.54825494e-10
2200	90.31556419	-2.605240468e-10
2201	79.92353659	-1.865032573e-10
2202	79.42603992	-4.39968062e-11
2203	93.81230745	1.730171562e-12
2204	85.35508353	-7.670308833e-11
2205	82.66943871	-1.936051319e-10
2206	106.8853891	-3.026734419e-10
2207	138.634554	-3.038174157e-10
2208	165.6624377	-1.789288717e-10
2209	174.3240324	-3.4283687e-11
2210	173.6084795	-4.917311003e-11
2211	158.0209802	-1.489333101e-10
2212	135.4681902	-3.21371374e-10
2213	93.59053737	-3.063007625e-10
2214	80.46118604	-1.82982518e-10
2215	96.80529794	-4.977707135e-11
2216	76.88737966	-1.227817847e-11
2217	44.51831398	-9.662315392e-11
2218	39.54901622	-2.36486386e-10
2219	59.58559289	-3.030109497e-10
2220	48.73666252	-2.293845114e-10
2221	25.7536124	-4.946087984e-11
2222	31.5128877	4.52686777e-11
2223	61.07897609	-1.338662514e-11
2224	79.64765775	-1.926352411e-10
2225	85.25448509	-3.035296459e-10
2226	103.2284407	-2.871765048e-10
2227	97.64152544	-9.58380042e-11
2228	78.12473662	1.600852784e-11
2229	49.79135586	1.616839995e-11
2230	69.02109526	-1.175308739e-10
2231	163.1836385	-2.322870785e-10
2232	218.6162076	-2.636468821e-10
2233	195.988708	-1.441762265e-10
2234	174.9388956	-3.631583922e-11
2235	165.4709274	3.577937946e-11
2236	114.3724029	-2.360422968e-11
2237	91.84866481	-1.206501565e-10
2238	97.73975778	-2.239630703e-10
2239	96.56328149	-1.605293676e-10
2240	109.1391809	-5.720934837e-11
2241	108.6678406	8.111555871e-11
2242	107.1817818	6.740563663e-11
2243	118.248167	-6.214051496e-11
2244	125.2587392	-1.953992523e-10
2245	113.4556844	-1.710098729e-10
2246	120.2608198	-9.412204349e-11
2247	131.9981164	8.292744269e-11
2248	128.0627566	1.016609019e-10
2249	123.6848587	4.587974445e-11
2250	108.2149668	-7.664624491e-11
2251	108.553559	-1.303988029e-10
2252	106.0000037	-4.827072075e-11
2253	100.0156948	1.31539224e-10
2254	98.62970408	1.889617351e-10
2255	92.96243417	1.316102782e-10
2256	83.01533267	-2.580335945e-11
2257	82.1004824	-1.225899382e-10
2258	102.2939129	-7.148059922e-11
2259	109.7723129	1.072351097e-10
2260	113.7700286	1.844888686e-10
2261	113.9665193	2.079296735e-10
2262	125.9775546	3.547384608e-11
2263	138.1741286	-4.549960408e-11
2264	123.0753846	-3.496580803e-11
2265	107.347611	6.001599218e-11
2266	106.6170818	1.419344642e-10
2267	118.1222963	1.930509086e-10
2268	102.9882097	1.361684099e-10
2269	93.83111613	1.177369313e-11
2270	113.7950338	-6.582467904e-11
2271	143.3431839	-5.315570206e-11
2272	166.4948295	1.132427485e-10
2273	171.0002938	2.490523343e-10
2274	169.1339969	2.017053191e-10
2275	158.2471549	6.489386806e-11
2276	144.8338897	-8.281730857e-11
2277	107.4763038	-2.503597329e-11
2278	86.1098053	1.166391428e-10
2279	88.81107511	2.881392902e-10
2280	66.42101939	2.897664331e-10
2281	39.58374005	1.865458898e-10
2282	33.26783107	7.096545573e-11
2283	42.92624004	2.38422615e-11
2284	28.38354316	7.749889619e-11
2285	16.30434842	2.348841122e-10
2286	33.53599776	3.360760559e-10
2287	62.78292182	2.567652757e-10
2288	73.11246642	9.235279208e-11
2289	74.40179188	-1.118038995e-11
2290	93.36653964	4.783728969e-11
2291	90.02390021	2.097735319e-10
2292	74.65146445	3.253610714e-10
2293	53.58075466	2.890203632e-10
2294	74.13245292	1.51366919e-10
2295	156.3886359	-1.193711796e-11
2296	197.4900422	1.784172809e-11
2297	167.4093377	1.187174803e-10
2298	149.5849932	2.241691277e-10
2299	153.874622	3.00872216e-10
2300	120.0525932	2.623465889e-10
2301	111.6485905	1.139639494e-10
2302	125.4344693	2.247446673e-11
2303	121.9798581	3.866063025e-11
2304	124.9343908	1.637037172e-10
2305	119.910163	3.144045024e-10
2306	118.2610549	2.808420163e-10
2307	129.3058297	9.750422691e-11
2308	137.6771872	1.048050535e-12
2309	125.310842	-3.682387728e-12
2310	126.4570421	1.7723778e-10
2311	132.4446272	2.986890735e-10
2312	129.9560895	2.920366171e-10
2313	130.7177782	1.309885533e-10
2314	118.8580867	9.8694386e-12
2315	122.1305322	-5.879741138e-13
2316	125.1293773	7.867662077e-11
2317	122.6387616	2.164028956e-10
2318	119.0818994	2.559534806e-10
2319	113.6836661	1.949818085e-10
2320	109.7578399	2.981437319e-11
2321	114.1112578	-7.179501438e-11
2322	130.5835109	8.419931419e-12
2323	131.5336409	9.80069359e-11
2324	138.9889244	1.976463437e-10
2325	148.8816747	1.443858366e-10
2326	159.7973227	4.205702453e-11
2327	159.4004881	-9.495337849e-11
2328	139.8930586	-8.855849387e-11
2329	132.1863111	1.440447761e-11
2330	138.7732299	1.039257569e-10
2331	149.921776	1.472759692e-10
2332	133.9316379	4.751221638e-11
2333	125.9909664	-8.298783882e-11
2334	141.9387025	-1.901323543e-10
2335	159.8082499	-1.403375194e-10
2336	168.0791955	1.369038216e-11
2337	163.5532011	1.310436204e-10
2338	161.5343958	1.283595452e-10
2339	157.8924925	-8.098588467e-11
2340	156.6036044	-1.90917504e-10
2341	132.0251599	-1.681499384e-10
2342	119.8824697	-1.169020436e-11
2343	130.9571349	9.334222284e-11
2344	121.8577009	8.615685942e-11
2345	105.706374	-4.522249242e-11
2346	101.1670762	-1.8841817e-10
2347	110.4042462	-2.039080016e-10
2348	102.3884224	-1.389022231e-10
2349	97.10246703	2.734523719e-11
2350	108.633819	6.929923302e-11
2351	125.5423311	-3.312905505e-11
2352	129.9381146	-1.846220954e-10
2353	131.4761905	-2.902442731e-10
2354	146.6896495	-2.356408402e-10
2355	138.9384056	-6.903988492e-11
2356	129.3309053	3.731237541e-11
2357	117.8654682	-1.638156277e-11
2358	128.1605491	-1.415489947e-10
2359	177.0869054	-2.55552024e-10
2360	193.3081934	-2.631104223e-10
2361	164.6675293	-1.853326381e-10
2362	164.0048576	-5.72946135e-11
2363	186.2134701	-3.720401764e-11
2364	165.9025233	-7.769962451e-11
2365	166.4337456	-2.032543023e-10
2366	180.3917148	-2.997406767e-10
2367	161.3209466	-2.258691012e-10
2368	139.6338136	-6.544631503e-11
2369	120.0382985	4.266276221e-11
2370	113.098457	-1.459454779e-11
2371	119.5054542	-2.074163064e-10
2372	126.2337635	-3.527595993e-10
2373	116.9928572	-2.787157172e-10
2374	120.8890097	-1.126014837e-10
2375	126.4624029	9.592326933e-13
2376	125.5404608	-2.498445895e-11
2377	131.7050031	-1.140598727e-10
2378	125.4560825	-2.40692799e-10
2379	129.0802976	-2.298889967e-10
2380	128.1982389	-1.614601786e-10
2381	120.8886221	-2.533084853e-11
2382	115.0201215	5.286437954e-12
2383	113.0800775	-5.776534806e-11
2384	113.0721037	-2.158113688e-10
2385	116.5398673	-2.546425293e-10
2386	126.2710368	-2.050803971e-10
2387	118.8966891	-2.855138348e-11
2388	119.957286	4.888356386e-11
2389	124.0040351	5.982769835e-12
2390	128.1635241	-1.926458992e-10
2391	126.2870311	-2.918962849e-10
2392	116.6415323	-2.488373951e-10
2393	118.5085642	-1.3922552e-10
2394	124.0997558	-1.821476303e-11
2395	131.2792635	7.172928917e-12
2396	120.2379106	-6.79580836e-11
2397	119.850235	-1.735731558e-10
2398	133.4141093	-2.871995974e-10
2399	143.0963805	-2.18017604e-10
2400	148.3964016	-7.596234752e-11
2401	150.6194152	9.677769697e-11
2402	158.9674655	1.421085472e-11
2403	166.5162676	-1.386002424e-10
2404	181.6905232	-2.814584121e-10
2405	179.6889184	-1.935429594e-10
2406	186.367273	-5.174527473e-12
2407	204.8660138	9.611689222e-11
2408	197.2999146	6.459721646e-11
2409	182.4706893	-8.899725401e-11
2410	183.7370091	-2.036433244e-10
2411	204.0064395	-2.093756279e-10
2412	206.9265448	-7.704414884e-11
2413	203.6128107	8.734879486e-11
2414	208.2946801	1.115889603e-10
2415	221.9773797	4.374278717e-11
2416	229.0175328	-1.134061733e-10
2417	228.2273571	-1.803552863e-10
2418	232.8348827	-1.142730355e-10
2419	221.3642844	3.934452764e-11
2420	222.0011546	1.321414089e-10
2421	218.2060376	9.113954036e-11
2422	214.0757447	-3.257305536e-11
2423	236.0934093	-1.184385923e-10
2424	241.662983	-1.254942816e-10
2425	216.7690426	7.776890243e-12
2426	213.2957796	1.41291423e-10
2427	224.66094	1.897468849e-10
2428	198.229296	6.421529974e-11
2429	197.9322621	-1.102939962e-11
2430	205.3439086	-1.003961358e-10
2431	168.5024692	1.180744391e-11
2432	128.7400126	1.682796125e-10
2433	105.3069933	2.922160292e-10
2434	99.99104665	2.523954379e-10
2435	104.7380664	6.13074036e-11
2436	113.9161179	-5.3528737e-11
2437	112.493251	1.386624149e-11
2438	118.2818336	1.597229016e-10
2439	116.3463935	2.893685291e-10
2440	109.8281263	2.603535165e-10
2441	117.8858602	1.393356541e-10
2442	115.9432178	3.790034953e-11
2443	121.4045797	6.135358888e-11
2444	125.2722465	1.570743535e-10
2445	126.929161	2.926370257e-10
2446	127.0273029	3.227089707e-10
2447	125.4514094	2.407762878e-10
2448	123.1811132	1.042703701e-10
2449	127.4276805	-1.01039177e-11
2450	138.143305	1.051088105e-10
2451	125.4327982	2.387388065e-10
2452	115.4304317	3.234550405e-10
2453	111.1642031	2.405595723e-10
2454	114.7540924	1.210000988e-10
2455	118.3247461	3.62181396e-11
2456	115.3349637	6.041211975e-11
2457	115.4275893	1.326174726e-10
2458	111.2592992	2.47418086e-10
2459	111.9370827	2.901980878e-10
2460	103.6501564	1.775539715e-10
2461	105.2170095	6.071765313e-11
2462	112.5375719	2.412114952e-11
2463	116.9057729	7.247180633e-11
2464	124.1448485	2.726725512e-10
2465	130.3382628	3.259277292e-10
2466	136.1687299	2.679421129e-10
2467	138.7377068	4.263256415e-11
2468	156.7703244	-7.476863573e-11
2469	164.8620356	2.215294614e-11
2470	174.6376582	1.803570626e-10
2471	183.8179617	2.692779333e-10
2472	168.7479066	2.097468865e-10
2473	157.0292229	6.978417844e-11
2474	167.0709087	-1.129052407e-11
2475	191.9536899	-1.224087498e-11
2476	194.3002332	7.607248165e-11
2477	189.3089456	2.018580858e-10
2478	192.4111729	2.331965732e-10
2479	202.7439334	1.076205791e-10
2480	199.514284	9.574563364e-13
2481	183.4068004	-8.794742712e-11
2482	178.8397047	7.645439837e-12
2483	174.0080666	1.573692288e-10
2484	189.1612685	2.358504503e-10
2485	193.4383118	1.815507744e-10
2486	186.5105354	5.460520924e-12
2487	203.7707261	-1.18442145e-10
2488	211.7019796	-8.352074587e-11
2489	184.9105899	5.213962595e-11
2490	168.4196846	1.600106714e-10
2491	170.5848094	1.890132495e-10
2492	149.7471071	8.945910679e-11
2493	160.1299297	-6.402878228e-11
2494	173.7561453	-8.962253162e-11
2495	140.2821693	-2.012612299e-12
2496	107.0485497	1.334186095e-10
2497	95.98743391	2.269366917e-10
2498	98.35770883	1.195470389e-10
2499	103.6935932	-7.563194515e-11
2500	114.7395972	-1.636895064e-10
2501	115.0010498	-9.024248016e-11
2502	115.0850235	7.502976018e-11
2503	105.0882948	1.741877753e-10
2504	98.86319716	1.325126675e-10
2505	112.0033877	-6.650324735e-11
2506	111.4535392	-1.606554889e-10
2507	115.2448468	-1.375308756e-10
2508	122.3382391	-1.974065356e-11
2509	127.3245435	6.799716346e-11
2510	120.2607995	1.032471886e-10
2511	105.9763619	3.857536512e-11
2512	97.62074152	-9.809930646e-11
2513	107.3950918	-1.925268833e-10
2514	126.9175763	-1.529780747e-10
2515	119.2888254	-3.969269358e-11
2516	112.6919345	3.894484735e-11
2517	114.055799	-1.979927333e-11
2518	121.7242267	-1.419344642e-10
2519	124.8323232	-2.815259137e-10
2520	122.0874332	-2.129425525e-10
2521	123.7217833	-9.154810243e-11
2522	120.9267281	1.27915456e-11
2523	123.3911098	2.084021844e-11
2524	118.1169252	-1.408420047e-10
2525	118.683709	-2.26833663e-10
2526	119.2474235	-3.013465033e-10
2527	117.6739889	-1.854605358e-10
2528	119.8232196	-6.249756268e-11
2529	117.0062356	4.263078779e-11
2530	109.5252793	-7.941913793e-11
2531	103.0645374	-2.364171081e-10
2532	120.8742189	-3.189661868e-10
2533	130.8870988	-2.42653897e-10
2534	135.0768032	-9.331024842e-11
2535	135.8132402	-3.348610278e-11
2536	123.1767013	-7.160849691e-11
2537	119.1584151	-2.26759056e-10
2538	126.2420146	-2.953992606e-10
2539	136.3859921	-2.440661007e-10
2540	130.1375735	-1.668372107e-10
2541	131.2831919	-4.216182958e-11
2542	142.7557924	-3.437783391e-11
2543	151.7667949	-1.049027532e-10
2544	140.1424579	-2.802664767e-10
2545	119.9384006	-3.199502885e-10
2546	118.9414254	-2.351399075e-10
2547	119.9434371	-9.231015952e-11
2548	136.4105561	4.842348744e-12
2549	140.0887867	-4.666489417e-11
2550	133.5082508	-1.715143583e-10
2551	150.5577846	-3.040092622e-10
2552	161.0002403	-2.501092666e-10
2553	139.2280585	-1.142410611e-10
2554	130.2061014	-2.480327055e-11
2555	143.0982599	-3.97371025e-12
2556	130.3666492	-1.269011562e-10
2557	140.1550616	-2.336264515e-10
2558	152.3743505	-2.872546645e-10
2559	124.0479596	-1.236202252e-10
2560	98.94931018	3.137046178e-12
2561	96.56893799	1.087236967e-10
2562	103.3183981	8.597567103e-12
2563	108.3131763	-2.014584055e-10
2564	117.4179025	-2.688071987e-10
2565	113.7828477	-1.690896312e-10
2566	109.3213282	5.718092666e-12
2567	100.2163425	9.030998172e-11
2568	100.5025731	3.396749548e-11
2569	115.803159	-8.303580046e-11
2570	110.3013646	-1.688658102e-10
2571	108.8074097	-1.227764557e-10
2572	117.4699936	1.401545546e-12
2573	126.2678535	5.954703397e-11
2574	120.0238381	7.854517037e-11
2575	107.889685	3.073630239e-11
2576	103.0981352	-9.8883568e-11
2577	113.5958501	-1.781241821e-10
2578	130.2907405	-8.637623949e-11
2579	122.8138169	5.203215636e-11
2580	120.9550007	1.558744245e-10
2581	124.2547185	1.064641708e-10
2582	123.4442309	-8.526157558e-11
2583	113.7701597	-1.382280956e-10
2584	108.1233122	-1.198676713e-10
2585	115.6348239	5.787104129e-11
2586	117.7473407	1.62059699e-10
2587	120.4633048	1.690620977e-10
2588	115.5221742	3.587352637e-11
2589	117.0890265	-6.951239584e-11
2590	118.1774814	-8.463008072e-11
2591	118.9749307	3.789590863e-11
2592	123.7531528	1.667137539e-10
2593	122.716513	2.220659212e-10
2594	117.4744279	1.487707735e-10
2595	114.675349	-4.453770686e-11
2596	132.1758074	-1.014788253e-10
2597	134.3707638	2.455369241e-11
2598	127.6859922	1.838413866e-10
2599	125.2297196	2.72910583e-10
2600	121.0241442	1.95726102e-10
2601	122.1450565	1.509015135e-11
2602	121.0658407	-5.107292367e-11
2603	119.6603271	-1.152145046e-11
2604	113.9048662	1.359587998e-10
2605	123.268489	2.098454743e-10
2606	136.4312448	2.317399606e-10
2607	142.2136806	1.549542716e-10
2608	132.9581506	3.570033158e-11
2609	120.3623446	-2.513544928e-11
2610	120.8218405	5.275779813e-11
2611	115.4985856	2.282192213e-10
2612	126.220015	2.596642901e-10
2613	131.4631899	2.256008713e-10
2614	126.2481599	5.516298529e-11
2615	137.4115609	-1.563815744e-11
2616	147.0390018	-8.975931109e-12
2617	136.9039003	1.758957424e-10
2618	142.2041976	2.834070756e-10
2619	159.2787499	2.381348452e-10
2620	138.4521082	9.649170352e-11
2621	136.6435464	1.638600367e-11
2622	146.8660551	8.523848294e-12
2623	124.9050969	1.192548282e-10
2624	103.6528296	3.752900213e-10
2625	102.8642426	3.604396781e-10
2626	108.3496239	1.928457394e-10
2627	107.3776953	2.993871817e-11
2628	108.9264535	-2.278266464e-11
2629	101.5411905	1.263487093e-10
2630	99.26537078	2.132551913e-10
2631	95.73677472	3.705125096e-10
2632	99.20003636	2.499254137e-10
2633	111.1101427	1.429283358e-10
2634	99.81851871	-2.35624853e-11
2635	93.91416191	4.035705103e-11
2636	102.6231845	1.916946601e-10
2637	116.1800213	2.398330423e-10
2638	119.309009	2.711937341e-10
2639	118.7715112	1.424238505e-10
2640	117.5540756	5.497824418e-11
2641	120.7115371	-3.437694573e-11
2642	129.0223462	1.138893424e-10
2643	122.3051557	2.116422593e-10
2644	125.8976395	2.969731128e-10
2645	130.2219286	2.390105891e-10
2646	124.5053778	-1.967848107e-11
2647	112.0217286	-8.151435082e-11
2648	112.1238249	-4.871214543e-11
2649	126.1187294	2.027480406e-10
2650	127.7145947	2.366462581e-10
2651	124.8358846	2.348512496e-10
2652	116.3623906	6.661959873e-11
2653	115.7884536	-4.179145918e-11
2654	113.4598361	-8.984724076e-11
2655	112.1010768	-2.857269976e-11
2656	116.9439904	1.857980436e-10
2657	118.5958091	1.755617873e-10
2658	116.6078533	9.158185321e-11
2659	113.2599614	-7.006484282e-11
2660	122.8500292	-1.028270802e-10
2661	116.5672978	-8.455813827e-11
2662	109.2859502	1.503872582e-10
2663	114.3157084	1.528759341e-10
2664	119.9841554	9.12159237e-13
2665	126.2422629	-1.221929224e-10
2666	128.0514474	-2.064082238e-10
2667	130.9589725	-9.701217607e-11
2668	127.2878021	-7.303757599e-11
2669	128.8996205	9.596323736e-11
2670	129.2987398	8.22684143e-11
2671	132.6934678	5.536904268e-12
2672	132.7778138	-1.265805238e-10
2673	126.7900722	-2.305906577e-10
2674	123.5597889	-9.718004179e-11
2675	115.3891691	-7.512923617e-11
2676	131.017095	1.182796083e-10
2677	142.910123	-3.940936466e-11
2678	134.9731138	-1.320161758e-10
2679	134.941707	-3.598881193e-10
2680	140.1734666	-1.184661258e-10
2681	133.320181	-2.236788532e-11
2682	137.8929993	1.14415144e-10
2683	148.7198591	-1.817124229e-11
2684	124.8074897	-1.620339418e-10
2685	125.5169442	-2.579456648e-10
2686	142.1193279	-2.478701688e-10
2687	124.6302955	-8.277734054e-11
2688	102.0244333	2.262456889e-11
2689	99.94030567	6.449596412e-11
2690	103.2187228	-8.3820062e-11
2691	97.03355175	-1.736166766e-10
2692	96.37415195	-2.356674855e-10
2693	95.33533577	-1.977298325e-10
2694	103.5943741	2.715339065e-11
2695	107.4211417	4.140332521e-11
2696	112.9741964	-6.018341381e-11
2697	123.794007	-1.908784242e-10
2698	111.1089825	-2.387197107e-10
2699	100.3534658	-2.153521805e-10
2700	101.6502998	-5.028910621e-11
2701	109.3077538	8.149925179e-11
2702	111.2258071	-1.023559015e-10
2703	113.700816	-9.822409552e-11
2704	113.9239764	-2.747864158e-10
2705	116.2692495	-1.998392563e-10
2706	124.7898354	-2.296260959e-10
2707	119.7381335	-1.488453805e-11
2708	122.1182725	3.013367333e-11
2709	124.3084301	2.296518531e-11
2710	120.1702881	-2.564677359e-10
2711	113.3461457	-3.316609209e-10
2712	119.6882162	-2.698765655e-10
2713	134.5123928	-3.200950616e-11
2714	132.6865448	5.361666666e-11
2715	126.9841013	-1.607824984e-11
2716	119.0425745	-1.688582607e-10
2717	117.4701997	-2.667071008e-10
2718	109.9575809	-2.297451118e-10
2719	103.8185988	-8.565725906e-11
2720	106.8827877	3.821876149e-11
2721	109.5490968	6.341283054e-11
2722	108.153652	-9.347056462e-11
2723	103.0811969	-2.22582397e-10
2724	110.5882295	-3.650719727e-10
2725	108.9879453	-1.405036087e-10
2726	110.7773121	1.149791373e-11
2727	118.6159742	6.559819354e-11
2728	120.0967298	-6.436762234e-11
2729	123.5998219	-7.547651393e-11
2730	130.4260891	-1.946651729e-10
2731	138.4120773	-1.681050854e-10
2732	131.110134	-3.154765338e-11
2733	123.0309713	7.564926463e-11
2734	118.9749625	5.356115551e-11
2735	127.2078673	-3.984634844e-11
2736	131.877835	-1.318474219e-10
2737	124.0782526	-1.613322809e-10
2738	118.8330654	-5.973133099e-11
2739	115.0776439	6.730083157e-11
2740	133.169855	2.057563009e-10
2741	141.000916	5.65001379e-11
2742	128.4330024	-1.563091878e-10
2743	128.0769274	-1.744617784e-10
2744	136.4668371	-1.016151607e-10
2745	128.0064554	1.793001303e-10
2746	126.3414466	1.475020106e-10
2747	137.5275909	1.689008933e-10
2748	122.6896301	-1.468825062e-11
2749	127.8170347	-3.382982783e-11
2750	141.4096057	-3.173461494e-11
2751	121.1904147	6.86539714e-11
2752	99.98737257	2.091842255e-10
2753	104.5182397	1.905109404e-10
2754	112.62094	1.13523857e-10
2755	105.6005838	-7.212541675e-11
2756	102.451596	-6.09494677e-11
2757	100.3838067	4.11095602e-11
2758	106.7591225	3.216384936e-10
2759	107.3967859	2.633402385e-10
2760	110.724084	9.883449614e-11
2761	121.2635836	1.583155829e-11
2762	110.8748417	5.264899627e-12
2763	101.0438765	5.869349451e-11
2764	101.0503944	1.867639376e-10
2765	105.3066992	2.557891676e-10
2766	103.4296864	2.827695855e-10
2767	105.6361374	1.944786554e-10
2768	108.4210911	8.268052909e-11
2769	113.2282281	6.425304733e-12
2770	121.2033191	1.492757029e-10
2771	112.6349763	2.660018872e-10
2772	110.1232398	3.842950402e-10
2773	111.653551	1.211835077e-10
2774	111.4352157	2.882116767e-11
2775	107.1746908	-4.189604219e-11
2776	111.5778494	9.096545739e-11
2777	121.0532708	2.391391529e-10
2778	116.6394188	4.355977801e-10
2779	114.3416238	2.983253644e-10
2780	114.9870732	9.517586719e-11
2781	121.1667495	-7.075451336e-13
2782	117.9573266	4.757982897e-11
2783	115.3386576	2.099688201e-10
2784	120.8087385	2.778663966e-10
2785	123.3664179	3.235105517e-10
2786	118.9449859	1.748206024e-10
2787	110.2550202	8.044698241e-11
2788	115.0879036	3.715028285e-12
2789	113.8955918	6.443601208e-11
2790	114.9585862	2.870907956e-10
2791	116.8298563	3.045589336e-10
2792	113.2818171	2.313585989e-10
2793	117.5666863	5.638489675e-11
2794	127.5917607	6.83801904e-11
2795	134.0475295	3.51558227e-11
2796	124.0227572	2.732181148e-10
2797	118.4873299	2.573373181e-10
2798	119.5714945	2.57227073e-10
2799	127.8474188	9.271244883e-11
2800	128.1324481	5.382250201e-12
2801	121.950058	3.353123335e-11
2802	126.6684494	1.190623711e-10
2803	129.583239	3.114033198e-10
2804	139.3498263	2.906934138e-10
2805	136.552052	1.638756075e-10
2806	127.372119	3.492148237e-11
2807	137.504822	-1.914984837e-11
2808	149.3306593	4.23530308e-11
2809	134.5735468	1.383122471e-10
2810	127.4106986	3.331306966e-10
2811	140.9227301	1.289630278e-10
2812	128.4720062	2.021213752e-11
2813	125.4142615	-9.601597295e-11
2814	130.0441026	2.424530021e-11
2815	111.4394062	1.151533868e-10
2816	97.31430465	2.40296949e-10
2817	108.8931869	1.873759481e-10
2818	120.237376	1.647743053e-11
2819	111.7121893	-5.638506329e-11
2820	103.9002253	-1.07246545e-10
2821	97.25333939	5.233757872e-11
2822	101.4226774	1.623469692e-10
2823	102.9024335	2.506022612e-10
2824	106.9159013	1.446643916e-10
2825	115.9640953	3.193822984e-11
2826	106.9122437	-1.489321999e-10
2827	101.7954511	-6.781730733e-11
2828	107.6196376	7.765499355e-11
2829	114.6666686	1.273037231e-10
2830	111.6534852	9.646017318e-11
2831	111.0293763	-1.155564533e-11
2832	108.084674	-1.195841204e-10
2833	104.77956	-1.680514616e-10
2834	107.3324685	-3.900213486e-13
2835	101.0676499	1.218861678e-10
2836	105.0792498	1.286600826e-10
2837	113.1003241	-1.129374372e-11
2838	115.6129268	-2.426427947e-10
2839	108.6940806	-2.428921508e-10
2840	107.8441933	-1.80538251e-10
2841	112.5625825	1.09706022e-10
2842	107.2229062	8.797451656e-11
2843	106.8845587	6.64024391e-11
2844	110.8877885	-1.691060625e-10
2845	119.0762175	-1.870079647e-10
2846	116.522305	-1.789677295e-10
2847	114.3071329	-9.78486181e-11
2848	117.8528598	4.231814899e-11
2849	117.2660497	-9.808598378e-12
2850	112.3227882	-9.424172553e-11
2851	106.2455499	-2.215476691e-10
2852	110.5631767	-1.915863024e-10
2853	106.2050076	-1.585414022e-10
2854	106.7998874	-6.703748667e-12
2855	114.2391422	8.488898473e-11
2856	119.847145	-9.660605649e-11
2857	126.7612745	-2.190414516e-10
2858	128.9542153	-3.336708687e-10
2859	124.7394345	-1.336788458e-10
2860	113.2656696	-1.011444262e-10
2861	113.1777053	1.637134872e-11
2862	114.6554941	-2.925570897e-11
2863	116.7441387	-9.653278177e-11
2864	115.7594827	-2.884521511e-10
2865	119.1799667	-2.469970894e-10
2866	133.3890443	-2.015496658e-10
2867	134.347021	-3.393019199e-11
2868	132.4913048	1.923483595e-11
2869	125.3777155	-1.085354029e-10
2870	123.8310565	-3.305018481e-10
2871	138.881974	-3.209796873e-10
2872	147.5515516	-1.918287751e-10
2873	129.3051089	-5.106315371e-11
2874	123.1779445	1.601252464e-11
2875	138.6021305	-8.570832932e-11
2876	125.1790692	-2.432649637e-10
2877	118.7710427	-2.808540067e-10
2878	125.6187196	-2.923772335e-10
2879	112.0310355	-6.539524477e-11
2880	94.01624584	1.795186222e-11
2881	96.62746893	2.408251376e-11
2882	102.9663888	-1.42988732e-10
2883	95.40901548	-1.559024021e-10
2884	92.02032664	-2.478306449e-10
2885	92.93015855	-1.850457565e-10
2886	105.9622835	2.21875851e-11
2887	113.0995628	7.076739195e-11
2888	114.9916687	4.273603693e-11
2889	116.8697309	-2.117892528e-10
2890	104.9698163	-1.897522139e-10
2891	101.4144584	-1.266666771e-10
2892	110.403047	5.506572975e-11
2893	120.2659811	7.6811002e-11
2894	118.4222739	9.805711798e-11
2895	114.6938084	-1.643529757e-11
2896	101.8846721	-1.800328775e-10
2897	87.92019714	-1.076738698e-10
2898	88.80799945	-4.480948945e-11
2899	91.42765093	1.923292636e-10
2900	103.7497273	1.299480523e-10
2901	113.8233714	7.030509508e-11
2902	114.3488105	-1.799085325e-10
2903	105.3814244	-1.456981202e-10
2904	105.0854332	-1.213962264e-11
2905	112.3226918	1.107580694e-10
2906	110.1097002	1.771538471e-10
2907	109.4460334	3.823563688e-11
2908	110.1004181	-5.021316696e-11
2909	114.7703781	-1.473532407e-10
2910	111.2614208	-1.580380271e-11
2911	109.4591582	1.083138024e-10
2912	112.0535398	2.100719598e-10
2913	113.3756215	1.494733226e-10
2914	117.4402175	-2.91309199e-11
2915	121.7080157	-6.981881739e-11
2916	125.9602356	-9.599654405e-11
2917	114.9450326	4.507638707e-11
2918	113.0067066	1.302695729e-10
2919	122.0635633	2.122506615e-10
2920	124.3846981	1.316431408e-10
2921	118.2892883	-7.464251439e-12
2922	107.7139337	-4.97424324e-11
2923	101.3481058	-6.842615363e-11
2924	97.41921805	2.181193004e-10
2925	103.1959404	2.535669452e-10
2926	104.4350005	2.599733762e-10
2927	106.7603084	4.930722497e-11
2928	110.2116808	4.785238872e-11
2929	116.1336224	1.903277536e-11
2930	126.0172939	1.822533235e-10
2931	123.0041234	2.392344101e-10
2932	122.2013924	3.365947521e-10
2933	120.5982661	1.78158821e-10
2934	122.4159833	-2.31468178e-11
2935	134.4757254	-8.476330748e-11
2936	141.8098458	1.107745007e-10
2937	128.4142181	3.050599773e-10
2938	126.8289446	2.797726495e-10
2939	143.4504415	1.984057363e-10
2940	134.0950761	7.297629168e-11
2941	134.6188352	4.500755324e-11
2942	147.5161038	9.005418633e-11
2943	131.6325776	1.577200592e-10
2944	99.60751276	3.542481863e-10
2945	88.69252018	2.794262599e-10
2946	90.90659434	2.036788516e-10
2947	86.317354	4.977618318e-11
2948	87.73966367	1.297317809e-10
2949	93.1082171	2.041096181e-10
2950	106.9348573	3.802060888e-10
2951	110.4968711	3.322639941e-10
2952	107.3380042	1.962234819e-10
2953	107.2710514	1.018021223e-10
2954	98.52029181	2.463185211e-11
2955	95.79789929	1.165849639e-10
2956	101.8515978	2.044169278e-10
2957	109.7680962	4.006750487e-10
2958	109.6533812	2.806181953e-10
2959	109.1835701	1.554933959e-10
2960	98.34839586	5.606715092e-11
2961	86.60628534	1.90374827e-10
2962	91.58924586	2.028093249e-10
2963	98.3495204	2.892193152e-10
2964	109.90904	3.204974064e-10
2965	117.4729333	1.674864691e-10
2966	117.7602898	1.534772309e-11
2967	110.0538289	-4.285460875e-12
2968	110.9317936	1.805400274e-10
2969	118.6786869	3.335944854e-10
2970	116.6837705	3.353433087e-10
2971	113.7110729	2.144160405e-10
2972	112.1014738	1.680167117e-11
2973	117.2757916	2.972733171e-11
2974	115.8030328	4.768807571e-11
2975	113.0354635	1.698605701e-10
2976	110.8250029	1.78233428e-10
2977	110.0204564	2.192406257e-10
2978	117.6863594	1.07888809e-10
2979	125.7990569	2.28297381e-11
2980	127.3671966	-5.33804112e-11
2981	112.9435516	6.452616219e-12
2982	109.9372369	1.771320868e-10
2983	113.332236	1.572892927e-10
2984	103.9280209	6.818368092e-11
2985	90.50119577	-7.241229838e-11
2986	87.15544176	-1.06942899e-10
2987	95.01083642	-1.88293825e-11
2988	99.31458682	1.344808709e-10
2989	105.0243152	1.941140582e-10
2990	107.2334384	1.277982165e-10
2991	115.352066	-6.050626666e-11
2992	122.3153691	-1.945039685e-10
2993	125.0726614	-1.209370382e-10
2994	132.2996251	-1.001962957e-10
2995	135.529287	1.355084933e-10
2996	140.5677867	5.715516949e-11
2997	135.8028249	6.705747069e-12
2998	129.0768185	-1.859019605e-10
2999	135.158663	-1.506208491e-10
3000	143.5233225	-5.4335203e-11
3001	132.850462	9.245049171e-11
3002	129.1854815	1.240598735e-10
3003	142.7319577	-1.052526954e-10
3004	135.3634159	-1.495763513e-10
3005	135.9469388	-2.181934633e-10
3006	144.4187797	-5.109956902e-11
3007	123.6890099	-1.433519969e-11
3008	88.50511315	9.741896179e-11
3009	79.3648173	3.607780741e-11
3010	86.46987679	-8.127631901e-11
3011	86.02865953	-2.065627669e-10
3012	89.52770493	-2.201012705e-10
3013	95.47875596	-8.759393211e-11
3014	107.3181305	3.35056427e-11
3015	109.5002735	8.584777333e-11
3016	108.8841385	-3.383338054e-11
3017	114.1014616	-2.25579555e-10
3018	109.425074	-2.488347306e-10
3019	102.2360481	-9.987211058e-11
3020	97.99243442	6.591616142e-11
3021	98.24251547	2.547828615e-11
3022	98.57148887	-1.60760294e-13
3023	106.1577928	-2.159676882e-10
3024	105.3360561	-2.416449263e-10
3025	98.54498256	-2.282387612e-10
3026	100.2114909	-5.480593757e-11
3027	99.97212281	2.09530171e-11
3028	105.9513791	7.59508012e-11
3029	114.3280307	-1.159756735e-10
3030	119.4893688	-3.286864114e-10
3031	114.4422573	-3.089146716e-10
3032	113.3169905	-1.582076692e-10
3033	116.1747627	3.66870978e-11
3034	110.2899419	4.953815136e-11
3035	105.0670768	-8.729195144e-11
3036	104.4978012	-2.517248632e-10
3037	112.1363205	-1.916324877e-10
3038	111.3353127	-1.610684919e-10
3039	106.7623792	-8.390355077e-11
3040	102.8574977	-3.414957206e-11
3041	102.9423606	-7.705036609e-11
3042	112.7241966	-1.538733585e-10
3043	123.357692	-3.113731495e-10
3044	127.9279848	-2.349107575e-10
3045	119.6321766	-1.70611969e-10
3046	120.8946239	2.558131484e-11
3047	121.787284	1.979749698e-11
3048	110.4411873	-1.086100099e-10
3049	104.0793483	-2.242170893e-10
3050	112.1891122	-2.795825793e-10
3051	121.5770532	-8.714629018e-11
3052	116.2711816	-3.136690907e-11
3053	111.804298	1.372573166e-10
3054	109.7634999	-5.060840635e-12
3055	114.4998671	-1.346371903e-10
3056	115.1659962	-2.379962893e-10
3057	113.1992035	-1.377316039e-10
3058	120.9793807	4.94004837e-11
3059	126.4071456	4.463984737e-11
3060	125.6440831	5.980460571e-11
3061	112.5150722	-9.820766422e-11
3062	106.7310928	-1.628084334e-10
3063	121.7547871	-1.834692398e-10
3064	138.5945336	-2.374989094e-11
3065	131.4066468	8.324896328e-11
3066	127.5551591	1.387796544e-10
3067	141.1224136	-3.137046178e-11
3068	134.6400078	-2.141007371e-10
3069	131.0915128	-1.139586203e-10
3070	136.4973312	-4.960121203e-11
3071	121.7045006	1.076134737e-10
3072	96.08298753	1.277342676e-10
3073	93.50773139	1.331805777e-10
3074	101.5515753	7.377209954e-12
3075	98.28030017	-6.959588461e-11
3076	98.24146543	-7.325340334e-11
3077	101.8973439	7.382006117e-11
3078	111.1165961	2.364348717e-10
3079	111.2942347	2.203695004e-10
3080	109.134673	1.278230854e-10
3081	112.0846649	-3.086597644e-11
3082	105.6034103	-2.310507341e-11
3083	94.34043939	7.406342206e-11
3084	85.12377299	2.325819537e-10
3085	83.10040274	2.411297828e-10
3086	85.88950253	1.889155499e-10
3087	99.12304743	3.162270446e-11
3088	102.7135382	-9.924683297e-11
3089	95.30082726	7.978506744e-11
3090	92.61611092	1.741469191e-10
3091	90.31689861	3.742943733e-10
3092	97.12830665	2.280504674e-10
3093	109.0953051	1.257447479e-10
3094	119.032334	-2.297007029e-11
3095	117.8154574	4.259170794e-11
3096	117.6368389	1.733884147e-10
3097	118.4073697	2.40643061e-10
3098	111.1435176	3.133351356e-10
3099	106.146026	1.575095609e-10
3100	106.9241669	1.327329358e-10
3101	114.5079436	3.216626965e-11
3102	113.6984327	1.437143737e-10
3103	112.379384	2.237072749e-10
3104	113.4395611	3.34727801e-10
3105	114.1323891	2.40538256e-10
3106	117.3977063	6.29700736e-11
3107	119.8297334	4.829914246e-11
3108	118.1983582	8.654410522e-12
3109	107.8888321	2.114841635e-10
3110	110.2871019	2.967563972e-10
3111	116.5241679	3.931415193e-10
3112	115.943614	1.700666274e-10
3113	118.6355059	8.051692646e-11
3114	126.1349669	-3.66338071e-11
3115	127.4260005	1.944506778e-10
3116	118.8469195	3.108535651e-10
3117	118.0935732	3.236184654e-10
3118	117.4619043	1.811315542e-10
3119	116.1746452	6.574474298e-11
3120	110.8836371	8.515854688e-12
3121	108.0568567	7.718448103e-11
3122	114.090426	2.554507716e-10
3123	114.0726813	3.732250065e-10
3124	107.7609604	2.92931901e-10
3125	98.11400884	1.47688084e-10
3126	102.8966514	-5.325162533e-11
3127	122.4769525	2.265032606e-11
3128	134.6340841	1.234656821e-10
3129	121.1540973	3.216396038e-10
3130	112.6206763	2.20312657e-10
3131	122.2043445	1.308944064e-10
3132	114.6111884	-5.698552741e-12
3133	111.7261204	2.416911116e-11
3134	122.6481757	7.969802596e-11
3135	117.1108519	1.669686611e-10
3136	95.68505904	2.681819211e-10
3137	91.21486643	1.504449898e-10
3138	95.92959619	5.683808979e-11
3139	91.0811694	-4.893330185e-11
3140	91.31340081	5.313083307e-12
3141	96.5834676	1.047961717e-10
3142	105.7998649	2.391686849e-10
3143	105.1858354	2.412186006e-10
3144	102.8952727	1.446132103e-10
3145	107.7322367	-5.359979127e-11
3146	107.0647507	-1.129407678e-10
3147	100.8897629	4.160405354e-11
3148	94.44133235	2.314148873e-10
3149	93.59221284	2.083879735e-10
3150	95.43071856	5.131894909e-11
3151	104.9165679	-6.676970088e-11
3152	105.3238948	-9.573852822e-11
3153	99.47566365	2.493827367e-11
3154	102.6818247	1.383888559e-10
3155	105.618472	1.572466601e-10
3156	109.1060214	1.34088296e-10
3157	111.7702681	-5.188738328e-11
3158	114.1666381	-1.003677141e-10
3159	110.7815859	-1.593694066e-10
3160	110.8114026	8.154366071e-11
3161	111.3100815	1.377440384e-10
3162	105.0078295	1.938982308e-10
3163	101.0363747	-3.254818637e-11
3164	102.1040761	-1.783160286e-10
3165	109.7160014	-1.417177486e-10
3166	111.6224106	-6.994937962e-11
3167	114.4626477	8.032863263e-11
3168	115.4576111	8.338219004e-11
3169	109.0891098	6.845191081e-11
3170	102.636602	-7.843148353e-11
3171	99.28970883	-1.720579235e-10
3172	94.72305249	-1.663007509e-10
3173	85.16257524	-7.46709361e-11
3174	94.0872665	1.318234411e-10
3175	111.137531	3.782218982e-11
3176	117.12881	-1.01262998e-10
3177	113.8854777	-2.602060789e-10
3178	109.1345307	-2.091820051e-10
3179	106.1807096	-1.083595436e-10
3180	107.2417692	7.072564756e-11
3181	118.3375578	3.708855445e-11
3182	121.7234121	-6.314948564e-11
3183	120.1259492	-2.657412068e-10
3184	117.9115005	-3.099973611e-10
3185	117.8523634	-2.513171893e-10
3186	120.0965277	-5.423039795e-11
3187	117.4156279	8.260059303e-12
3188	115.1175963	-7.670131197e-11
3189	111.7216828	-2.189217696e-10
3190	114.7352088	-3.027658124e-10
3191	123.1783021	-2.247784181e-10
3192	127.0345055	-1.347491008e-10
3193	115.0472018	-6.5645267e-11
3194	109.2571134	-1.039524022e-11
3195	117.7401885	-1.85929494e-10
3196	112.3242402	-2.689670708e-10
3197	113.5887939	-2.428244272e-10
3198	126.5961528	-1.058442223e-10
3199	118.918562	-6.217959481e-11
3200	91.16149601	1.508126957e-11
3201	82.68422906	-2.322586568e-11
3202	89.54417824	-1.915569925e-10
3203	90.04582027	-2.408349076e-10
3204	93.81073179	-2.392699372e-10
3205	98.78656675	-7.464251439e-11
3206	103.0656366	5.10755882e-11
3207	98.89035238	7.480061015e-11
3208	98.82203952	-1.594457899e-10
3209	109.712325	-2.097326757e-10
3210	115.3291392	-2.52629917e-10
3211	110.5802837	-5.154809912e-11
3212	102.8796204	5.431211036e-11
3213	100.5877491	6.213340953e-11
3214	98.8723524	-6.657785434e-11
3215	102.2816375	-2.01092476e-10
3216	100.4773098	-1.483719814e-10
3217	99.43918701	-8.127720719e-11
3218	108.5710715	8.694023279e-11
3219	111.9099021	1.005702188e-10
3220	107.4632112	1.053077625e-10
3221	100.7296044	-1.070876721e-10
3222	98.39016658	-2.42907916e-10
3223	95.66536996	-1.560440666e-10
3224	98.70762953	-2.823874468e-11
3225	102.2523429	1.49555035e-10
3226	98.80469227	9.780976029e-11
3227	95.42014131	-1.725553034e-11
3228	96.82796065	-1.603339683e-10
3229	106.5857754	-8.110134786e-11
3230	111.2455472	-3.086242373e-11
3231	112.7374875	1.033253483e-10
3232	108.722746	1.47011292e-10
3233	100.0997417	6.975753308e-11
3234	98.30962068	-5.058886643e-11
3235	104.1859781	-1.255333615e-10
3236	105.7174364	-5.020872607e-11
3237	99.01352202	5.391065372e-11
3238	108.6419946	2.065867477e-10
3239	122.3418952	2.467643867e-10
3240	119.7154978	5.427658323e-11
3241	106.9482443	-9.80850956e-11
3242	99.61479483	-1.424407259e-10
3243	100.7314383	1.175060049e-10
3244	105.4775833	1.979678643e-10
3245	114.1866054	2.653166575e-10
3246	113.9738085	3.361932954e-11
3247	113.0236007	1.012345763e-11
3248	113.7107144	-4.710365431e-11
3249	112.0039345	1.177209441e-10
3250	109.1177476	2.292797063e-10
3251	107.7695918	2.259437082e-10
3252	109.9141866	1.678230888e-10
3253	104.4392846	8.292388998e-11
3254	98.62534272	-4.195754855e-11
3255	102.6938731	9.109157872e-12
3256	115.9215089	1.816040651e-10
3257	121.1949908	2.614370942e-10
3258	125.617265	2.999076543e-10
3259	134.9946596	1.431086361e-10
3260	130.5896153	-1.544187e-11
3261	130.1245839	4.077627125e-11
3262	136.3753058	1.096154278e-10
3263	121.4394616	2.759232842e-10
3264	88.79001416	2.752909012e-10
3265	79.18341478	1.966107277e-10
3266	87.50005016	1.079776268e-10
3267	89.21219711	1.053610532e-10
3268	91.53878119	1.316262654e-10
3269	92.65527943	2.929692045e-10
3270	91.4555837	3.733227061e-10
3271	86.49869506	3.180247177e-10
3272	91.36779704	2.158362378e-10
3273	106.8535009	-1.064037747e-12
3274	113.9304151	6.165024047e-11
3275	107.2645094	2.074713734e-10
3276	98.65037622	3.845457286e-10
3277	97.68030413	3.17797344e-10
3278	96.82086117	2.35147013e-10
3279	99.1498927	6.29825081e-11
3280	96.32462438	2.813393962e-11
3281	92.51023043	1.84973814e-10
3282	94.82526515	3.078231003e-10
3283	92.3439997	3.545803651e-10
3284	86.36158356	2.504130237e-10
3285	82.31344025	1.624744783e-10
3286	83.42022342	8.548184383e-11
3287	84.99179555	1.551594409e-10
3288	94.31611442	2.166533619e-10
3289	104.5953802	3.196234388e-10
3290	106.3688056	3.599804899e-10
3291	105.216897	1.861124588e-10
3292	108.3445075	6.049383217e-11
3293	118.4759713	4.519051799e-11
3294	119.8334926	2.099476148e-10
3295	115.4387636	3.010729444e-10
3296	109.8927026	3.133759918e-10
3297	106.4906393	1.764153268e-10
3298	110.6069812	6.263967123e-11
3299	118.4217148	9.647393995e-12
3300	116.6954932	-2.091304907e-11
3301	104.2103388	2.278266464e-10
3302	104.2571599	3.030145024e-10
3303	106.9713061	3.148556971e-10
3304	101.3920342	3.253752823e-11
3305	98.53598313	-9.09565756e-11
3306	105.5671268	-1.148947604e-11
3307	111.1743963	1.528235316e-10
3308	109.0030763	2.285176492e-10
3309	108.9703977	1.498747793e-10
3310	107.1183864	9.277023594e-11
3311	109.1869173	-9.723066796e-11
3312	112.8631027	-6.660094698e-11
3313	112.866022	-6.394884622e-12
3314	111.9863744	1.364170998e-10
3315	115.4226997	1.680060535e-10
3316	119.7364284	1.337863154e-10
3317	111.7827731	-4.876099524e-11
3318	102.5863825	-1.84968485e-10
3319	105.3001534	-3.430145057e-11
3320	118.980379	5.557865279e-11
3321	124.5963051	1.765627644e-10
3322	125.5380596	1.284838902e-10
3323	129.0870919	3.31397132e-11
3324	122.1321347	-1.050715071e-10
3325	118.5423326	-6.905054306e-11
3326	122.4801763	-2.892619477e-11
3327	110.6777016	1.582804998e-10
3328	82.66433995	1.174740305e-10
3329	74.07168705	6.952305398e-11
3330	79.8986768	-7.500489119e-11
3331	78.67545683	-1.095905588e-10
3332	80.10105653	-1.07789333e-10
3333	84.11715164	5.934097658e-11
3334	86.94121745	1.697095797e-10
3335	86.54161569	1.062829824e-10
3336	93.54068516	-7.878497854e-11
3337	106.9076121	-2.068958338e-10
3338	112.3034788	-2.226627771e-10
3339	105.6064471	1.53228541e-11
3340	98.2974416	1.015187934e-10
3341	99.49709053	8.341061175e-11
3342	101.8488362	-1.182698384e-10
3343	106.6297475	-1.409716788e-10
3344	103.372533	-1.504218972e-10
3345	93.92734078	-5.085709631e-11
3346	88.61065028	3.772981927e-11
3347	84.43499799	7.700506899e-11
3348	81.1581606	5.110223356e-11
3349	78.86564196	-1.409574679e-10
3350	79.33354894	-2.209432637e-10
3351	82.81374105	-1.438209551e-10
3352	97.32577335	3.533173754e-11
3353	112.0081368	8.498446391e-11
3354	116.3356041	7.41522399e-11
3355	115.5208985	-8.738965107e-11
3356	115.9729032	-2.336193461e-10
3357	118.3336577	-2.096172125e-10
3358	111.4763953	-9.870859685e-11
3359	106.1249892	1.196660548e-10
3360	108.7684224	4.575184676e-11
3361	112.9953707	-7.091927046e-11
3362	115.6565857	-2.246345332e-10
3363	118.5435171	-2.147118039e-10
3364	115.3030712	-1.785771531e-10
3365	104.0877199	3.049649422e-11
3366	101.1121565	7.744205277e-11
3367	98.58967924	2.811617605e-11
3368	93.35054586	-1.263131821e-10
3369	94.73246385	-2.776801011e-10
3370	100.7786099	-2.579660929e-10
3371	98.0924809	-4.400391163e-11
3372	90.02520754	1.318127829e-10
3373	91.03630868	7.205258612e-11
3374	92.57552274	-1.228350754e-10
3375	94.67932198	-2.015063671e-10
3376	99.01651438	-1.864108867e-10
3377	103.1125019	-6.153300092e-11
3378	105.5027885	-3.588951358e-11
3379	111.7514353	7.332445762e-11
3380	121.0922261	-6.244960105e-11
3381	122.2005451	-1.321325271e-10
3382	119.8932647	-2.470521565e-10
3383	119.3085106	-1.349214074e-10
3384	122.410268	-4.644107321e-11
3385	121.2306356	3.914735203e-11
3386	121.2622272	4.123279496e-11
3387	126.2027608	-8.756728676e-11
3388	123.3892762	-2.085158712e-10
3389	122.7384529	-1.420197293e-10
3390	129.9918017	-8.252953876e-12
3391	124.7814189	1.15370824e-10
3392	102.1243709	1.726192522e-10
3393	93.5720719	3.494449174e-11
3394	94.82955138	-7.679901159e-11
3395	86.71623335	-1.28846267e-10
3396	82.20601439	-1.025668439e-11
3397	84.92353702	1.97090344e-10
3398	87.30194167	1.874695954e-10
3399	84.5024993	1.866595767e-10
3400	86.25316413	2.832578616e-11
3401	94.82893072	-4.977707135e-11
3402	101.3042641	-2.434674684e-11
3403	97.86902746	1.767546109e-10
3404	91.51851079	2.71850098e-10
3405	91.74237045	1.783639902e-10
3406	93.48097113	5.722355922e-11
3407	97.17205312	-1.147597573e-10
3408	93.93143386	6.068390235e-11
3409	87.56059896	9.094591746e-11
3410	88.55702942	2.548823375e-10
3411	92.18332677	2.973656876e-10
3412	92.24379464	1.828937002e-10
3413	89.09671273	5.994138519e-11
3414	88.48267422	-3.710098895e-11
3415	92.22763374	7.961986626e-11
3416	103.5349348	1.835118724e-10
3417	110.3243	3.301607876e-10
3418	108.1527255	2.465014859e-10
3419	103.5164499	9.759304476e-11
3420	99.65591212	2.863487225e-12
3421	96.80702111	5.023537142e-11
3422	90.78932512	2.231672624e-10
3423	93.86082726	2.672386756e-10
3424	105.2665768	3.282600858e-10
3425	109.6479056	1.510009895e-10
3426	105.5876155	3.306865892e-11
3427	106.5403194	-5.941558356e-11
3428	109.8818373	1.375113357e-10
3429	109.1937264	2.668407717e-10
3430	113.5054814	3.757740785e-10
3431	114.150782	2.20691021e-10
3432	108.1366431	1.417248541e-10
3433	103.2905118	-4.273559284e-11
3434	101.5336158	6.886580195e-11
3435	97.87627547	2.705604629e-10
3436	97.98556577	3.817248739e-10
3437	105.4284608	2.584350511e-10
3438	103.7884101	1.374829139e-10
3439	96.57806228	4.699174383e-11
3440	95.6221518	6.149747378e-11
3441	98.07043979	2.024300727e-10
3442	95.22899695	3.031566109e-10
3443	96.50896892	3.261000359e-10
3444	107.279434	2.216005157e-10
3445	115.1505336	1.102726799e-10
3446	115.9254412	5.419309446e-11
3447	110.5658077	7.329603591e-11
3448	108.0664949	2.243254471e-10
3449	108.9485549	3.324558406e-10
3450	114.4704047	3.009503757e-10
3451	122.4985823	9.886136354e-11
3452	122.7421365	-5.045563967e-11
3453	121.3639983	7.43582973e-11
3454	124.1798587	1.518891679e-10
3455	116.2696965	3.550617578e-10
3456	94.23184921	2.436415514e-10
3457	88.05108941	1.819273621e-10
3458	91.38268621	-2.303579549e-11
3459	82.81553225	3.301892093e-11
3460	76.35116725	9.304201853e-11
3461	79.76265919	2.925375497e-10
3462	83.47672936	2.483453443e-10
3463	82.30088452	2.305320379e-10
3464	85.54659869	8.278888686e-11
3465	95.47659872	-6.1035621e-11
3466	105.0944661	3.105071755e-11
3467	104.3141121	2.306705937e-10
3468	98.80864111	2.89158919e-10
3469	97.76520366	2.0147084e-10
3470	95.44145151	5.266542757e-11
3471	92.78529995	-2.438582669e-11
3472	88.37242189	-3.668532145e-11
3473	88.68994414	1.29627864e-10
3474	97.59245508	1.343778422e-10
3475	104.6078045	1.467377331e-10
3476	102.8564022	5.486811006e-11
3477	98.10226156	4.985878377e-11
3478	96.40968063	-5.879741138e-11
3479	95.79407156	-1.421085472e-11
3480	97.25861506	1.094697666e-10
3481	94.59301533	2.395275089e-10
3482	90.77525325	1.444533382e-10
3483	90.36057277	-6.384226481e-12
3484	92.69377345	-1.020232787e-10
3485	97.38079829	-2.850342185e-11
3486	100.2404856	6.395595165e-11
3487	106.8442719	1.941202754e-10
3488	113.5920767	1.660289684e-10
3489	109.6245643	-1.945466011e-11
3490	99.52829352	-1.51267443e-10
3491	99.0348833	-1.309992115e-10
3492	102.503998	-5.514166901e-11
3493	104.0709042	1.142872463e-10
3494	112.2170367	1.146069906e-10
3495	116.0884839	9.368505971e-12
3496	109.9720614	-1.834763452e-10
3497	103.2849266	-2.077946704e-10
3498	103.0346365	-1.601456745e-10
3499	104.5100863	4.055422664e-11
3500	107.8221849	8.473577395e-11
3501	111.5536747	-4.137135079e-11
3502	104.4224327	-1.406483818e-10
3503	95.72642047	-2.834248392e-10
3504	99.09291417	-2.353601758e-10
3505	106.3710257	-5.443112627e-11
3506	103.4472755	6.395239893e-11
3507	102.6328196	-5.657341262e-11
3508	110.9794381	-1.196163169e-10
3509	116.6170419	-2.145057465e-10
3510	115.9021547	-3.097717638e-10
3511	110.7287125	-2.446824965e-10
3512	109.5557603	-8.746070534e-11
3513	112.0398099	1.06759046e-11
3514	115.8555944	-5.139000336e-11
3515	120.3634528	-2.244249231e-10
3516	121.3195839	-3.068940657e-10
3517	119.0565268	-2.785824904e-10
3518	116.7707696	-5.340794473e-11
3519	104.6441944	6.95550284e-11
3520	81.53595369	3.102940127e-11
3521	77.04962837	-2.03307593e-10
3522	85.1214697	-2.51898058e-10
3523	81.45224871	-2.542570599e-10
3524	76.54499867	-1.400479732e-10
3525	79.72942029	-1.780264824e-11
3526	81.82382851	6.450662227e-11
3527	79.80843615	-8.305178767e-11
3528	80.25040062	-1.99857908e-10
3529	82.62346734	-2.797122534e-10
3530	85.5130098	-1.694715479e-10
3531	83.89951517	-6.570388678e-11
3532	83.45621996	5.788081126e-11
3533	88.47564968	-3.456790409e-12
3534	89.66525139	-1.316600162e-10
3535	88.2757103	-2.538875776e-10
3536	87.86328695	-1.975770658e-10
3537	93.02141209	-2.970068635e-11
3538	102.1413223	-2.973976621e-11
3539	106.9035927	2.153655032e-11
3540	104.3033791	-8.580869348e-11
3541	100.7734122	-1.561737406e-10
3542	97.92242571	-2.282298794e-10
3543	94.16891137	-1.536051286e-10
3544	94.04427647	5.570655048e-11
3545	93.55711204	1.071747135e-10
3546	93.91447189	6.42046416e-11
3547	95.46238693	-6.854605772e-11
3548	98.11000636	-2.077094052e-10
3549	102.6058021	-1.541025085e-10
3550	103.2150035	5.266187486e-11
3551	102.7287777	2.090061457e-10
3552	104.3850369	5.168843131e-11
3553	103.8259577	-5.780975698e-11
3554	100.952831	-1.136690742e-10
3555	103.2836336	-8.713385569e-11
3556	103.1747822	1.714894893e-11
3557	101.1378179	1.548094986e-10
3558	106.9011263	2.421209899e-10
3559	108.8952753	-1.40758516e-11
3560	103.4967267	-8.095923931e-11
3561	102.1542474	-1.563016383e-10
3562	107.125799	2.419398015e-12
3563	106.0358241	7.328182505e-11
3564	100.4217787	1.843574182e-10
3565	97.82334583	9.142553381e-11
3566	93.79742555	-8.272493801e-11
3567	91.60247903	-1.161666319e-10
3568	99.77244388	-6.699707455e-11
3569	110.3595718	9.488587693e-11
3570	108.9664746	1.490185753e-10
3571	107.1508831	1.780655623e-10
3572	110.8031779	5.107736456e-11
3573	112.8942179	-2.818367761e-11
3574	113.7791332	-9.468692497e-11
3575	111.7137637	2.021494083e-12
3576	108.5375779	1.583586595e-10
3577	105.4637402	2.877911243e-10
3578	103.5693936	1.977262798e-10
3579	106.3045257	6.984635093e-12
3580	114.1577627	-1.234710112e-10
3581	121.1124851	-1.521627269e-11
3582	125.9498148	2.386819631e-10
3583	118.2882473	2.928217668e-10
3584	94.60294666	2.441247204e-10
3585	86.199178	5.789502211e-11
3586	93.49247696	3.335287602e-11
3587	91.19778814	3.515410185e-11
3588	84.71317105	1.00332187e-10
3589	85.87042877	3.106492841e-10
3590	87.76183825	2.881250794e-10
3591	87.59168901	2.563780299e-10
3592	85.93278703	6.769695915e-11
3593	80.4148342	3.231193091e-11
3594	77.76441696	1.084394796e-10
3595	76.3696041	3.52205376e-10
3596	77.83440245	3.564011308e-10
3597	83.41872521	3.028688411e-10
3598	86.15992477	1.063611421e-10
3599	86.83173826	3.116440439e-11
3600	87.25777661	1.368505309e-10
3601	89.11224817	1.791846671e-10
3602	92.9376103	2.917630582e-10
3603	96.89261872	3.187246023e-10
3604	96.48094701	2.571383106e-10
3605	93.0396772	1.350883849e-10
3606	87.15113951	4.418154731e-11
3607	84.02630115	1.447872933e-10
3608	89.75150484	2.614797268e-10
3609	95.1173817	4.086331273e-10
3610	97.09378999	2.241620223e-10
3611	95.46841862	8.730083323e-11
3612	92.8112481	1.64135372e-11
3613	91.46033174	1.497006963e-10
3614	87.99286035	2.848921099e-10
3615	86.38436327	3.325411058e-10
3616	93.04683703	2.391118414e-10
3617	101.0804325	9.793410527e-11
3618	103.4657888	1.395150662e-11
3619	106.8682614	1.672972871e-11
3620	107.2343623	1.399378391e-10
3621	107.1197158	2.793996146e-10
3622	111.5284512	2.435456281e-10
3623	110.0486305	1.53203672e-10
3624	105.4963889	3.505462587e-11
3625	109.900036	-8.082423619e-12
3626	117.5174905	1.081801315e-11
3627	112.0619514	2.339106686e-10
3628	102.2566319	2.179234571e-10
3629	101.6258425	1.517790338e-10
3630	102.9397347	-5.437073014e-11
3631	99.61789947	-7.747757991e-11
3632	101.6261667	-2.130207122e-11
3633	108.4458567	1.186108989e-10
3634	105.6954207	1.821938156e-10
3635	101.6691061	1.920206216e-10
3636	101.5486212	2.495781359e-11
3637	102.6156673	-1.09476872e-10
3638	105.3956237	-9.238121379e-11
3639	103.5509293	-2.813393962e-11
3640	97.05973183	1.28672184e-10
3641	92.6389565	2.133262456e-10
3642	90.9838641	1.643805092e-10
3643	93.06393212	-6.659561791e-11
3644	103.6202911	-1.361115665e-10
3645	114.9574457	-4.305178436e-11
3646	123.7085478	1.312550069e-10
3647	117.9371379	1.556905715e-10
3648	91.24230781	1.179358833e-10
3649	76.63475564	-4.600408943e-11
3650	80.73127236	-1.699085317e-10
3651	77.7376091	-1.490043644e-10
3652	71.07305054	3.778310997e-11
3653	77.12665746	1.355147106e-10
3654	87.55520244	1.232827174e-10
3655	95.02587763	-3.699796025e-11
3656	95.61878906	-1.182343112e-10
3657	89.20598989	-2.288942369e-10
3658	88.46714869	-6.299316624e-11
3659	89.35827431	6.176392731e-11
3660	89.17367898	1.478888123e-10
3661	92.52159425	-5.130118552e-12
3662	97.82753716	-1.044782039e-10
3663	101.1453651	-1.649311798e-10
3664	100.196419	-1.934488125e-10
3665	97.67599083	-1.283595452e-11
3666	98.51340464	5.739408948e-11
3667	102.6746982	6.011546816e-11
3668	101.0339485	-1.246256431e-10
3669	94.01451387	-2.009663547e-10
3670	85.05251983	-2.049915793e-10
3671	82.36862202	-1.403250849e-10
3672	88.80535703	-1.18944854e-11
3673	93.67923159	4.567723977e-11
3674	96.76110947	-7.232969779e-11
3675	97.1437705	-2.408953037e-10
3676	94.39939587	-2.832329926e-10
3677	91.67324936	-2.368132357e-10
3678	90.66826999	-2.791011866e-11
3679	92.5604933	2.327738002e-11
3680	98.4298982	6.561862165e-12
3681	99.24246856	-1.939071126e-10
3682	92.70431986	-2.628688378e-10
3683	93.07987766	-2.191846704e-10
3684	96.64206763	-5.704947625e-11
3685	100.7116072	-6.811973208e-11
3686	103.7015	2.549427336e-11
3687	97.13425137	-8.680700603e-11
3688	88.57757478	-2.063700322e-10
3689	91.37062899	-3.061018106e-10
3690	98.66670638	-1.785132042e-10
3691	95.30969518	-3.851141628e-12
3692	91.06523211	-2.048139436e-11
3693	95.60462807	-1.191118315e-10
3694	99.01411284	-2.096740559e-10
3695	93.03318561	-2.74468448e-10
3696	92.89215778	-2.284821221e-10
3697	101.8983958	-8.305178767e-11
3698	102.5755151	1.047695264e-11
3699	100.6136373	-8.797584883e-11
3700	100.7604181	-1.13125509e-10
3701	102.3405359	-2.683826494e-10
3702	106.7894254	-2.699280799e-10
3703	108.3325585	-1.885176459e-10
3704	106.575197	-1.627853408e-11
3705	108.4625281	1.995204002e-11
3706	108.8651794	-7.453948569e-11
3707	106.3387064	-2.488391715e-10
3708	112.2753723	-3.234568169e-10
3709	118.4499954	-1.690381168e-10
3710	121.6999584	-3.118216796e-11
3711	113.9582658	9.463008155e-11
3712	88.15109504	-6.376410511e-11
3713	73.63971065	-2.298783386e-10
3714	78.00073242	-2.521751696e-10
3715	75.53589099	-1.821369722e-10
3716	69.55139957	-1.94013694e-11
3717	78.12902169	1.29602995e-11
3718	87.91376336	1.354649726e-11
3719	90.59966125	-2.96083158e-11
3720	85.58741103	-1.955946516e-10
3721	77.02306974	-1.735145361e-10
3722	79.41648595	-1.059810018e-10
3723	85.00318318	1.125819438e-10
3724	88.25240804	1.462012733e-10
3725	94.74808116	1.090860735e-10
3726	103.0277706	-6.326672519e-11
3727	104.6917096	-1.641744518e-10
3728	100.1679896	-5.052314123e-11
3729	95.9924812	1.314610643e-10
3730	96.3033548	2.307594116e-10
3731	99.44362107	1.579287812e-10
3732	96.91669373	7.055689366e-11
3733	92.43296453	-4.319744562e-11
3734	86.24056942	-7.579004091e-11
3735	81.40305067	7.768719001e-11
3736	79.48717257	2.412221534e-10
3737	77.01846726	3.338556098e-10
3738	79.38557168	2.129887378e-10
3739	81.72316777	-2.850697456e-11
3740	79.74973404	-6.221512194e-11
3741	79.84781234	4.372324724e-11
3742	86.91468328	2.358859774e-10
3743	93.60210464	3.023110651e-10
3744	96.45928879	1.738698074e-10
3745	92.00194333	-3.169020601e-12
3746	84.77393583	-6.225420179e-11
3747	88.53906796	8.178346889e-11
3748	94.4119425	1.443218878e-10
3749	99.91535915	2.812825528e-10
3750	103.9993642	2.531486132e-10
3751	98.10413275	1.745306122e-10
3752	88.32007952	3.538502824e-12
3753	89.47129018	3.436895213e-11
3754	97.325113	1.688462703e-10
3755	96.34785664	3.025064643e-10
3756	92.26343251	3.279900795e-10
3757	92.47032886	2.442988034e-10
3758	92.19682107	1.02751585e-10
3759	84.13123415	1.44417811e-11
3760	83.68994557	4.375522167e-11
3761	94.62439086	2.12128981e-10
3762	98.50913941	3.004601012e-10
3763	99.2970145	2.887396988e-10
3764	99.12659261	1.39479539e-10
3765	99.238557	1.740829703e-13
3766	105.1225291	4.765254857e-11
3767	111.4323934	1.241851066e-10
3768	112.1365124	3.205506971e-10
3769	113.4802992	2.558380174e-10
3770	111.6250621	1.739479671e-10
3771	107.9046985	6.558309451e-12
3772	115.745565	-2.84927637e-12
3773	119.350933	4.101607942e-11
3774	115.7905102	3.008402416e-10
3775	105.5404171	2.977742497e-10
3776	81.93322831	1.797602067e-10
3777	68.91105621	1.061550847e-11
3778	76.76956804	3.95807831e-11
3779	81.12951867	6.893330351e-11
3780	80.31945481	1.947242367e-10
3781	89.31134669	2.462776649e-10
3782	93.56596025	2.406608246e-10
3783	91.46778737	1.298303687e-10
3784	85.68877103	4.470024351e-11
3785	77.20480678	-4.678923915e-12
3786	79.00890482	8.405365293e-11
3787	83.94271382	2.612061678e-10
3788	85.3409634	2.913118635e-10
3789	86.32363196	2.169784352e-10
3790	86.4960493	4.995115432e-12
3791	80.58458305	2.684430456e-11
3792	75.4032523	6.945199971e-11
3793	75.56220229	2.216538064e-10
3794	78.6067875	2.713278491e-10
3795	82.9819881	2.678710587e-10
3796	84.24311175	1.510436221e-10
3797	86.7066024	-5.232081435e-11
3798	83.99119252	-3.938538384e-11
3799	77.35793433	1.53029589e-10
3800	71.80568148	3.165041562e-10
3801	68.43187264	2.880113925e-10
3802	72.45188537	1.27890587e-10
3803	76.43414683	8.363088e-12
3804	77.12904303	-5.535483183e-11
3805	82.33394912	5.023892413e-11
3806	94.01142048	1.990478893e-10
3807	97.78208489	2.678461897e-10
3808	95.1115052	1.088125146e-10
3809	91.32443563	-9.310596738e-11
3810	89.06698083	-9.807621382e-11
3811	92.82916288	-2.451372438e-11
3812	91.71623786	1.366196045e-10
3813	92.47856179	1.192148602e-10
3814	97.83313995	6.858513757e-11
3815	95.96261116	-3.879208066e-11
3816	88.37186517	-1.220783474e-10
3817	89.90351144	-1.680504624e-10
3818	96.80829177	-9.328715578e-11
3819	93.33069265	5.700684369e-11
3820	85.91699075	1.120632476e-10
3821	84.45712466	2.154720846e-11
3822	87.39090897	-2.133617727e-10
3823	81.54105862	-2.566693524e-10
3824	79.47967632	-1.651159209e-10
3825	88.68197105	-6.448175327e-12
3826	92.93658363	7.347367159e-11
3827	93.58352267	-1.98170369e-11
3828	90.01844599	-1.345767942e-10
3829	87.2408204	-2.881463956e-10
3830	94.39576026	-2.349409556e-10
3831	103.2919887	-7.529266099e-11
3832	101.4847561	-9.450218386e-13
3833	99.05667653	3.296918294e-12
3834	96.91328352	-1.130224803e-10
3835	96.62471866	-2.401741028e-10
3836	109.7956873	-3.439701857e-10
3837	113.6537927	-1.805311456e-10
3838	106.9461952	9.134026868e-12
3839	96.79126104	3.010924843e-11
3840	74.95315635	-9.883649454e-11
3841	62.31232429	-2.435776025e-10
3842	75.45722163	-2.656506126e-10
3843	88.56885533	-1.762892055e-10
3844	89.75585986	-6.555112009e-11
3845	93.21172876	1.734434818e-11
3846	91.02310369	-9.643841281e-11
3847	89.73707658	-1.248565695e-10
3848	88.57736639	-2.237037222e-10
3849	80.4372421	-2.643787411e-10
3850	79.06189582	-1.827942242e-10
3851	82.13400492	-3.415578931e-11
3852	82.17097868	7.005596103e-11
3853	80.19624478	-6.219735837e-11
3854	79.65195971	-2.091979923e-10
3855	77.08932587	-2.866755722e-10
3856	78.54612119	-1.421511797e-10
3857	82.95501155	-1.485389589e-11
3858	86.02320338	6.47233378e-11
3859	90.32219515	7.990053064e-12
3860	92.34958664	-1.799129734e-10
3861	94.57865506	-2.232454221e-10
3862	90.41784291	-1.786659709e-10
3863	86.36685843	-4.520117614e-11
3864	86.54067002	3.771560841e-11
3865	86.2750949	8.514433603e-11
3866	88.48297374	-8.807532481e-11
3867	89.80860701	-2.819291467e-10
3868	90.2395461	-2.567155377e-10
3869	94.6173348	-7.106493172e-11
3870	101.7813247	4.082423288e-11
3871	96.70068521	1.001758676e-10
3872	88.31249157	-3.948485983e-11
3873	85.43845181	-1.22952315e-10
3874	85.13303989	-2.216324901e-10
3875	85.69211981	-5.892175636e-11
3876	77.32874836	2.634337193e-11
3877	73.37672957	1.217834722e-10
3878	77.93228439	2.60769184e-11
3879	78.88004389	-6.363620741e-11
3880	75.80118642	-1.354116819e-10
3881	80.91891374	-1.659437032e-10
3882	88.19545193	-4.811084864e-11
3883	84.81307145	1.313367193e-10
3884	81.05361428	1.617905809e-10
3885	85.82885641	-3.642242064e-11
3886	95.44506521	-1.723172716e-10
3887	90.90669318	-2.24773089e-10
3888	85.18458737	-8.368772342e-11
3889	90.17088392	7.370459798e-11
3890	91.1337736	1.536761829e-10
3891	88.23582649	1.119850879e-10
3892	80.2289613	-3.892708378e-11
3893	73.77197206	-9.997336292e-11
3894	78.98617696	-4.637001894e-11
3895	88.02604605	5.914202461e-11
3896	86.64259274	2.311892899e-10
3897	85.92600995	1.902691338e-10
3898	83.57774869	7.426592674e-11
3899	80.63159131	-1.223945389e-10
3900	96.04414959	-8.165557119e-11
3901	107.4083711	3.785416425e-11
3902	111.2351196	1.902265012e-10
3903	112.7543197	2.143139e-10
3904	98.08876147	1.266329264e-10
3905	84.37693139	-1.120170623e-11
3906	94.4982999	-4.727240821e-11
3907	103.5659923	1.037747666e-11
3908	96.40894481	1.932676241e-10
3909	92.26183692	2.127684695e-10
3910	87.21427831	1.322639775e-10
3911	88.72841803	1.155378015e-10
3912	91.27183716	4.949995969e-11
3913	84.23840955	-2.689404255e-12
3914	83.5975974	1.576090369e-10
3915	89.12571998	3.093703071e-10
3916	91.15384414	3.781686075e-10
3917	90.18350325	1.803428518e-10
3918	91.95850262	4.273204013e-11
3919	88.83645576	1.669775429e-11
3920	84.5857535	1.532853844e-10
3921	80.28182491	2.584101821e-10
3922	77.60007686	3.226716672e-10
3923	81.1396977	2.649898079e-10
3924	82.41443358	1.947100259e-10
3925	82.25058612	9.061906781e-11
3926	77.61387773	1.168238839e-10
3927	78.52671144	2.490487816e-10
3928	82.89801492	4.215401361e-10
3929	80.52989633	3.462048426e-10
3930	77.05745564	1.778808212e-10
3931	74.84245115	7.076650377e-11
3932	74.32556589	1.185540555e-10
3933	78.59777938	2.307132263e-10
3934	88.67196764	3.889972788e-10
3935	87.6326154	3.449294184e-10
3936	82.41123099	2.516920006e-10
3937	80.78097042	3.816680305e-11
3938	81.63026843	8.136780139e-11
3939	84.62706609	1.289564011e-10
3940	78.26751301	2.800071286e-10
3941	75.32244795	2.854037007e-10
3942	80.67095261	2.690150325e-10
3943	85.38580985	1.335429545e-10
3944	86.87426841	7.240075206e-11
3945	92.75066093	7.353762044e-11
3946	96.29829257	1.382716164e-10
3947	90.06757504	2.780140562e-10
3948	85.35443478	2.959055223e-10
3949	87.15820595	1.789182136e-10
3950	94.49345141	4.103384299e-12
3951	89.78222218	-5.777422984e-11
3952	85.43959055	8.419931419e-11
3953	91.83032222	2.415596612e-10
3954	95.21627751	3.086917388e-10
3955	97.52940389	1.617408429e-10
3956	94.53146419	-2.156497203e-11
3957	88.14012724	1.339728328e-11
3958	89.95136171	2.074429517e-11
3959	99.81804913	1.340545452e-10
3960	103.1613342	2.137170441e-10
3961	105.1732849	2.27689867e-10
3962	96.89553085	4.577316304e-11
3963	84.14255628	-7.124612011e-11
3964	97.22758965	-1.145608053e-10
3965	110.4391824	7.30082661e-11
3966	114.2489584	1.819095985e-10
3967	115.441193	1.8343016e-10
3968	97.9926627	2.139444177e-11
3969	72.18675927	-5.557865279e-11
3970	66.84133034	-1.511324399e-10
3971	66.8989758	3.0127012e-11
3972	61.18573288	6.289013754e-11
3973	67.03656784	1.506421654e-10
3974	70.23900493	1.007514072e-10
3975	74.64058871	-5.082512189e-11
3976	77.88151401	-1.332338684e-10
3977	72.00867973	-1.024638152e-10
3978	72.53555055	5.557865279e-11
3979	78.96714107	1.038671371e-10
3980	81.96464081	1.666329297e-10
3981	83.23946394	6.797407082e-11
3982	88.70957405	-1.270876737e-10
3983	85.76817412	-1.874589373e-10
3984	78.99609743	-7.163691862e-11
3985	72.7684604	1.705231512e-10
3986	70.7402873	1.684092865e-10
3987	76.11538308	6.082601089e-11
3988	78.02567952	-1.427373775e-10
3989	78.54937094	-1.44417811e-10
3990	75.3893542	-1.144258022e-10
3991	78.63028567	2.013678113e-11
3992	83.61063803	1.044355713e-10
3993	80.81280091	9.012168789e-11
3994	77.06248952	-1.099813574e-10
3995	73.53098078	-1.810356309e-10
3996	69.16248452	-2.038760272e-10
3997	70.34048543	-4.212097338e-11
3998	83.08094147	3.90620869e-11
3999	84.87439622	7.338840646e-11
4000	77.69401777	-9.633893683e-11
4001	72.00036281	-1.811066852e-10
4002	73.58079919	-2.132871657e-10
4003	82.35034965	-9.231726494e-11
4004	81.00285497	-9.1162633e-12
4005	80.47817632	4.695621669e-11
4006	86.70079635	-4.335376502e-11
4007	91.89413308	-1.577227238e-10
4008	90.42170588	-2.429700885e-10
4009	90.15675577	-1.942339622e-10
4010	89.10030235	-9.629275155e-11
4011	83.9372693	-1.796962579e-11
4012	81.1371999	7.698730542e-12
4013	80.06849366	-1.071960298e-10
4014	85.53908607	-2.457269943e-10
4015	81.85656172	-3.46794593e-10
4016	77.18291829	-1.659046234e-10
4017	79.74044565	-2.574296332e-11
4018	81.01938905	-2.504663144e-12
4019	86.43458413	-1.245972214e-10
4020	86.54744959	-2.060076554e-10
4021	77.63963947	-2.427391621e-10
4022	74.60258219	-1.712088249e-10
4023	84.41311927	-9.205081142e-12
4024	89.34663436	3.964828466e-11
4025	91.24599115	-5.546141324e-11
4026	81.05813463	-1.483542178e-10
4027	67.79848212	-2.823092871e-10
4028	81.45932546	-2.520224029e-10
4029	87.83814807	-1.511111236e-10
4030	82.58781154	1.029150098e-10
4031	88.96689421	1.631761393e-11
4032	89.13465269	-7.878142583e-11
4033	74.83531506	-2.535252008e-10
4034	74.17666447	-2.665601073e-10
4035	82.16865959	-1.332907118e-10
4036	88.35940511	-1.308819719e-11
4037	101.9714032	9.052314454e-12
4038	100.4478092	-1.619326895e-11
4039	94.41042226	-1.071107647e-10
4040	91.45806166	-1.995097421e-10
4041	83.26683462	-1.98419059e-10
4042	79.97989317	-2.849631642e-11
4043	81.89310659	1.296953656e-10
4044	81.84089886	1.555271467e-10
4045	81.43936953	2.039612923e-11
4046	87.29517956	-1.848512454e-10
4047	85.6330775	-1.552002971e-10
4048	81.26614931	3.922551173e-11
4049	74.77152004	1.504183444e-10
4050	68.07956609	1.916546921e-10
4051	68.33340604	6.508926731e-11
4052	68.74362487	-4.335021231e-11
4053	70.8196222	-1.132463012e-10
4054	67.60690751	3.927169701e-11
4055	69.60868566	1.47210244e-10
4056	74.31702669	2.317861458e-10
4057	73.76314374	1.270805683e-10
4058	72.57905781	5.467626352e-11
4059	70.03967455	-8.93187746e-11
4060	64.69210608	-2.681233013e-11
4061	63.97928682	8.501288562e-11
4062	75.99426245	2.231530516e-10
4063	76.12747704	2.230997609e-10
4064	68.19413893	1.245119563e-10
4065	65.08292477	-6.910028105e-12
4066	71.43947984	-3.645084234e-12
4067	81.97921825	6.053113566e-11
4068	77.22645831	2.314166636e-10
4069	72.12551378	2.43559839e-10
4070	74.62884912	2.132694021e-10
4071	76.71836164	7.327471963e-11
4072	71.25941201	5.853806329e-11
4073	68.92643765	5.474376508e-11
4074	71.0804112	2.195825743e-10
4075	75.32362132	3.272582205e-10
4076	81.61938338	2.643112396e-10
4077	82.85269014	1.301749819e-10
4078	88.25860031	1.541877737e-11
4079	84.65442817	-2.429700885e-11
4080	79.20013324	1.062900878e-10
4081	79.52027035	3.174349672e-10
4082	79.49651447	3.513420666e-10
4083	85.66748064	2.145874589e-10
4084	87.5774434	2.937028398e-11
4085	80.45980369	4.17124113e-11
4086	78.88723285	1.376392333e-10
4087	89.93663577	2.797726495e-10
4088	94.44165588	3.069331456e-10
4089	100.4234577	2.499334073e-10
4090	101.1695689	1.380087156e-10
4091	99.41902205	4.198597026e-11
4092	117.7573645	5.31130695e-11
4093	120.2566524	2.174012081e-10
4094	118.2769634	2.885940376e-10
4095	152.2007494	2.896136664e-10
