4096
0	229.2318453	-8.753886505e-11
1	246.246934	1.817603845e-10
2	244.9019431	3.190301356e-10
3	254.2226322	4.774918239e-10
4	259.1009488	5.160352146e-10
5	256.3887527	2.054463266e-10
6	249.6375049	-2.329869631e-11
7	254.6974823	7.284839398e-11
8	252.5194606	4.547615617e-10
9	255.1171053	3.809610405e-10
10	254.5187509	-9.539036228e-12
11	249.1842718	-9.348610774e-11
12	253.8453754	6.924594231e-11
13	249.6453608	6.834355304e-11
14	250.9010988	-1.140350037e-10
15	253.3359507	-9.679368418e-11
16	250.2861304	5.874767339e-11
17	253.8367448	1.022826268e-10
18	256.019078	7.129941082e-11
19	254.3624398	3.587210529e-10
20	253.3448399	3.095408374e-10
21	249.1418451	-3.393552106e-11
22	249.9763473	1.153672713e-10
23	253.2206886	5.039346718e-10
24	256.5022395	4.799289854e-10
25	256.7513126	1.472422184e-10
26	249.8078953	-6.732392421e-12
27	256.0213657	-8.014922059e-11
28	254.0704533	-1.214459644e-10
29	253.7852593	-9.382006283e-11
30	256.895017	1.911786285e-10
31	250.9957659	1.218687373e-10
32	250.5078828	-3.357136791e-10
33	257.94707	-4.528430964e-10
34	258.3841437	-5.036326911e-11
35	247.6791691	3.596483111e-10
36	245.4195631	2.433147017e-10
37	247.219266	6.055245194e-11
38	242.3428707	1.455049414e-10
39	244.006087	1.577831199e-10
40	244.4375537	-1.353406276e-10
41	250.0008687	5.514166901e-11
42	251.219513	3.190940845e-10
43	236.2742042	1.031956742e-10
44	238.0639294	-7.689138215e-11
45	242.1352275	1.900346547e-11
46	244.0541462	-1.336886157e-11
47	242.8777858	-3.648068514e-10
48	238.2411202	-4.154081523e-10
49	240.7796273	-7.957012826e-11
50	236.0122454	1.593569721e-10
51	236.7484958	-1.120916693e-10
52	231.2611441	-2.624034323e-10
53	222.4603972	-2.576747704e-10
54	220.3367172	-2.239133323e-10
55	227.8504693	-1.691446982e-11
56	229.3360254	3.101483514e-10
57	220.2133109	4.607549897e-10
58	218.3382616	2.110311925e-12
59	202.3764258	-5.240607948e-10
60	185.2231602	-3.657802949e-10
61	192.23141	2.528111054e-10
62	182.747518	3.096509715e-10
63	199.2684828	7.679901159e-11
64	262.9364875	-2.390585507e-10
65	262.3351341	-6.338218839e-10
66	250.8091091	-7.551363979e-10
67	247.3314677	-3.503117796e-10
68	249.8740078	2.596962645e-10
69	256.3615893	2.605879956e-10
70	256.6021634	-2.604707561e-10
71	256.2121323	-5.728892916e-10
72	248.0656208	-3.465068232e-10
73	251.7821957	-1.18721033e-10
74	255.3446359	1.357953749e-10
75	251.94561	2.873505878e-10
76	251.0660554	1.81220372e-10
77	249.012935	-1.353619439e-10
78	249.5504352	-4.533120546e-10
79	257.1038213	-2.967546209e-10
80	257.3818164	4.079225846e-11
81	250.8458308	8.948930486e-11
82	250.3122981	-9.352163488e-11
83	252.8088151	-2.303082169e-10
84	257.1330569	-5.796252367e-10
85	252.5397631	-7.504468158e-10
86	254.7938098	-4.514006946e-10
87	255.4074471	7.284128856e-11
88	252.2905868	3.116049641e-10
89	255.304714	-4.033751111e-11
90	247.4285915	-3.758380274e-10
91	251.2609842	-4.206945903e-10
92	249.0124562	-2.426645551e-10
93	249.9772934	1.215489931e-10
94	256.1097536	6.174545319e-10
95	250.9724661	4.902602768e-10
96	250.220116	-2.380673436e-10
97	256.3876844	-8.158025366e-10
98	256.4547102	-5.94486238e-10
99	251.0042862	7.128519997e-11
100	248.9637227	2.16633822e-10
101	242.8996304	7.212008768e-12
102	243.6137434	-3.404636573e-10
103	248.9574525	-6.729159452e-10
104	246.1717056	-6.734417468e-10
105	246.7089109	-7.516121059e-11
106	244.5478239	3.956728278e-10
107	243.1264205	3.586926312e-10
108	247.956898	-8.208189684e-11
109	238.6168084	-3.548059624e-10
110	239.9381311	-1.670308336e-10
111	244.6481646	-1.887912049e-11
112	241.7149626	2.015099199e-10
113	241.9365107	4.352607164e-10
114	241.2509553	2.753637318e-10
115	243.6785391	-3.172395679e-10
116	229.3788673	-4.780460472e-10
117	224.9617333	-2.153797141e-10
118	224.6939907	-1.278621653e-11
119	229.1541094	-5.432099215e-11
120	235.7357032	3.179678743e-11
121	222.7876116	1.26551214e-10
122	213.7029259	-3.299440721e-10
123	203.6146186	-5.809752679e-10
124	187.0112875	-1.6227375e-10
125	199.3802764	3.94678068e-10
126	205.0130084	4.814388888e-10
127	201.1496514	3.304307938e-10
128	246.2130325	1.692512797e-11
129	251.1510954	-1.961844021e-10
130	251.0231962	-1.860378518e-10
131	252.730349	1.873701194e-10
132	252.4898834	7.008900127e-10
133	251.8979669	4.498161843e-10
134	248.2929121	-2.732214455e-10
135	251.9508151	-5.621281218e-10
136	254.7617688	-2.074607153e-10
137	253.4121502	8.810729923e-11
138	252.0248264	2.16559215e-10
139	256.6735039	2.499156437e-10
140	253.7699443	9.29034627e-11
141	253.5215556	-3.400799642e-10
142	251.9083862	-3.441975593e-10
143	255.0960536	3.454907471e-10
144	252.2086547	5.794653646e-10
145	247.1985397	2.880895522e-10
146	255.8143796	1.391811111e-10
147	255.4571097	2.288018663e-10
148	254.8739768	1.7083579e-10
149	252.6935651	1.26377131e-10
150	255.8612233	2.195505999e-10
151	252.1243545	3.771312151e-10
152	244.9991788	2.412399169e-10
153	252.2687892	-1.060662669e-10
154	254.159036	-7.810641023e-11
155	258.2363736	-3.481304134e-11
156	252.6373535	-1.71219483e-10
157	255.2765518	-1.748645673e-10
158	252.8709735	2.905657936e-10
159	248.3267281	5.449187768e-10
160	254.8010675	1.594244736e-10
161	253.0877142	-2.168150104e-10
162	252.9125068	8.330047763e-11
163	249.9576358	4.458904357e-10
164	246.2916077	4.472973103e-10
165	247.7602216	5.974456485e-10
166	251.2927216	4.548930121e-10
167	245.808931	-1.725553034e-11
168	245.5091316	-2.677751354e-10
169	248.004606	8.85655993e-11
170	241.1115134	4.308944312e-10
171	248.9924668	2.473079519e-10
172	251.2527489	-2.022595424e-10
173	236.6319384	-2.159730172e-10
174	240.6369597	3.900879619e-12
175	242.4115929	-1.936228955e-11
176	241.5010193	1.409432571e-10
177	241.6803334	3.643414459e-10
178	240.6720976	3.140065985e-10
179	246.4455368	-4.333955417e-11
180	231.0053765	2.408029331e-11
181	229.7807593	4.387317176e-10
182	233.5129252	4.298819078e-10
183	228.3943583	2.309974434e-11
184	229.9239995	1.471924804e-10
185	222.6961062	4.964206823e-10
186	207.6905788	2.209858962e-10
187	205.4816132	-1.271303063e-10
188	203.1204579	-2.135394084e-10
189	201.613667	-1.201883038e-10
190	193.3930063	-1.023749974e-10
191	195.0818967	1.118429793e-10
192	255.0719741	3.276916516e-10
193	253.9193683	5.692513128e-11
194	253.2978708	-4.921325569e-10
195	258.2485945	-3.268958437e-10
196	250.6145578	3.527063086e-10
197	252.4438668	5.065707853e-10
198	254.8193409	2.991207282e-10
199	254.4716208	9.178435789e-11
200	255.4612484	4.813927035e-12
201	255.2931374	-1.524327331e-10
202	253.0010324	-1.912070502e-11
203	254.1023567	4.291074163e-10
204	248.918935	4.387565866e-10
205	252.449883	-2.406750355e-10
206	249.7384396	-5.51356294e-10
207	253.2894525	-2.05478301e-10
208	255.2842882	-4.787636954e-11
209	252.2322531	-5.710987239e-11
210	253.4164694	-6.380673767e-12
211	249.6542352	9.67723679e-11
212	253.3965576	-1.582840525e-10
213	248.7559193	-4.307665336e-10
214	253.2729508	-1.839985941e-10
215	260.4883846	1.834017382e-10
216	255.7998916	1.445208397e-10
217	254.693716	1.726156995e-10
218	250.1894078	3.744844435e-10
219	251.3412385	4.496314432e-11
220	249.2954669	-4.32486047e-10
221	255.4628646	-4.087041816e-10
222	249.9624192	1.574704811e-10
223	248.1897575	3.354330147e-10
224	255.3029207	-4.116884611e-11
225	251.2240922	-3.969304885e-10
226	254.4323239	-6.046576573e-10
227	248.4718012	-7.076934594e-10
228	248.2760815	-3.187139441e-10
229	251.6247424	3.769997647e-10
230	248.603999	3.654854197e-10
231	248.3873309	-2.467146487e-10
232	249.4950976	-7.567813043e-10
233	244.0148735	-3.594422537e-10
234	239.0966472	3.119673408e-10
235	249.2251579	4.553299959e-10
236	254.8796865	2.933511212e-10
237	252.2644797	5.394085179e-11
238	253.4074425	-4.69313477e-10
239	249.7609421	-7.545750691e-10
240	249.0822043	-2.066045113e-10
241	240.2612173	3.04321901e-10
242	227.634556	1.224442769e-10
243	229.5470587	-4.894431527e-10
244	221.1432575	-6.024869492e-10
245	222.5621732	-4.55564475e-10
246	231.4559882	-3.973248397e-10
247	232.5165303	-1.676347949e-10
248	234.0988585	1.711093489e-10
249	237.8109686	1.375788372e-10
250	228.8651649	-1.918287751e-10
251	212.4321716	-3.034976714e-10
252	192.382209	-1.889368662e-10
253	194.6757906	4.75033346e-11
254	200.3314457	4.882316773e-11
255	195.9919011	2.064570737e-10
256	253.5698824	2.845421676e-10
257	251.3485759	-2.586055814e-10
258	248.2030274	-8.401297436e-10
259	253.8475766	-5.398366199e-10
260	253.2123451	9.521805566e-11
261	253.6180604	1.449276255e-10
262	251.8840774	-1.357900459e-10
263	254.8153291	-3.642899316e-10
264	248.3670549	-4.986198121e-10
265	246.0438608	-6.296669852e-10
266	256.9708561	-1.057998134e-10
267	260.6579765	6.104894368e-10
268	249.8973635	4.829363576e-10
269	254.2359154	-2.47641907e-10
270	252.1552236	-5.473097531e-10
271	252.9335949	-2.215916339e-10
272	254.9601534	2.210622796e-10
273	253.4358167	4.06943812e-10
274	255.4543552	2.114663999e-10
275	256.3754398	-6.930456209e-11
276	256.9670402	-5.375291323e-10
277	250.5788223	-6.004103881e-10
278	255.2703633	-2.035704938e-11
279	252.6268552	3.198046272e-10
280	244.4972151	-1.815614326e-11
281	252.8474004	-3.346052324e-10
282	250.8494206	-1.967208618e-10
283	251.9692176	-1.319300225e-10
284	255.6474261	-1.905462454e-10
285	260.3161206	-1.985611675e-11
286	254.0777632	3.79863252e-10
287	250.1202444	2.371329799e-10
288	255.3698457	7.908340649e-12
289	252.8330975	1.422915119e-10
290	253.3394618	1.763904578e-10
291	250.000582	8.943956686e-12
292	250.2711935	4.265032771e-12
293	245.553859	2.236522079e-10
294	247.611524	2.200977178e-10
295	250.7939475	-1.259650162e-10
296	244.6390395	-4.876081761e-10
297	250.2720426	-2.404689781e-10
298	254.7680548	5.227818178e-11
299	252.5396896	1.33939082e-10
300	241.0917258	1.833200258e-10
301	211.2798723	8.01900768e-11
302	182.9864169	-1.864037813e-10
303	158.0315944	-2.223519147e-10
304	125.9016373	2.842845959e-10
305	103.3129226	7.312035422e-10
306	94.2728771	5.7186611e-10
307	91.76780563	3.2192915e-11
308	91.4456456	-2.574651603e-11
309	95.66595953	5.202416276e-11
310	103.8209297	1.364544033e-10
311	122.4029568	2.81602297e-10
312	146.2255161	2.42504683e-10
313	180.7096516	-4.779820983e-11
314	209.4949762	-2.932996068e-10
315	221.7623328	-1.249791381e-10
316	215.3384739	2.063966775e-10
317	201.7205835	2.295390544e-10
318	195.1054728	-1.010000972e-10
319	197.3799288	-7.768008459e-12
320	255.6474524	2.190265747e-10
321	254.9778567	2.8724223e-10
322	256.68286	2.978666203e-10
323	255.4895146	3.540439053e-10
324	253.7182078	3.782130165e-10
325	253.1177697	2.070805749e-10
326	250.9532371	1.545394923e-10
327	257.9856282	3.126654491e-10
328	254.7045047	3.042099905e-10
329	251.4024377	-1.131930105e-10
330	250.9429304	-1.745625866e-10
331	251.1773184	8.207301505e-11
332	247.3237169	2.034745705e-10
333	252.2714871	6.947864506e-11
334	251.8947684	-6.285105769e-11
335	252.3851952	1.460698229e-11
336	251.9251931	1.554667506e-11
337	252.7096411	6.722622459e-11
338	255.5099347	3.816129635e-10
339	252.1782296	5.325269115e-10
340	252.5615731	1.23609567e-10
341	255.3722834	3.775468826e-11
342	256.9751932	3.158469042e-10
343	254.6107198	3.859650377e-10
344	249.0212395	1.173852127e-10
345	253.3887207	-1.369571123e-11
346	251.9867039	2.212043881e-10
347	251.5828825	2.117044318e-10
348	251.5505677	-6.227729443e-11
349	252.7695625	-1.13230314e-10
350	254.8315864	8.17212964e-11
351	254.57571	-7.663913948e-11
352	256.755734	-1.648192693e-10
353	253.0013837	7.871570062e-11
354	247.8797131	2.871480831e-10
355	247.3110726	4.126121667e-11
356	252.4128362	-2.878230987e-10
357	246.3294363	1.008420014e-10
358	248.9273713	5.036486783e-10
359	257.0885035	3.643361168e-10
360	253.5207747	1.732995969e-10
361	241.4755349	1.97134753e-10
362	207.6418821	-1.137845373e-10
363	166.2066725	-2.349302974e-10
364	124.7408736	1.621316414e-10
365	86.95482735	4.583355917e-10
366	71.08705906	4.181188729e-11
367	66.07466389	-5.75893111e-10
368	59.40990998	-4.80071094e-10
369	57.73391586	-5.768718836e-11
370	56.8945003	7.817213543e-11
371	61.15275007	1.879563172e-11
372	66.79753652	1.030731056e-10
373	64.15031447	-5.453948404e-11
374	54.77669433	-2.613358419e-10
375	54.2116677	-1.453130949e-10
376	53.36163068	3.550386651e-10
377	63.93257227	5.046185692e-10
378	85.04613585	-1.911715231e-11
379	118.0577376	-1.522852955e-10
380	179.1512082	6.062705893e-11
381	205.5403434	-5.399947156e-11
382	196.8977849	-3.076650046e-10
383	199.7130384	-5.790568025e-11
384	251.2506172	4.151168298e-11
385	253.0687986	-2.497895224e-10
386	259.0995917	-4.798916819e-10
387	250.0796236	-3.326654507e-10
388	248.8630184	-1.861906185e-10
389	252.0013826	-3.016396022e-10
390	250.1332096	-1.123705573e-10
391	253.5744808	2.052384929e-10
392	255.9266115	1.109778935e-10
393	250.3178621	-2.871463067e-10
394	240.8844925	-2.443680813e-10
395	255.0661553	9.439382609e-11
396	256.9639568	3.290452355e-10
397	249.5764979	1.155733287e-10
398	251.9022244	-1.384101722e-10
399	256.2524478	-2.80895307e-10
400	255.2088344	-6.172236056e-10
401	253.276306	-4.936673292e-10
402	252.6893886	1.056861265e-10
403	255.0093228	2.224069817e-10
404	254.0640569	-4.284466115e-10
405	250.2585133	-7.414744374e-10
406	247.635005	-4.264570919e-10
407	255.841769	-3.45181661e-11
408	254.1362561	2.758504536e-11
409	254.9564606	5.783284962e-11
410	257.6580751	8.28901392e-11
411	252.5384766	-2.798632437e-10
412	247.9828932	-3.849027763e-10
413	246.679776	3.003108873e-11
414	255.5641627	3.43110429e-10
415	258.7721367	4.830091882e-11
416	250.7092877	-3.406235294e-10
417	247.8983887	-3.766515988e-10
418	250.4821256	-1.580549025e-10
419	250.1401473	-2.186091308e-10
420	256.4447248	-2.587690062e-10
421	257.0290957	-5.953815219e-11
422	256.0020884	-2.707558622e-10
423	241.7841751	-5.410445425e-10
424	200.6970598	-3.221725109e-10
425	152.4620611	3.385736136e-11
426	107.0125971	-1.16202159e-10
427	85.99068087	-2.373248265e-10
428	82.82544641	6.177458545e-11
429	76.62541158	3.626663414e-10
430	76.00532255	3.193711962e-11
431	85.77775059	-3.217e-10
432	91.70537385	-4.725109193e-12
433	87.34921829	1.254978343e-10
434	83.06615476	-5.259970237e-11
435	82.27313151	-1.284146123e-10
436	78.24265433	-3.140065985e-11
437	83.94798424	-2.60012456e-10
438	81.2952093	-5.153637517e-10
439	78.0740975	-2.373443664e-10
440	73.86449056	2.299369584e-10
441	67.80194785	-1.829647545e-11
442	53.4777901	-5.013056636e-10
443	47.16094887	-2.815898625e-10
444	139.1711589	5.264233494e-11
445	211.1199202	1.508908554e-10
446	206.0342389	2.135838173e-10
447	207.5196055	3.313065378e-10
448	252.5758466	3.722355757e-11
449	249.47108	-3.171471974e-10
450	257.932696	-1.14434684e-10
451	256.9404539	5.197033914e-10
452	255.025755	4.28205027e-10
453	251.47544	-2.492761553e-10
454	252.9075456	-3.357882861e-10
455	251.5321949	-1.136459815e-10
456	244.6708924	-8.4865448e-11
457	242.8761244	-1.72274639e-10
458	245.8386546	4.53095339e-11
459	254.6290774	6.176215095e-11
460	249.7876028	-2.787512443e-10
461	248.1442834	-2.760174311e-10
462	251.4570264	3.473505927e-10
463	250.534547	5.308304907e-10
464	250.9386255	1.31464617e-10
465	252.1566251	1.310009878e-10
466	252.0590875	2.998827853e-10
467	256.5274409	2.069047156e-10
468	249.9603985	-2.749800387e-12
469	252.1209155	1.057127719e-10
470	252.6108852	2.913633779e-10
471	255.1471785	1.511200054e-10
472	253.6097654	-1.384723447e-10
473	251.5286777	-8.194689372e-11
474	253.3281841	-7.753797604e-12
475	252.1622223	-1.856808041e-10
476	254.852258	-5.321254548e-11
477	252.4166494	3.123918901e-10
478	251.7745095	4.227977968e-10
479	254.0026321	-2.287237066e-11
480	252.3478729	-2.025490886e-10
481	252.156253	1.903650571e-10
482	254.4780629	4.875104764e-10
483	253.8537088	4.088249739e-10
484	259.2757409	4.376889962e-10
485	247.2809158	3.004316795e-10
486	198.6572187	-1.936246719e-10
487	143.4328793	-1.293614105e-10
488	120.965037	3.644142765e-10
489	119.6734262	6.200924219e-10
490	108.5173662	1.874607136e-10
491	108.6348874	-3.521787306e-10
492	115.0037363	-3.537667936e-10
493	107.2217122	5.204725539e-13
494	103.9785207	2.064464155e-10
495	98.82346413	2.980904412e-10
496	81.38337216	3.248779024e-10
497	77.73004917	9.204192963e-11
498	77.40999383	-9.754508312e-11
499	70.09073303	5.680256265e-11
500	68.08832276	5.693987504e-10
501	77.91859467	5.851248375e-10
502	75.46664446	2.254108011e-10
503	83.60045612	1.452882259e-10
504	91.45703313	2.039275415e-10
505	87.23091127	-3.210942623e-11
506	80.88037537	-7.089440146e-12
507	71.27740145	2.842686087e-10
508	154.5595678	1.87840854e-10
509	211.3573719	-3.372946367e-11
510	202.9087834	-1.416076145e-10
511	207.867375	2.403410804e-12
512	252.8788259	-9.249490063e-11
513	254.3718191	-1.773230451e-10
514	254.1517375	1.368114511e-10
515	250.2842976	4.814708632e-10
516	255.5168992	2.662119414e-10
517	254.3468801	-1.199005339e-10
518	248.1120062	-8.044054312e-11
519	239.6778706	2.515978537e-10
520	240.3747624	4.917524166e-10
521	246.8948182	3.532125703e-10
522	247.1071055	2.493099061e-10
523	245.2741074	-3.41024986e-11
524	253.5940328	-4.272528997e-10
525	257.1831281	-2.232791729e-10
526	253.6939542	3.297166984e-10
527	255.8756633	2.267501742e-10
528	254.5370792	-2.930526932e-10
529	255.4635535	-4.524522978e-10
530	247.9419719	-3.072031518e-10
531	251.8006535	-6.054001744e-11
532	253.6485842	1.160387342e-10
533	258.0619007	3.767297585e-10
534	252.0982112	2.466871152e-10
535	251.4861081	-1.483346779e-10
536	254.3639615	-1.386606385e-10
537	252.4358059	2.481046479e-10
538	255.820542	3.444382557e-10
539	253.1754275	1.768718505e-11
540	255.4793259	-1.845563702e-10
541	256.9777607	-1.214557344e-10
542	248.7026488	-8.886225089e-12
543	247.974664	-2.245377217e-10
544	252.6236705	-2.368487628e-10
545	250.6305829	-1.518110082e-10
546	254.4990439	-3.189697395e-10
547	252.5377709	-3.569384788e-10
548	221.6518116	-4.138467347e-11
549	167.7864999	9.359624187e-11
550	125.4415445	-1.771498503e-10
551	124.7097814	-2.948548072e-10
552	140.9915713	-1.320366039e-11
553	140.9658703	3.28704175e-10
554	133.0604746	9.879830287e-11
555	116.705919	-1.192788091e-10
556	94.76342315	-1.0429968e-10
557	78.17408164	-1.140838535e-10
558	66.54041411	-1.420028539e-10
559	64.07930547	-6.386002838e-12
560	63.02830906	3.621369871e-11
561	67.45985008	-2.715347946e-10
562	62.88908326	-5.627898148e-10
563	64.33795129	-4.886269167e-10
564	68.43552431	-9.757794572e-11
565	62.50160474	-1.58371094e-10
566	55.94991021	-2.863576043e-10
567	63.71886108	-1.441691211e-10
568	66.30673211	-2.844924296e-11
569	67.82712909	-7.779021871e-11
570	70.17925762	-1.036708497e-10
571	65.07363389	1.357314261e-11
572	162.6633969	1.261657445e-11
573	223.576877	-1.675291017e-10
574	209.2995317	-1.666276006e-10
575	206.6923046	1.972138008e-10
576	252.2764194	1.411404327e-11
577	251.693028	-4.91923835e-10
578	246.0097256	-5.172413609e-10
579	250.9047549	-1.128395155e-10
580	254.8078741	-7.558398352e-12
581	253.9886944	-2.565982982e-10
582	253.9727248	-3.995941356e-10
583	248.5516522	-4.115197072e-10
584	253.9344086	-4.185531921e-10
585	255.0908626	-2.377333885e-10
586	252.7106591	2.763842488e-10
587	250.3378336	2.263478294e-10
588	256.5797735	-2.242819264e-10
589	253.0178347	-4.229390171e-10
590	251.7268263	-1.25142563e-10
591	252.4449222	2.398277132e-10
592	245.8936032	2.297504409e-10
593	259.3363908	9.445688676e-11
594	255.5117211	-3.914379931e-11
595	258.0866077	-3.553362049e-10
596	251.5657425	-6.626459381e-10
597	248.3894862	-2.340643235e-10
598	248.9976854	1.389857118e-10
599	251.0099922	-1.131450489e-10
600	254.1388153	-4.220455097e-10
601	252.8246862	-2.818349998e-10
602	257.1338441	-9.430856096e-11
603	252.1806223	-2.175557512e-10
604	248.040219	-9.354828023e-11
605	252.9871223	3.362279344e-10
606	254.4459307	3.473328292e-10
607	253.3182814	-3.535483017e-11
608	254.2552571	-6.195133295e-11
609	256.1831335	-3.800870729e-11
610	239.0026438	-7.874767505e-11
611	194.3589762	4.983302659e-11
612	152.5934818	2.838964619e-10
613	146.3140091	2.387672282e-10
614	154.9054306	-3.109947855e-10
615	150.2263489	-7.06894987e-10
616	127.6039688	-3.762439249e-10
617	99.71899167	2.071889327e-10
618	95.86838477	2.532702936e-10
619	86.52740869	1.617701528e-10
620	81.98903765	-4.227462824e-11
621	93.22688842	-3.643538804e-10
622	89.96254704	-3.827773654e-10
623	96.9891208	2.630047291e-10
624	96.67605958	9.348184449e-10
625	96.0688441	5.884839283e-10
626	94.47518279	-1.196553967e-10
627	92.16429571	-2.683240297e-10
628	91.57348694	-4.490274819e-11
629	91.2272102	7.873612873e-11
630	90.65957331	4.133262621e-10
631	87.19760828	4.600062553e-10
632	80.99235911	-1.549071982e-11
633	83.38863649	-5.431504135e-10
634	77.74784245	-5.144560333e-10
635	59.06690153	9.543743573e-11
636	158.5050403	4.013367416e-10
637	222.3093382	2.393631959e-10
638	208.1336846	1.025899365e-10
639	209.0470421	1.594218091e-10
640	256.0184994	-6.145040032e-11
641	254.193476	-5.500311318e-11
642	252.3924683	3.063611587e-10
643	254.9792722	6.588525281e-10
644	250.1415473	4.752465088e-10
645	254.4351984	6.798828167e-11
646	258.6612707	3.779820901e-11
647	246.7226536	-6.304157196e-11
648	249.9101636	-1.445998876e-10
649	253.4040897	2.233795371e-10
650	255.6800615	6.567337785e-10
651	249.6029956	2.418945044e-10
652	251.5960217	-4.234923523e-10
653	256.5966222	-5.624216648e-10
654	261.298854	-9.618705832e-11
655	253.6394835	3.388365144e-10
656	244.6303251	4.746567583e-10
657	255.7987479	5.395870417e-10
658	247.6690789	2.042952474e-10
659	253.5715051	-3.735918241e-10
660	247.6850255	-3.061888521e-10
661	254.5528076	5.834177585e-10
662	259.3242932	1.038993336e-09
663	252.7639265	5.76062309e-10
664	254.610327	-1.394178106e-10
665	247.9580131	-2.751345818e-10
666	248.5391869	-8.503464599e-11
667	255.1361794	4.913847107e-12
668	260.3847711	3.408229254e-10
669	253.7600969	3.694466955e-10
670	245.0747972	-1.804076888e-10
671	258.1977862	-5.668354675e-10
672	255.4323838	-1.554223417e-10
673	221.0438453	3.116662484e-10
674	175.2863738	3.488973555e-10
675	150.6452864	1.74554593e-10
676	151.7367164	2.734319438e-10
677	157.5960045	2.740199179e-10
678	138.1072569	-8.871925417e-11
679	110.3915343	1.14908083e-11
680	110.124728	4.264815168e-10
681	109.488422	4.239821827e-10
682	114.8059915	8.379208438e-11
683	110.4380643	8.587974776e-11
684	105.4625597	6.995914958e-11
685	109.4931462	-2.667559507e-10
686	95.43243736	-4.875397863e-10
687	93.97413963	-8.502354376e-11
688	80.17686766	3.892886014e-10
689	70.81282359	1.303326336e-10
690	71.81002981	-1.980251518e-10
691	70.41712204	-2.488298456e-10
692	68.43962898	-1.346922573e-10
693	67.45641013	2.096411933e-11
694	70.00837945	3.805231685e-10
695	77.37195442	5.64613245e-10
696	79.19743023	2.353819362e-10
697	84.77025678	-3.473350496e-10
698	95.31987007	-2.355617923e-10
699	79.92001237	3.221667377e-10
700	170.0696985	2.830677914e-10
701	233.6276853	-3.53250762e-11
702	216.371457	-2.111137931e-10
703	213.1415812	-3.513807023e-10
704	257.4548497	-5.219071841e-10
705	254.0936071	-2.424240808e-10
706	254.5139151	7.345435371e-11
707	253.7438818	7.117950673e-11
708	249.4724421	-2.544695565e-10
709	248.6946313	-2.433482305e-10
710	252.0280248	4.793920816e-11
711	247.989668	-5.618150389e-11
712	252.2721348	-1.358160251e-10
713	254.3595955	-5.046274509e-11
714	256.2773853	1.618492007e-10
715	253.7100961	1.493327684e-10
716	251.7355239	-5.916378498e-12
717	248.3613914	-1.681859096e-10
718	254.0289063	-2.215096995e-10
719	253.4466234	-3.652995684e-10
720	253.0098639	-2.763893558e-10
721	260.8393541	1.325115573e-10
722	250.8423759	1.088951151e-11
723	258.6237985	-5.197970943e-10
724	251.6021817	-7.156593096e-10
725	256.1269648	-3.885181066e-10
726	252.7214901	-6.271494435e-11
727	246.8502907	6.82691681e-11
728	256.256822	2.275069022e-11
729	251.457822	-1.292781437e-10
730	252.6289365	-4.073059667e-10
731	255.626262	-2.715687675e-10
732	251.7725428	2.143871747e-10
733	249.9176575	3.001051629e-10
734	256.0906224	6.414169196e-11
735	254.2903346	-2.689443113e-10
736	198.5748108	-3.423726858e-10
737	152.2079776	-3.159339457e-10
738	152.0626291	-3.351343647e-10
739	157.5222289	-3.435802753e-10
740	141.3868523	-9.223499742e-11
741	125.7031131	-1.430774388e-10
742	125.6489202	-4.788751617e-10
743	129.8342046	-4.137097331e-10
744	139.4632735	-2.324360704e-10
745	128.4635906	-1.826151452e-10
746	107.698147	-1.64260161e-10
747	87.09924561	1.989348131e-10
748	80.70265684	3.392212622e-10
749	79.62610631	-8.522393902e-11
750	63.18537666	-4.821381072e-10
751	69.27568664	-2.492227535e-10
752	71.06857012	1.160269103e-10
753	69.79657997	2.415108669e-10
754	73.95265187	1.892601631e-10
755	83.55590749	-2.452653358e-10
756	83.05600781	-6.670815011e-10
757	76.39608496	-7.84283638e-10
758	77.43686085	-2.446669672e-10
759	77.6960392	3.423089728e-10
760	70.2961631	2.125675191e-10
761	65.94626346	-4.38206001e-10
762	66.75862118	-5.843005246e-10
763	55.12377124	-2.561612936e-10
764	167.8842472	2.355324269e-12
765	246.2393688	3.121982395e-10
766	216.9374937	4.4650314e-10
767	206.831402	2.360949214e-10
768	255.3751728	-3.49967777e-10
769	251.8418806	-4.418789779e-10
770	254.7379081	3.165001594e-11
771	252.4886853	2.957655232e-10
772	257.1316445	4.796274489e-11
773	254.1233912	-1.195286647e-10
774	253.6023534	-2.151289702e-10
775	257.2076644	-4.597848768e-10
776	255.6733797	-4.753049065e-10
777	248.9957526	-1.76515691e-10
778	247.2427147	2.679533262e-10
779	248.0886226	2.719756642e-10
780	252.4078444	-2.004119093e-11
781	252.2544129	-1.702890051e-10
782	254.927889	-2.027180646e-10
783	250.4988374	-2.163085266e-10
784	251.5422981	2.041955494e-10
785	259.5429447	6.987078693e-10
786	248.7228033	5.583862261e-10
787	254.9207604	-3.306666052e-11
788	250.9984879	-5.330584862e-10
789	251.6468516	-2.636629803e-10
790	254.5137328	2.200752913e-10
791	258.6500369	4.560734013e-10
792	256.1896755	3.344327038e-10
793	249.5278758	-1.108895198e-10
794	258.3383098	-6.671148078e-10
795	255.0564656	-6.106326556e-10
796	246.1847978	1.375735081e-10
797	258.3309494	6.983802425e-10
798	237.0515717	5.315781149e-10
799	183.237134	-1.24311228e-10
800	147.5904872	-3.063369558e-10
801	150.6776632	-6.227773852e-11
802	144.3974525	2.735356386e-10
803	130.3547446	6.593185997e-10
804	134.488559	7.724103579e-10
805	144.8582327	2.920768072e-10
806	144.4299549	-2.676492361e-10
807	124.6500913	-3.225837375e-10
808	110.9299443	3.038502783e-11
809	104.0484292	3.516855696e-10
810	97.78168447	1.943154526e-10
811	95.27751452	1.090258994e-10
812	97.13928366	8.411493724e-12
813	102.3246955	-1.781148562e-10
814	102.9140244	-2.23448593e-10
815	100.6581802	9.626432984e-11
816	98.45491831	4.341615956e-10
817	103.3327925	4.190334746e-10
818	94.41165631	2.595299531e-10
819	91.97450992	1.862741073e-10
820	85.07102319	1.579225639e-10
821	83.18136094	-6.501466032e-13
822	96.32234159	4.222524552e-10
823	92.70749521	7.970331062e-10
824	94.44581035	4.221032412e-10
825	102.333342	-2.083160311e-10
826	88.94129629	-3.70051545e-10
827	74.63308368	-1.270037409e-10
828	171.556696	1.013753526e-10
829	237.1946049	2.614712891e-10
830	227.9949163	2.630473617e-10
831	219.7259064	3.277067506e-11
832	257.107752	-4.456297553e-10
833	248.5490462	-3.372848667e-10
834	255.5547982	2.975046876e-10
835	251.4817907	7.181597539e-10
836	255.3020037	4.622138228e-10
837	249.4733417	9.324985228e-11
838	247.2274947	5.908340484e-11
839	252.571126	8.399902995e-11
840	249.4289782	8.973355392e-11
841	254.0381664	2.982378788e-10
842	259.3169441	4.197304726e-10
843	250.5821725	-1.273487982e-10
844	252.8079896	-3.59264174e-10
845	254.2616875	-3.060662834e-11
846	252.6772902	7.862732687e-11
847	252.6979544	-1.566462515e-10
848	254.11555	-1.18272947e-10
849	260.2345209	1.475859435e-10
850	249.9518132	7.845502026e-11
851	250.6811011	-1.649289594e-10
852	253.8303676	-1.362976398e-10
853	252.8084622	1.861470977e-10
854	252.9852216	1.581899056e-10
855	254.5686163	1.362292501e-10
856	250.8418771	3.070712573e-10
857	250.407004	3.045790287e-10
858	245.3429985	-6.395461938e-11
859	253.4466746	-3.017261996e-10
860	260.3251792	-1.86606286e-12
861	232.3204676	2.934292809e-10
862	162.3615408	1.287414619e-12
863	134.6415492	-3.101523482e-10
864	149.2033465	-1.689870466e-10
865	142.5841949	-2.836926249e-10
866	128.7768003	-3.96654265e-10
867	136.5328805	-5.506572975e-11
868	144.4684152	2.316906667e-10
869	135.5148856	-2.301669966e-11
870	119.1227524	-3.032600837e-10
871	115.8032583	-6.178391132e-11
872	129.2692467	2.120175147e-10
873	130.3990372	1.2521717e-10
874	118.495912	-3.903544155e-11
875	114.8079304	1.284621298e-10
876	101.4499145	7.457545692e-11
877	89.42419568	-1.107434144e-10
878	91.16684661	-1.833777574e-10
879	82.4541421	-1.336575295e-10
880	72.83640027	-1.823687867e-10
881	69.07070378	-4.029931944e-10
882	65.414326	-2.636699747e-10
883	80.69710174	7.866773899e-11
884	76.16871323	-1.314583997e-10
885	66.77428322	-6.271330122e-10
886	74.10853431	-4.005240584e-10
887	67.98673434	3.713473973e-11
888	72.35484286	1.248965376e-10
889	80.07410436	1.985700493e-11
890	78.42898519	5.012879001e-12
891	79.10310663	-3.356603884e-11
892	116.3559899	-2.349000994e-10
893	155.1352374	-1.357713941e-10
894	196.4627684	2.609636951e-10
895	209.6423558	2.312239289e-10
896	261.1666326	-3.781632785e-10
897	250.1364484	-5.677023296e-10
898	256.898758	-4.479732141e-10
899	255.7864657	-2.566267199e-10
900	249.8061523	-2.325615256e-10
901	252.2983886	-1.759739021e-10
902	258.3733753	-1.144231376e-10
903	258.8317177	-4.065379144e-10
904	250.6939092	-4.981171031e-10
905	248.1571865	-1.071214228e-10
906	255.780456	1.557554086e-10
907	255.8698149	-4.981171031e-11
908	253.1310381	-5.06972242e-11
909	247.7521938	1.028821472e-10
910	249.8648241	5.578737472e-11
911	253.397376	-3.183107111e-10
912	243.3401488	-3.846833962e-10
913	248.7468063	-3.099387413e-11
914	255.2380405	1.416555762e-11
915	252.9836588	-2.536246768e-10
916	252.527727	-2.960005574e-10
917	254.1720968	-2.952473821e-10
918	252.6074389	-5.443352435e-10
919	251.1076365	-3.966915685e-10
920	254.422125	4.576694579e-11
921	258.6828808	2.381632669e-10
922	249.2408613	-1.944622241e-10
923	258.7135176	-5.431859407e-10
924	221.9701316	-2.85390378e-10
925	164.1083316	6.374722972e-11
926	139.1973475	3.017017747e-10
927	140.8942538	4.736815384e-10
928	139.1807407	2.492175355e-10
929	132.8652129	-4.161240241e-10
930	139.3540939	-5.901199529e-10
931	137.6778905	-1.29413813e-10
932	129.5809072	3.906155399e-10
933	131.0989825	2.230127194e-10
934	130.0997173	-3.187885511e-10
935	128.0556495	-4.615356985e-10
936	121.4130737	-3.713687136e-10
937	107.4926998	-2.715054848e-10
938	88.87758266	4.297096012e-11
939	87.96331437	3.357749634e-10
940	88.84408155	9.311929006e-11
941	85.81683007	-2.802673649e-10
942	89.11156452	-1.748450273e-10
943	87.98315478	2.705577984e-10
944	93.41249147	3.162252682e-10
945	95.17416875	1.397788552e-10
946	95.25809315	2.730917714e-10
947	102.2889202	1.951665496e-10
948	95.98706541	-1.425846108e-10
949	89.14842183	-2.09470663e-10
950	90.82177439	6.7307937e-11
951	91.62003034	1.323119392e-10
952	89.69666106	9.793943434e-11
953	80.07466068	-2.76862977e-11
954	77.9525157	-1.02696518e-10
955	75.79707226	-2.210454042e-10
956	67.03357662	-3.59553276e-10
957	66.5514181	1.407762795e-11
958	75.91938176	4.822133803e-10
959	103.6696997	4.858513591e-10
960	247.8929559	5.292744021e-11
961	259.3618049	-7.309708394e-11
962	249.9714978	9.06110742e-11
963	255.2450706	2.998605808e-10
964	251.4185403	4.242890483e-10
965	253.1927997	5.497868827e-10
966	248.6390645	2.059996618e-10
967	250.4580525	-4.550635424e-10
968	253.7019855	-3.654578862e-10
969	247.9649361	2.226245854e-10
970	253.9001264	4.218065897e-10
971	256.235741	5.949107873e-11
972	253.030974	-2.556390655e-10
973	252.6039423	-2.945874655e-10
974	253.4703806	1.698907681e-11
975	260.7710375	1.984297171e-10
976	256.8782757	4.217195482e-10
977	248.2891071	4.811511189e-10
978	251.552362	1.804929539e-10
979	252.9564424	-4.595701597e-11
980	253.0226231	1.581623721e-10
981	258.0626941	5.105995626e-10
982	253.6689426	3.904192525e-10
983	253.5235639	9.558931424e-11
984	254.3557278	7.827605231e-11
985	250.2654464	1.4350654e-10
986	251.8267249	-7.249223444e-11
987	259.7773796	-4.558309286e-11
988	190.1767307	1.908420089e-10
989	143.5063348	2.497646534e-11
990	143.2204476	-1.318047893e-10
991	134.237137	5.938805003e-11
992	140.8480017	2.361861817e-10
993	143.973463	1.004378802e-10
994	137.1569182	-1.94999572e-11
995	136.8995288	2.279163525e-10
996	135.1875329	5.674145598e-10
997	125.7957927	3.7372061e-10
998	113.9895661	5.437605921e-11
999	99.72079258	1.129034644e-10
1000	84.13047407	2.407603006e-10
1001	99.97664861	2.506777008e-10
1002	110.9209138	1.626236923e-10
1003	118.4690483	1.640056979e-10
1004	124.9899411	-7.714717754e-11
1005	115.2634361	-3.539106785e-10
1006	107.5198815	-1.61820779e-10
1007	106.1248776	3.520472802e-10
1008	109.7106493	2.62382116e-10
1009	97.44030964	-1.896669488e-10
1010	90.37241811	-2.081037564e-10
1011	91.30161886	-4.837552581e-11
1012	87.53560262	1.899422841e-10
1013	83.54701271	3.458655584e-10
1014	85.07614516	4.443769797e-10
1015	97.10824862	1.744062672e-10
1016	98.59146067	-1.807496375e-10
1017	93.87348386	-9.802469947e-11
1018	94.80282818	4.022027156e-10
1019	94.90579772	4.145910282e-10
1020	92.00473882	-4.838085488e-11
1021	95.62336233	-2.569393587e-10
1022	73.90610736	-2.149569411e-10
1023	80.31121071	-8.400746765e-11
1024	245.2577964	-1.041886577e-10
1025	254.51346	-1.627142865e-11
1026	248.0157221	-8.633094239e-11
1027	258.3295175	-3.294644557e-10
1028	252.3392198	-3.488356271e-10
1029	256.4827829	7.329781226e-11
1030	251.7670818	2.480788908e-10
1031	251.6866465	3.585753916e-11
1032	256.0426003	1.039346387e-11
1033	254.9497737	1.336513122e-10
1034	253.7867024	2.125322141e-10
1035	249.605363	-5.109335177e-11
1036	252.1429693	-1.939763905e-10
1037	256.0755264	-6.819433906e-11
1038	249.8899681	-8.345857339e-11
1039	252.4031508	-2.173194957e-10
1040	258.0673857	-9.951683921e-11
1041	250.0203591	-1.792681559e-10
1042	252.4319269	-5.29542632e-10
1043	255.4336271	-4.994600289e-10
1044	252.2967545	-1.011919437e-10
1045	254.6473859	1.85700344e-10
1046	246.2574104	-5.514522172e-11
1047	248.0825353	-3.081481736e-10
1048	253.8605245	-2.329354487e-10
1049	255.0232726	-3.836930773e-11
1050	254.5464633	1.008952921e-10
1051	256.0072395	3.263949111e-10
1052	184.5989618	2.018314404e-10
1053	139.5772498	-3.152944572e-10
1054	143.9237381	-5.89293947e-10
1055	141.1416188	-2.749587225e-10
1056	147.5917799	3.241780178e-10
1057	142.6766285	1.327755683e-10
1058	135.3744269	-4.948219612e-10
1059	134.9723334	-6.329248237e-10
1060	120.5021945	-4.161346823e-10
1061	101.1367315	-3.687326e-10
1062	99.67096871	-1.701270236e-10
1063	118.2063992	1.005382444e-10
1064	123.9301926	-7.34114991e-11
1065	133.2098131	-3.949889305e-10
1066	121.8336197	-2.637232654e-10
1067	109.1593802	2.495070817e-10
1068	100.2699331	1.961879548e-10
1069	82.57181348	-1.170636921e-10
1070	82.52853242	-8.441425337e-11
1071	86.69631866	-2.000177801e-11
1072	85.31264712	-2.167119817e-10
1073	77.23184699	-2.676063815e-10
1074	83.7237362	-1.377280512e-10
1075	84.75780062	-1.045616926e-10
1076	81.66018435	-3.26787486e-10
1077	79.98721838	-4.712088497e-10
1078	75.79921041	-8.735412393e-11
1079	78.89658222	-8.746603442e-11
1080	71.49218344	-4.799947106e-10
1081	72.53687466	-3.781028823e-10
1082	74.91489455	2.314770597e-10
1083	75.43235339	2.20895302e-10
1084	79.11960483	-1.995505983e-10
1085	95.6676647	-1.885336331e-10
1086	86.41114842	1.959854501e-11
1087	95.29057555	8.938627616e-12
1088	252.5429246	-4.52189397e-11
1089	256.5113957	2.963815859e-10
1090	252.7849363	1.308695374e-10
1091	252.504566	-4.039115709e-10
1092	247.307538	-4.463220904e-10
1093	258.857729	-1.952749074e-11
1094	254.2841804	7.161204962e-11
1095	248.6730408	-2.53082888e-10
1096	250.7365076	-4.336229154e-10
1097	251.5942748	-2.965929724e-10
1098	249.6783948	-1.337685518e-10
1099	253.0143519	-1.559090634e-10
1100	257.1370748	1.325162202e-10
1101	257.8701293	2.510560648e-10
1102	255.2043178	-7.235101407e-11
1103	253.3964226	-2.240945207e-10
1104	257.0258824	2.569304769e-10
1105	251.4844713	5.0581761e-10
1106	251.6776102	1.376143643e-10
1107	251.4740857	-2.000675181e-10
1108	248.6523026	-8.369305249e-11
1109	255.0116738	5.705835804e-11
1110	256.882582	-1.410587203e-10
1111	258.8846958	-4.494182804e-12
1112	252.2092434	2.714095615e-11
1113	253.477105	-2.967208701e-10
1114	249.1468589	-4.341611515e-10
1115	255.8439612	-3.232791812e-11
1116	193.520832	3.225668621e-10
1117	136.2381352	2.036291136e-10
1118	136.8753459	-8.028422371e-11
1119	132.7299427	-2.622435602e-11
1120	133.9110475	2.631530549e-10
1121	129.7542936	2.01296757e-10
1122	120.9899146	2.492281936e-10
1123	124.989384	3.995719311e-10
1124	133.1297208	2.534346066e-10
1125	135.0920362	-5.251443724e-11
1126	123.4335317	-6.202860448e-11
1127	121.6114373	1.475619626e-10
1128	107.7184197	9.78257475e-11
1129	101.291828	-1.053823695e-10
1130	95.71434738	6.966871524e-12
1131	97.46312304	1.919850945e-10
1132	110.0742664	-1.474020905e-10
1133	119.6249854	-2.418651945e-10
1134	122.3435074	7.816858272e-11
1135	118.0709396	3.564259998e-10
1136	120.4408107	3.271445337e-10
1137	115.1818282	3.015614425e-10
1138	115.3055975	3.621760669e-10
1139	113.5167331	1.966302676e-10
1140	118.5136702	-5.404565684e-11
1141	113.3151648	1.868407651e-10
1142	104.1028921	7.339089336e-10
1143	117.5506654	4.641727003e-10
1144	110.6581727	-1.181650333e-10
1145	108.4630318	-3.173283858e-10
1146	102.4516244	-6.830447319e-11
1147	93.07110632	1.988826881e-10
1148	88.14918054	2.973230551e-10
1149	88.18879474	3.542108828e-10
1150	73.28776229	6.042810696e-11
1151	87.38554339	-4.094751205e-10
1152	244.9383133	-3.059401621e-10
1153	254.8180617	4.463789338e-10
1154	252.7199998	6.732179259e-10
1155	248.7100606	3.652438352e-10
1156	246.4046287	6.607692171e-11
1157	254.4125403	6.986766721e-11
1158	253.4806238	5.3075766e-11
1159	252.9578507	5.983302742e-11
1160	259.0073391	4.688835986e-10
1161	258.0334756	6.523812601e-10
1162	249.4835844	1.061053467e-10
1163	252.2057102	-3.973124052e-10
1164	252.2883709	-9.095835196e-11
1165	247.0246455	5.282529969e-11
1166	247.6980147	-4.618527782e-11
1167	250.5367651	-5.252687174e-12
1168	252.6636523	2.261231202e-10
1169	251.7144252	1.242472791e-10
1170	254.7109736	-2.4567548e-10
1171	255.113783	-1.6940227e-10
1172	255.6418089	2.77086798e-10
1173	237.3269938	4.685087873e-10
1174	224.1507307	3.40168782e-10
1175	245.7150051	3.47242235e-10
1176	248.3676488	1.42978962e-10
1177	259.6709047	-2.281534961e-10
1178	257.3753915	-2.769695584e-10
1179	252.3251087	2.837339252e-10
1180	187.5736676	6.63307631e-10
1181	133.8198488	1.507629577e-10
1182	136.4781984	-4.856470781e-10
1183	129.8115169	-5.197424713e-10
1184	134.9979036	-3.525038039e-10
1185	136.936378	-1.662616711e-10
1186	134.5985445	3.847073771e-10
1187	139.5548187	4.432383349e-10
1188	133.5814741	-1.49778856e-10
1189	126.3992579	-6.510774142e-10
1190	107.0291597	-2.560422985e-10
1191	104.2907208	4.096740724e-10
1192	106.4646552	5.660183433e-10
1193	116.8525322	3.282742966e-10
1194	124.2275053	6.379607953e-11
1195	121.1942434	-1.683115869e-10
1196	114.1347716	-3.3761971e-10
1197	104.9169676	-9.773692966e-11
1198	94.76720498	2.213145223e-10
1199	104.275623	2.101963048e-10
1200	109.9734881	-3.339692967e-10
1201	95.53777938	-6.860414459e-10
1202	114.0407387	-3.775113555e-10
1203	120.6570359	-1.72398984e-10
1204	115.6633449	-1.853450726e-10
1205	103.2552026	7.765699195e-11
1206	100.4766873	2.802025278e-10
1207	151.2129334	-4.947331433e-11
1208	162.9727793	-3.008864269e-10
1209	159.0996935	-2.193250026e-10
1210	154.4460773	6.931877294e-11
1211	120.8121408	1.597424415e-10
1212	96.71376513	1.915996251e-10
1213	108.9995112	1.69148251e-10
1214	100.6838613	-2.132996002e-10
1215	102.4918305	-6.165183919e-10
1216	250.9727174	-5.239666478e-10
1217	260.1831537	-1.469402378e-11
1218	253.0775906	1.564153251e-10
1219	256.356765	-1.057305354e-10
1220	255.1361861	-5.396838532e-10
1221	247.744855	-5.245635037e-10
1222	250.0709645	-4.24178026e-10
1223	254.1494547	-2.511484354e-10
1224	256.0002056	2.500541996e-10
1225	250.6743957	3.384492686e-10
1226	248.9970216	-2.284483713e-10
1227	256.6890509	-5.918465718e-10
1228	258.1075796	-1.834390417e-10
1229	257.7975576	2.428137691e-10
1230	250.9428713	2.60540034e-10
1231	242.9190522	3.014477556e-12
1232	248.3711786	-1.14837917e-10
1233	257.1543183	-3.642508517e-10
1234	257.3762155	-5.181863827e-10
1235	253.795759	-2.420232903e-10
1236	254.6044813	-5.294609196e-11
1237	211.7204603	-2.313580438e-10
1238	168.852035	-4.132889586e-10
1239	185.144511	-2.701945334e-10
1240	194.4247878	-1.520223947e-10
1241	228.3519376	-2.459064063e-10
1242	253.8360029	-3.273843419e-10
1243	256.8497204	7.397105151e-11
1244	189.3473268	2.659792386e-10
1245	135.4642118	-9.933387446e-12
1246	133.661573	-8.404477114e-11
1247	124.4535464	-2.518873998e-12
1248	137.3743466	-1.261621918e-10
1249	137.4064015	-2.5991298e-10
1250	121.1150945	4.158984268e-11
1251	119.6227504	2.391686849e-10
1252	115.3089057	-1.032454122e-10
1253	120.134027	-6.140616904e-10
1254	122.0000271	-4.508073914e-10
1255	122.8261076	-1.165521013e-10
1256	114.0587424	-1.305249242e-10
1257	114.2892376	-1.087716583e-10
1258	107.946663	-1.724131948e-11
1259	94.65437727	-1.193090071e-10
1260	102.6575199	-3.020481643e-10
1261	130.028752	-6.243361383e-11
1262	145.5733695	3.573639162e-10
1263	168.5894714	3.51404239e-10
1264	171.4356789	-4.12967438e-11
1265	156.4400983	2.638067542e-11
1266	173.3878714	2.36033415e-10
1267	154.3712287	-7.547740211e-12
1268	147.1512034	-2.012949807e-10
1269	148.7852349	-1.032365304e-10
1270	136.0100015	4.872191539e-11
1271	199.5983817	-1.221245327e-10
1272	221.9435846	-1.94944505e-10
1273	210.7907122	-1.828084351e-10
1274	214.5262376	-1.904538749e-10
1275	162.0912915	-3.413695993e-10
1276	109.402853	2.234301633e-11
1277	114.8391673	6.047713441e-10
1278	100.5559909	4.727489511e-10
1279	102.8625376	-8.731149137e-11
1280	249.6432194	-3.25577787e-10
1281	252.1618059	6.216183124e-11
1282	242.3792011	3.544116112e-10
1283	251.3082437	4.125020325e-10
1284	256.7894826	4.234053108e-10
1285	251.7866423	1.746585099e-10
1286	253.0034551	-4.652882524e-10
1287	251.1105974	-4.704965306e-10
1288	253.738718	2.054711956e-10
1289	254.241438	5.061266961e-10
1290	255.1017986	2.029985069e-10
1291	252.8438508	-2.532480892e-10
1292	248.7555528	-2.944737787e-10
1293	251.6089104	-8.321876521e-11
1294	252.436806	1.216839962e-10
1295	260.3889623	3.361932954e-10
1296	261.5669792	5.585718554e-10
1297	234.252613	2.320916792e-10
1298	219.2565067	-1.162483443e-10
1299	233.1471471	5.938360914e-11
1300	250.3109092	3.601350329e-10
1301	223.9785655	3.763567236e-10
1302	168.8133993	2.19884555e-10
1303	158.4645959	4.221689665e-10
1304	161.162079	3.366658063e-10
1305	175.5796587	-2.705782265e-10
1306	203.2976512	-5.152003268e-10
1307	238.1579841	4.323652547e-12
1308	177.473126	3.018421069e-10
1309	124.8296822	2.73388423e-10
1310	134.1515144	2.49254839e-10
1311	130.4722298	7.399947322e-11
1312	138.2044665	-2.654481079e-10
1313	126.1657832	-3.017888162e-10
1314	107.257353	3.168700857e-10
1315	125.304836	9.275531454e-10
1316	133.2671836	6.954223863e-10
1317	123.2842829	-2.188471626e-11
1318	114.034012	-2.543956157e-10
1319	103.0260339	-4.38937775e-11
1320	89.96896408	3.071463084e-10
1321	102.466854	6.528928509e-10
1322	106.5923669	6.164704303e-10
1323	100.2807524	5.092459787e-11
1324	109.6305466	-7.509264321e-10
1325	139.541835	-5.130189606e-10
1326	152.5356227	3.144542404e-10
1327	171.0977029	5.598899122e-10
1328	170.2480786	1.512603376e-10
1329	135.994557	3.472777621e-11
1330	128.4899331	-1.547633133e-10
1331	121.8577469	-2.894786633e-10
1332	136.9382039	8.286349384e-11
1333	137.6414797	6.33956887e-10
1334	119.3772376	7.980922589e-10
1335	189.7020059	2.700737411e-10
1336	215.5300737	-2.047073622e-11
1337	204.6098231	5.400124792e-13
1338	219.4073135	6.58673116e-12
1339	166.9224536	-1.066773336e-10
1340	119.2392605	1.567030949e-10
1341	144.4353283	3.087592404e-10
1342	135.0153312	3.488764833e-12
1343	126.4095766	-4.569784551e-10
1344	257.3547497	-5.089830779e-10
1345	260.4588527	-6.665601404e-11
1346	254.5304364	1.126316818e-10
1347	253.8797711	2.878230987e-10
1348	254.6848567	4.666276254e-10
1349	251.4201639	4.392930464e-11
1350	253.5102465	-5.304130468e-10
1351	252.1179496	-2.769908747e-10
1352	249.29943	5.070575071e-10
1353	249.7955847	7.646967504e-10
1354	252.3160007	3.786162495e-10
1355	222.6095031	-1.656523807e-10
1356	191.1296731	-3.896261092e-10
1357	204.4634082	-4.837552581e-10
1358	215.8036715	-1.133706462e-10
1359	211.3818435	4.491553796e-10
1360	225.8151767	3.517257596e-10
1361	208.5515022	-4.202078685e-10
1362	192.0566324	-7.929976675e-10
1363	230.5396956	-4.859579406e-10
1364	249.1355807	9.128342526e-11
1365	215.2613493	2.039861613e-10
1366	170.7291244	9.899636666e-11
1367	164.7980822	1.125570748e-10
1368	164.7623987	-1.682991524e-10
1369	161.6763614	-4.253841723e-10
1370	168.925604	-6.967226795e-11
1371	192.9808445	3.833058315e-10
1372	146.5619428	2.680309308e-10
1373	125.3093848	-9.702816328e-11
1374	133.5861909	-2.175113423e-10
1375	105.9417261	-2.102957808e-10
1376	113.3204378	-3.3926284e-10
1377	126.3041917	-4.726565805e-10
1378	112.6385911	-6.106049e-11
1379	113.8869315	4.174438573e-11
1380	118.0303246	-2.123847764e-10
1381	111.8886817	-4.401776721e-10
1382	115.8791624	-3.173958874e-10
1383	124.6917436	-2.659881204e-10
1384	117.9372932	-1.906208524e-10
1385	121.141042	1.679083539e-10
1386	125.3603515	3.755289413e-10
1387	116.5295564	-1.627498136e-11
1388	111.6277477	-5.726370489e-10
1389	145.0932491	-2.755733419e-10
1390	159.0489964	2.772573282e-10
1391	167.7601777	2.731752602e-10
1392	168.2423622	-5.611155984e-11
1393	143.7821628	-2.733777649e-10
1394	143.3539289	-3.739337728e-10
1395	151.0355987	-5.405667025e-10
1396	156.4607606	-4.053539726e-10
1397	146.4222769	7.396749879e-12
1398	137.3693841	8.233413951e-11
1399	197.4384154	-4.478444282e-10
1400	214.3406921	-4.824194377e-10
1401	207.6171703	-1.019238027e-10
1402	216.6439659	5.803713066e-11
1403	158.9779834	-9.010037161e-11
1404	117.8311928	3.143085792e-11
1405	139.779872	1.62124536e-10
1406	131.4474254	2.800959464e-11
1407	135.8719997	-8.773071158e-11
1408	254.086596	8.220624181e-11
1409	245.5589811	1.286082352e-12
1410	251.4549513	-4.29768221e-10
1411	256.9174108	-3.483187072e-10
1412	255.3305091	1.119104809e-12
1413	253.7230371	-3.574740504e-11
1414	257.8546983	-3.942872695e-10
1415	255.8984714	-5.287397187e-10
1416	246.7544063	-2.802806875e-10
1417	252.5240705	-1.267252969e-11
1418	264.7036177	1.278976924e-12
1419	218.1240274	1.026734253e-10
1420	174.3585724	8.289546827e-11
1421	187.7639504	-2.642721597e-10
1422	156.6771911	-2.467537286e-10
1423	109.2112865	2.933511212e-10
1424	159.2352256	5.702212036e-10
1425	195.1453542	2.181330672e-10
1426	218.1793167	-2.059294957e-10
1427	256.6332488	-2.085478457e-10
1428	194.5690654	-1.496829327e-10
1429	133.2652993	-1.902513702e-10
1430	157.4640039	3.718625408e-11
1431	176.3918624	1.660289684e-10
1432	154.7852683	-1.822400009e-10
1433	146.5334647	-3.643094715e-10
1434	136.424399	-1.726405685e-10
1435	156.1596429	9.237055565e-13
1436	141.9139924	3.330313803e-11
1437	119.1171582	2.604139127e-11
1438	112.0760877	2.121609555e-10
1439	109.6965631	3.497575563e-10
1440	150.7955644	1.476436751e-10
1441	175.074598	-4.556710564e-11
1442	141.8530175	1.492601598e-10
1443	118.1640177	2.080149386e-10
1444	122.9770643	1.828333041e-10
1445	120.346774	1.632010083e-10
1446	112.6369869	1.183657616e-10
1447	112.547023	-2.330153848e-10
1448	103.0964174	-4.812648058e-10
1449	94.40048711	-1.008615413e-11
1450	89.11321477	5.390923263e-10
1451	79.25550883	3.714610841e-10
1452	96.89610008	-1.643911673e-10
1453	161.0597654	-2.565982982e-10
1454	173.2620811	-2.312567915e-10
1455	169.6711368	1.075264322e-10
1456	166.8391273	5.085070143e-10
1457	154.156594	7.187352935e-10
1458	154.7323992	4.296545342e-10
1459	151.8623305	-1.712159303e-10
1460	149.8591967	-1.912319192e-10
1461	143.4922993	3.199787102e-10
1462	138.135084	6.515534778e-10
1463	192.781653	3.969233831e-10
1464	212.9908384	1.251869719e-10
1465	210.5424269	-1.398099414e-10
1466	217.3790233	-2.883240313e-10
1467	165.685283	-1.936406591e-10
1468	120.8701025	2.444764391e-10
1469	123.2330687	4.60552485e-10
1470	129.7134407	3.92432753e-11
1471	137.8069509	-1.751914169e-10
1472	212.5051156	1.296669438e-10
1473	196.729747	2.72905254e-10
1474	213.4001807	1.736424338e-10
1475	207.5197655	3.906421853e-10
1476	201.9421101	6.694982346e-10
1477	202.104022	5.568985273e-10
1478	199.7844604	5.431033401e-11
1479	202.9184656	-5.146105764e-11
1480	208.0339517	1.828261986e-10
1481	209.1301154	2.611457717e-10
1482	211.598897	2.118589748e-10
1483	191.8453024	3.667253168e-10
1484	178.8999837	1.291482477e-10
1485	192.427552	-4.04629219e-10
1486	183.9555395	-4.301803358e-10
1487	155.8356476	1.019309082e-10
1488	172.0797176	6.593232627e-10
1489	211.4771607	4.067572945e-10
1490	248.602452	3.190692155e-11
1491	200.7413302	-5.943334713e-11
1492	104.5425824	-7.846878702e-11
1493	118.2576607	9.902123566e-11
1494	167.0555097	6.449276668e-10
1495	168.8768844	8.290221842e-10
1496	155.3068417	2.158238033e-10
1497	143.9934776	-3.557829586e-10
1498	95.52172001	-2.685283107e-10
1499	100.7101189	2.796909371e-10
1500	112.8071354	3.305515861e-10
1501	108.1194896	1.056719157e-10
1502	131.8098601	6.572875577e-11
1503	163.6153921	-2.419966449e-10
1504	198.1799158	-4.517701768e-10
1505	195.0746502	-1.415081385e-10
1506	138.9047499	3.515587821e-10
1507	101.5332519	3.393481052e-10
1508	103.2288417	5.689315685e-11
1509	101.4546707	-4.430589229e-11
1510	90.80088788	1.648707837e-10
1511	95.58920579	1.098818814e-10
1512	106.4726204	4.897415806e-11
1513	115.4394986	3.157509809e-10
1514	119.2092695	3.710631802e-10
1515	108.6378544	1.135127548e-10
1516	122.5213977	-2.195399418e-10
1517	175.8206303	-2.626769913e-10
1518	178.4961916	-1.250555215e-10
1519	182.5989355	-5.609379627e-11
1520	173.1610087	8.917311334e-12
1521	147.0576174	1.54134483e-10
1522	142.4944703	-1.358735346e-10
1523	146.1550167	-5.611795473e-10
1524	151.6406042	-3.430997708e-10
1525	143.7792427	1.466311517e-10
1526	135.4332594	2.971205504e-10
1527	197.5033047	1.444036002e-10
1528	218.8525713	5.080380561e-12
1529	208.4620858	-1.645581449e-10
1530	213.992866	-1.403073213e-10
1531	163.3009478	9.547207469e-11
1532	125.5458247	4.63469263e-10
1533	133.7735048	2.126974152e-10
1534	142.050527	-3.422719885e-10
1535	139.3423806	-5.222418054e-10
1536	198.472627	-2.823874468e-10
1537	169.3815711	7.854694672e-11
1538	168.7922909	-5.988809448e-11
1539	177.7518071	-2.980371505e-10
1540	182.4147305	-3.947384641e-10
1541	175.2092429	-3.151399142e-10
1542	180.3927521	-3.25577787e-10
1543	178.9103146	5.655564905e-11
1544	175.0698005	2.533191434e-10
1545	175.7070893	-5.275779813e-11
1546	174.0714501	-1.709672404e-10
1547	178.7501519	2.437516855e-11
1548	184.9294947	2.050768444e-10
1549	182.5911934	-2.673417043e-11
1550	186.6364209	-1.002042893e-10
1551	180.7288882	-1.13608678e-10
1552	199.14195	-1.712088249e-10
1553	234.0845902	-3.259472692e-10
1554	202.0400286	-1.440056963e-10
1555	121.6001185	-8.85655993e-11
1556	152.2853945	-3.974740537e-10
1557	213.3681367	-4.821387734e-10
1558	169.1413178	-2.849631642e-10
1559	149.0247142	-4.388667207e-11
1560	159.5338106	-1.728288623e-10
1561	148.8723067	-3.835864959e-10
1562	98.65760332	-1.009929917e-10
1563	101.9360868	2.645030861e-10
1564	130.3965686	1.100097791e-10
1565	142.791988	-4.904165962e-11
1566	153.1470229	3.339550858e-11
1567	160.7486471	-8.304468224e-11
1568	192.1597963	-2.378470754e-10
1569	196.4017202	-4.330047432e-11
1570	136.4170696	1.087023804e-10
1571	94.83138611	-2.695017542e-10
1572	108.9033037	-6.535394448e-10
1573	124.9880321	-3.889795153e-10
1574	119.8464638	2.374278552e-11
1575	115.5081835	-9.847056504e-11
1576	114.7304357	-2.323226056e-10
1577	111.8490761	-2.276721034e-10
1578	103.3933122	-2.09659845e-10
1579	92.579857	-8.518696859e-11
1580	106.8551057	1.796500726e-10
1581	162.7187589	4.027711498e-10
1582	184.8750857	1.470041866e-10
1583	194.386591	-3.493170198e-10
1584	172.8675889	-3.001296989e-10
1585	146.3585924	2.590496706e-10
1586	141.7675156	2.896918261e-10
1587	144.3688502	-2.139088906e-11
1588	143.5861023	-1.560387375e-10
1589	141.3904114	-2.18854268e-10
1590	148.4853246	-2.741664673e-10
1591	212.6265604	-2.315410086e-10
1592	226.9105976	1.234745639e-10
1593	215.7338962	7.701927984e-11
1594	224.9067254	-3.185576247e-10
1595	172.2120581	-3.450928432e-10
1596	131.2755607	1.128697136e-10
1597	131.8992789	2.456346238e-10
1598	137.1512448	1.009716755e-10
1599	143.8155043	9.125500355e-11
1600	202.9366311	1.856115261e-10
1601	143.0438899	2.797904131e-10
1602	107.7077459	8.320100164e-11
1603	119.7679195	1.036966069e-10
1604	127.9173675	1.992646048e-10
1605	114.1698576	8.075318192e-11
1606	118.3820859	-4.604316928e-11
1607	114.1577145	1.50809143e-10
1608	117.8733176	3.610978183e-11
1609	140.9076112	-2.414211053e-10
1610	146.6699022	-2.842135416e-10
1611	144.7034124	2.765077056e-11
1612	151.2643328	3.366515955e-10
1613	155.4659438	1.468336563e-10
1614	162.0606364	2.219024964e-11
1615	159.7232918	4.862599212e-11
1616	167.3376891	1.510578329e-10
1617	147.5937047	1.704094643e-10
1618	116.4209117	5.221956201e-10
1619	161.8123383	5.416218585e-10
1620	251.9555059	1.323101628e-10
1621	226.5262119	-2.166125057e-10
1622	149.8689654	-3.833378059e-11
1623	153.0403715	4.499334239e-10
1624	126.7793427	2.906155316e-10
1625	89.69412178	-1.898214919e-11
1626	77.85099421	-9.389822253e-11
1627	108.8833524	-8.891376524e-11
1628	122.6267775	-1.375859426e-10
1629	123.5824607	1.150191054e-10
1630	136.18082	2.969002821e-10
1631	148.4038065	1.652153969e-10
1632	188.3309134	-1.62856395e-11
1633	195.7307216	6.281908327e-11
1634	135.8493479	4.818652144e-10
1635	96.70206665	4.648690322e-10
1636	108.2995556	2.869491311e-10
1637	107.4346428	3.233360246e-10
1638	90.838693	3.297664364e-10
1639	87.51010429	1.092388402e-10
1640	87.7307254	8.556355624e-11
1641	87.86868482	2.016520284e-10
1642	91.44016962	2.104059149e-10
1643	101.5570815	-1.00058628e-10
1644	107.6356259	-9.195844086e-11
1645	151.2309308	2.445084135e-10
1646	181.736915	1.001509986e-10
1647	177.5302339	-2.108961894e-10
1648	153.0398571	4.120792596e-11
1649	139.0528407	3.769642376e-10
1650	128.8955223	3.127240689e-10
1651	138.3897089	2.10590656e-10
1652	144.4853703	2.492690498e-10
1653	150.3092291	2.727347237e-10
1654	149.2340086	2.248050635e-10
1655	175.0655342	2.728377524e-10
1656	186.7122014	4.616111937e-10
1657	192.2222604	1.816005124e-10
1658	201.0006016	-1.739941524e-10
1659	163.5225391	-1.01312736e-10
1660	136.4532723	2.638529395e-10
1661	148.2667489	3.033626683e-10
1662	161.7564488	-5.171330031e-11
1663	145.96804	-2.486828521e-10
1664	192.268406	-1.652757931e-10
1665	151.6407414	-8.328981949e-11
1666	121.453858	2.724931392e-12
1667	128.0745705	4.8017057e-10
1668	144.8252457	3.533955351e-10
1669	134.455094	-1.189413013e-10
1670	129.5901987	-1.431459395e-10
1671	126.5624132	3.392308656e-10
1672	120.6905937	5.418101523e-10
1673	136.2686409	2.838262958e-10
1674	147.4977386	1.92983407e-11
1675	137.5754547	-8.526157558e-11
1676	131.3936794	-1.197690835e-10
1677	132.2766659	-1.141913231e-10
1678	140.4808359	2.042561675e-10
1679	130.9264608	1.815081418e-10
1680	112.3098985	-1.950795081e-10
1681	110.3657359	-5.397815528e-10
1682	179.6877663	-3.166142903e-10
1683	247.1123045	9.955414271e-11
1684	220.9862097	1.361115665e-10
1685	163.2886487	-4.87752061e-11
1686	161.1727446	4.86473084e-11
1687	156.8107588	1.030038277e-10
1688	81.28360501	-1.553281948e-10
1689	32.91082526	-1.280753281e-11
1690	38.87146232	2.595328397e-10
1691	96.76079779	2.187725556e-10
1692	107.7910348	-1.166000629e-11
1693	98.31352716	1.944400196e-11
1694	119.2364654	-3.204547738e-11
1695	147.2566412	-2.911164643e-10
1696	198.1522339	-5.000337922e-10
1697	200.8831349	-1.507665104e-10
1698	131.9870855	1.131823524e-10
1699	86.28229408	-1.957580764e-10
1700	98.81531613	-4.922888763e-10
1701	104.8643971	-4.48988402e-10
1702	97.61285536	-1.771276459e-10
1703	98.93495495	-2.998490345e-12
1704	104.0232579	2.008064826e-10
1705	111.5295082	3.606714927e-10
1706	104.2433005	5.0203397e-11
1707	105.4552491	-5.476223919e-10
1708	94.95001041	-4.068674286e-10
1709	97.64408178	3.375326685e-10
1710	103.4503753	4.565912093e-10
1711	116.5760893	2.781419539e-11
1712	125.9540743	-4.555325006e-10
1713	121.4766572	-6.365290517e-10
1714	102.8784425	-5.691767058e-10
1715	116.4813382	-2.629505502e-10
1716	128.2300003	2.150351008e-10
1717	127.5551292	1.594138155e-10
1718	97.02458211	-4.704929779e-10
1719	79.77829504	-6.544809139e-10
1720	78.04228185	-1.918429859e-10
1721	78.57903549	1.631335067e-10
1722	87.73960775	1.844284725e-10
1723	93.26097545	1.194599974e-10
1724	94.47774908	5.412914561e-11
1725	104.7766122	-1.972502162e-10
1726	112.8315382	-3.959357286e-10
1727	106.8178121	-3.045386165e-11
1728	186.5288244	2.904165797e-10
1729	177.9069637	2.625100137e-11
1730	166.0661164	-2.889954942e-10
1731	174.5752159	-2.26783925e-10
1732	188.1101421	-3.195665954e-10
1733	184.0295891	-4.594831182e-10
1734	184.4906565	-4.279883115e-10
1735	189.0647244	-4.253308816e-11
1736	178.7214745	1.230802127e-10
1737	177.3936424	-1.885211987e-10
1738	179.5212212	-3.343707533e-10
1739	182.3062049	-2.251283604e-10
1740	183.2946588	-9.999823192e-11
1741	165.1190824	6.033928912e-11
1742	165.525746	4.703792911e-10
1743	177.898468	3.212576871e-10
1744	185.8604148	-1.935198668e-10
1745	204.6895819	-6.221760884e-10
1746	237.0712	-2.530811116e-10
1747	178.9232005	2.231779206e-10
1748	93.79064051	1.721396359e-10
1749	113.8516882	9.297451697e-12
1750	160.9843725	-2.882458716e-10
1751	132.9999584	-6.093259231e-10
1752	70.767281	-5.279829907e-10
1753	40.91538652	5.107381185e-11
1754	33.89742508	3.640892032e-10
1755	93.1251603	1.562661112e-10
1756	104.9347379	-2.788524966e-10
1757	67.21732114	-2.861000326e-10
1758	62.20659714	7.201705898e-11
1759	100.7316596	2.1809754e-10
1760	164.743657	2.776019414e-10
1761	161.1627983	3.417071071e-10
1762	114.9732384	1.984759024e-10
1763	98.16438645	-1.317914666e-10
1764	107.7204016	-1.367830293e-10
1765	107.7011894	1.11263887e-10
1766	99.36628101	1.804032479e-10
1767	88.35491636	-1.42271972e-10
1768	79.00788685	-1.64035896e-10
1769	80.14494527	-2.348343742e-12
1770	65.49280445	-1.811173433e-10
1771	72.34381583	-3.592539599e-10
1772	71.88220378	-8.663292306e-11
1773	76.04288843	2.246309805e-10
1774	95.9800126	3.407016891e-10
1775	123.2240063	3.308571195e-10
1776	114.0327235	1.630233726e-10
1777	108.5405334	9.681144775e-11
1778	112.7385007	-3.247890845e-11
1779	121.8723047	1.991686815e-10
1780	126.5593233	5.984368556e-10
1781	119.2957486	5.169873418e-10
1782	94.11979994	-6.188827228e-11
1783	96.66364095	-3.530296055e-10
1784	98.93704464	-2.666666887e-11
1785	94.8130725	1.856435006e-10
1786	97.82724388	1.238724678e-10
1787	99.0819776	5.108091727e-11
1788	86.68226642	1.572715291e-10
1789	80.59506653	-1.689350881e-10
1790	77.50105734	-1.904609803e-10
1791	87.8175552	3.785771696e-10
1792	179.7530945	5.709175355e-10
1793	146.2860624	2.69231748e-10
1794	108.3748807	6.64890365e-11
1795	106.54073	2.686846301e-10
1796	114.8883967	4.232454387e-10
1797	114.8643576	3.426521289e-10
1798	129.6339155	1.738769129e-10
1799	143.9029456	2.682085665e-10
1800	138.5524907	2.30517827e-10
1801	150.2601167	5.122657853e-11
1802	152.4792011	1.500914948e-10
1803	146.4854426	1.194102595e-10
1804	149.8662468	-2.028919255e-10
1805	144.8681224	-3.484608158e-10
1806	140.5848304	1.400266569e-10
1807	144.5161506	5.773408418e-10
1808	159.4931267	3.553779493e-10
1809	149.6697857	-8.699529985e-11
1810	123.0870682	5.029576755e-11
1811	95.03270856	1.840412267e-10
1812	129.9595145	2.366746799e-10
1813	172.3360285	5.403606451e-10
1814	161.236766	6.135003616e-10
1815	128.2671237	2.026787627e-10
1816	79.6287053	-2.59255728e-10
1817	54.26988142	-4.771649742e-11
1818	46.29296013	3.616662525e-10
1819	78.15455551	4.315268143e-10
1820	83.91059665	2.478373062e-11
1821	77.72529997	-6.696865285e-11
1822	74.14205671	-1.262883131e-10
1823	67.59115156	-1.379305559e-10
1824	82.26193162	-1.413980044e-11
1825	72.24848382	2.148006217e-10
1826	81.75599945	3.100772972e-10
1827	93.35389353	3.764455414e-11
1828	83.51303179	-2.421174372e-11
1829	79.93113572	1.723421406e-10
1830	82.36887322	2.337401384e-10
1831	92.17086678	-1.318412046e-11
1832	103.6663549	2.737579052e-10
1833	127.5360382	5.714717588e-10
1834	138.2770424	3.293649797e-10
1835	148.5645672	-7.196732099e-11
1836	147.4704606	-3.541273941e-10
1837	161.473074	-2.395132981e-10
1838	167.5589005	-8.116174399e-11
1839	164.3426815	1.725410925e-10
1840	118.4684692	2.388880205e-10
1841	102.2663664	-9.542944213e-11
1842	119.678398	-7.076721431e-10
1843	115.3407764	-5.253255608e-10
1844	124.2207329	2.287094958e-10
1845	130.8797757	6.377334216e-10
1846	115.1785074	4.392184394e-10
1847	142.8472156	-7.932854373e-11
1848	152.5928698	-3.030855567e-10
1849	128.5651666	-2.48149945e-10
1850	118.5419844	6.111733342e-11
1851	125.645091	5.685940607e-10
1852	105.2364154	5.940101744e-10
1853	94.67660473	-1.623305934e-10
1854	93.59789355	-7.193357021e-10
1855	102.0814028	-5.251443724e-10
1856	179.3916085	-4.56843452e-11
1857	135.7858208	2.064446392e-10
1858	100.4741412	6.232880878e-11
1859	93.23456389	-7.712230854e-11
1860	91.32727112	-3.786766456e-10
1861	100.0685762	-5.614388954e-10
1862	118.6854275	-2.402167354e-10
1863	113.5885781	3.593285669e-10
1864	110.5502952	3.20540039e-10
1865	111.2139029	1.155591178e-10
1866	72.89234492	8.211031854e-11
1867	79.05577849	-4.022382427e-11
1868	93.51570625	-2.93240987e-10
1869	70.43110795	-2.612026151e-10
1870	64.60519286	2.938165267e-10
1871	58.41339653	4.420357413e-10
1872	60.47190226	-1.222808521e-10
1873	64.47790254	-6.250431284e-10
1874	73.1376523	-5.813447501e-10
1875	128.2519702	-4.568505574e-10
1876	237.0800538	-2.079083572e-10
1877	223.6817164	1.742428424e-10
1878	147.1343649	2.748912209e-10
1879	122.7194598	-2.16459739e-10
1880	69.6357969	-8.616538594e-10
1881	43.04786701	-4.764793005e-10
1882	45.83360219	3.560032269e-10
1883	58.10387876	5.361542321e-10
1884	54.51243282	2.001669941e-10
1885	82.33869577	-4.640554607e-11
1886	88.12457757	-4.342695092e-10
1887	64.45924242	-5.771205736e-10
1888	104.0815093	-9.950440472e-11
1889	113.5428458	5.358735677e-10
1890	108.3321782	3.047553321e-10
1891	108.3767398	-5.66270586e-10
1892	115.2515449	-7.354579168e-10
1893	107.2296853	-4.642615181e-10
1894	85.62574007	-2.677857935e-10
1895	122.9921588	-2.001172561e-10
1896	137.4749491	1.066808863e-10
1897	112.8583571	5.536193726e-11
1898	94.63579845	-3.301323659e-10
1899	93.87342952	-5.315001772e-10
1900	82.9920533	-1.789786097e-10
1901	78.13720646	2.794955378e-10
1902	65.21994233	1.494768753e-10
1903	96.43840675	1.391029514e-10
1904	93.24929394	2.411404409e-10
1905	81.46837773	-7.644374023e-11
1906	99.78736764	-5.633751243e-10
1907	93.68029833	-3.64799746e-10
1908	112.4474114	1.737241462e-10
1909	110.7021699	1.422364448e-10
1910	94.39332798	-2.43062459e-10
1911	174.8848624	-4.528502018e-10
1912	209.4413977	-4.401350395e-10
1913	156.4105965	-5.304023887e-10
1914	143.5047715	-8.08526579e-11
1915	161.0092465	4.989288982e-10
1916	103.5059675	4.321414337e-10
1917	74.08209231	-1.616875522e-10
1918	82.93998192	-4.149320887e-10
1919	91.64632458	-1.220179513e-10
1920	169.8151314	3.493312306e-10
1921	161.8725711	4.74301487e-10
1922	167.701295	2.98626901e-10
1923	173.7957404	8.775202787e-11
1924	175.3779478	-3.622169231e-10
1925	179.2777968	-5.284483962e-10
1926	172.0590858	-5.925215874e-11
1927	160.5142954	3.376641189e-10
1928	168.5606754	2.523137255e-11
1929	120.5659418	-3.012239347e-10
1930	34.05537315	-1.795363858e-10
1931	61.50790216	4.5996984e-11
1932	64.88547936	-7.125322554e-11
1933	43.31468618	1.375255465e-11
1934	122.2421737	3.577618202e-10
1935	149.2782862	3.21371374e-10
1936	107.5694638	1.468158928e-10
1937	100.0406838	1.382929327e-10
1938	107.7673617	2.767812646e-10
1939	130.5435984	1.776001568e-10
1940	215.048282	9.71631664e-11
1941	202.2977857	1.769997482e-10
1942	148.2298454	3.477040877e-10
1943	130.4928676	-1.520561455e-12
1944	73.25332245	-3.517364178e-10
1945	48.39555479	-1.61541891e-10
1946	54.90689385	6.077982562e-11
1947	78.65150744	1.679758554e-10
1948	63.89712006	2.144453504e-10
1949	79.26598245	2.706670443e-10
1950	85.98198984	-2.009059585e-11
1951	81.81257397	-2.684643619e-10
1952	156.9612773	6.545874953e-11
1953	138.0124191	6.456062351e-10
1954	95.64822998	6.029452493e-10
1955	103.7628773	9.05657771e-11
1956	117.3845966	1.440483288e-10
1957	98.55456629	1.963478269e-10
1958	73.75515565	1.40335743e-10
1959	110.3066375	8.178346889e-11
1960	73.69143125	2.718678616e-10
1961	3.955378746	2.929034792e-10
1962	-8.490351494	-4.587974445e-11
1963	5.525301113	-1.319122589e-10
1964	3.352997967	1.608633227e-10
1965	3.965629801	1.338555933e-10
1966	-2.9249111	-1.355004997e-10
1967	65.29382964	5.941203085e-11
1968	98.34605373	3.714433205e-10
1969	81.39213839	2.763442808e-10
1970	106.7639212	3.744204946e-11
1971	119.5727834	1.111040149e-10
1972	119.17107	3.136477744e-10
1973	67.42402162	3.16966009e-10
1974	55.64473978	4.247482366e-10
1975	181.0384191	6.32368824e-10
1976	227.3021881	3.07796455e-10
1977	171.6929287	-3.405560278e-10
1978	158.9684811	-3.157722972e-10
1979	173.7076951	2.036770752e-10
1980	111.188292	4.870450709e-10
1981	85.80347045	1.87263538e-10
1982	86.03413338	-1.22270194e-10
1983	86.42238863	-1.851923059e-10
1984	164.9557614	-2.791935572e-10
1985	128.2390263	-1.19825927e-10
1986	81.33175024	4.989502145e-10
1987	96.3791295	7.630838184e-10
1988	122.4718023	1.322035814e-10
1989	103.8181154	-1.796607307e-10
1990	112.3565898	3.435118856e-11
1991	138.2733438	3.630802325e-10
1992	128.9493342	3.65606212e-10
1993	85.42764367	4.052829183e-10
1994	24.60663621	3.806235327e-10
1995	30.66330247	5.571365591e-11
1996	29.1613007	-3.690630024e-10
1997	32.71671531	-2.47268872e-10
1998	114.1580442	1.242455028e-10
1999	140.2203203	1.7154278e-10
2000	96.80538843	2.082600759e-11
2001	86.47099271	-9.055867167e-11
2002	96.01308443	-1.255386906e-10
2003	80.6578975	-2.672067012e-10
2004	110.4916757	-2.56537902e-10
2005	123.4468555	2.965556689e-10
2006	141.7062055	6.568825484e-10
2007	136.1176997	2.641868946e-10
2008	64.46036381	-8.219913639e-11
2009	35.96391216	-7.485922993e-11
2010	44.45789215	-1.046345233e-10
2011	81.47196359	7.959499726e-11
2012	62.75889918	3.783959812e-10
2013	77.81693452	4.387530339e-10
2014	97.12166213	-1.973319286e-10
2015	97.15292038	-8.451017663e-10
2016	174.2227248	-6.555147536e-10
2017	149.8705259	9.311662552e-12
2018	126.1527152	3.284412742e-10
2019	141.5443551	1.408437811e-10
2020	130.4690156	-2.087539031e-10
2021	104.5546555	-4.39037251e-10
2022	82.34329689	-4.2052406e-10
2023	115.6540403	-2.03915107e-10
2024	85.71900628	3.779874191e-10
2025	33.94646362	5.937117464e-10
2026	16.34762107	-1.95043981e-11
2027	15.65795871	-4.013749333e-10
2028	17.46546448	-2.008846423e-10
2029	26.7469503	-1.866595767e-11
2030	9.421332866	2.331290716e-11
2031	66.38961887	1.417213014e-10
2032	105.302199	1.437072683e-11
2033	99.42489603	-3.42861739e-10
2034	130.9788137	-6.83861856e-10
2035	115.4929483	-3.894058409e-10
2036	89.47180934	-6.192735214e-11
2037	46.97375598	-1.435900288e-10
2038	58.24901584	-1.237658864e-10
2039	185.4718194	-3.419486916e-11
2040	214.6735472	-1.835118724e-10
2041	153.4952108	-4.340385829e-10
2042	134.9879431	-3.125180115e-10
2043	153.0096002	2.383124809e-10
2044	105.3082275	5.821974014e-10
2045	86.67890476	1.460946919e-10
2046	88.21998597	-2.543778521e-10
2047	97.61020537	-3.489901701e-10
2048	170.5176472	-4.622080496e-10
2049	100.2352448	-2.547828615e-10
2050	16.94879025	2.447784198e-10
2051	48.40571244	2.614655159e-10
2052	77.27958096	-4.110987106e-10
2053	30.72662585	-7.953424586e-10
2054	58.34656278	-5.230944566e-10
2055	92.91136809	1.075051159e-11
2056	57.62128903	8.762057746e-11
2057	50.91815344	1.101128078e-10
2058	26.10012575	-1.000444172e-11
2059	16.55187716	-3.537294901e-10
2060	35.61025588	-3.351132705e-10
2061	29.6719046	1.861302223e-10
2062	43.5680544	5.922977664e-10
2063	70.28319736	2.585025527e-10
2064	73.53955472	-2.583355752e-10
2065	75.39304186	-3.778914959e-10
2066	87.10008331	-1.043574116e-10
2067	67.71489249	-1.840732011e-10
2068	92.90423919	-1.722852971e-10
2069	123.6974472	-1.785949166e-11
2070	145.878938	-1.986819598e-10
2071	139.0008832	-4.374065554e-10
2072	81.35562013	-3.52763152e-10
2073	49.13948015	-6.028955113e-11
2074	55.21492546	-5.375966339e-11
2075	106.8129208	-1.586784037e-10
2076	83.91381699	6.217604209e-11
2077	78.81894105	4.358398087e-10
2078	101.3249534	1.471427424e-10
2079	111.3816325	-2.084483697e-10
2080	178.5684439	-7.14237558e-11
2081	150.566293	1.714077769e-10
2082	155.5201671	1.266506899e-10
2083	193.0750689	-8.089529047e-12
2084	165.9652781	-6.598455116e-11
2085	106.086511	-2.350795114e-10
2086	60.4862532	-4.408526877e-10
2087	106.6556477	-2.428848234e-10
2088	104.7689685	2.860680581e-10
2089	40.05919858	1.420552564e-10
2090	9.127691937	-3.215809841e-10
2091	38.65253062	-3.523865644e-10
2092	42.56564059	-1.619682166e-11
2093	38.95826756	1.841975461e-10
2094	32.93525813	2.340634353e-10
2095	78.2500954	2.874287475e-10
2096	94.72291162	1.972857433e-10
2097	85.68563884	-8.000000662e-11
2098	103.9734677	-6.320632906e-11
2099	64.90971114	5.032205763e-10
2100	52.14709883	5.483045129e-10
2101	24.66408381	-2.134470378e-11
2102	42.72221819	-3.17115223e-10
2103	188.6960651	-7.574385563e-12
2104	222.1788752	2.232276586e-10
2105	180.9712689	2.12452278e-12
2106	189.834757	-1.320330512e-10
2107	190.1172024	-3.379696523e-11
2108	111.2333851	-6.344080816e-11
2109	83.58595318	-8.776979143e-11
2110	90.79649481	3.918181335e-10
2111	86.58616373	5.194635833e-10
2112	124.041127	9.322675965e-11
2113	91.75960974	-7.339195918e-11
2114	64.25505696	2.428315327e-10
2115	82.10469047	5.886953147e-10
2116	90.60345961	3.714433205e-10
2117	60.62744713	1.803286409e-10
2118	71.16472975	1.728643895e-10
2119	74.857595	1.441549102e-10
2120	55.99977633	-9.256240219e-11
2121	76.00277132	1.44591894e-10
2122	61.06898928	3.822115957e-10
2123	53.23024931	1.164224273e-10
2124	71.29654326	-2.670468291e-10
2125	57.5403963	-5.154632277e-11
2126	54.17878846	3.744808907e-10
2127	80.63683427	1.599076427e-10
2128	101.6735168	-6.243183748e-11
2129	89.34814663	2.42454945e-10
2130	86.15403327	4.885514215e-10
2131	85.52006618	2.216893336e-10
2132	124.4683145	2.544773281e-10
2133	133.8357572	4.160654044e-10
2134	102.2065768	2.802984511e-10
2135	98.99654218	1.67361236e-10
2136	98.92393538	3.15402815e-10
2137	89.6315151	4.537916709e-10
2138	86.19670567	-1.857358711e-11
2139	124.7996192	-3.892495215e-10
2140	105.8681258	-1.927134008e-10
2141	101.058111	3.03366221e-10
2142	134.099326	1.658655435e-10
2143	150.4721633	-4.170885859e-12
2144	185.7884672	-1.089865975e-10
2145	158.2159669	-1.163158458e-10
2146	183.7012712	-9.669065548e-11
2147	183.2957784	2.868034699e-10
2148	127.9847077	8.051657119e-10
2149	104.7320797	5.053486518e-10
2150	72.16350303	-1.731415011e-10
2151	106.5424415	-1.604973932e-10
2152	110.9700243	3.128128867e-10
2153	30.70107617	3.440128182e-10
2154	25.79089946	2.628866014e-10
2155	121.7176878	1.634354874e-10
2156	100.4737342	-7.792166912e-11
2157	38.68842257	-3.392202075e-10
2158	29.62285025	-1.569802066e-10
2159	65.8452866	2.903703944e-10
2160	74.32486803	2.531201915e-10
2161	85.60879513	-1.877467071e-10
2162	118.5366026	-3.027196271e-10
2163	83.02127148	5.972822237e-11
2164	71.56201515	1.443538622e-10
2165	33.93373444	1.581064168e-10
2166	38.20661966	1.973496921e-10
2167	181.0630154	3.211333421e-10
2168	211.3426631	2.044906466e-10
2169	169.834411	-7.380052125e-11
2170	186.2619757	5.148592663e-11
2171	182.2890288	8.865441714e-11
2172	107.7347014	-1.335926925e-10
2173	90.91035428	-7.95026267e-11
2174	99.28491042	2.527755782e-10
2175	90.35277119	4.308375878e-11
2176	115.6035738	-4.157278966e-10
2177	119.3562242	-4.410267707e-10
2178	117.2361496	-1.144364603e-10
2179	110.0737043	1.017070872e-10
2180	119.24734	-8.714451383e-11
2181	116.7052194	1.531219596e-12
2182	111.9041894	-1.249134129e-11
2183	110.2545686	-2.050839498e-10
2184	105.269984	-1.294715446e-10
2185	105.198913	3.909192969e-10
2186	89.46873569	5.275708759e-10
2187	87.59530176	1.531574867e-11
2188	93.51236573	-4.647162655e-10
2189	92.09275953	-2.453752757e-10
2190	76.76114352	1.725766197e-10
2191	57.80998897	8.371259241e-11
2192	67.58599878	-4.986233648e-11
2193	47.7269011	-1.697699759e-10
2194	54.29272355	-4.827214184e-10
2195	73.09505522	-5.87885296e-10
2196	73.50184058	-1.598507993e-10
2197	66.86054779	1.672191274e-10
2198	66.19110969	-7.742073649e-11
2199	80.44043753	-4.505871232e-10
2200	84.6276671	-2.680771161e-10
2201	82.16617093	1.401829763e-10
2202	65.64511879	8.307310395e-11
2203	74.28006311	2.9270808e-11
2204	74.39080311	1.223021684e-10
2205	95.81747387	1.957900508e-11
2206	128.4403941	-3.132250015e-10
2207	144.4710087	-2.286206779e-10
2208	181.9281833	2.579980674e-11
2209	169.418663	-9.478640095e-11
2210	188.6242762	-5.422506888e-10
2211	162.6125312	-4.606910409e-10
2212	113.1550512	-1.487450163e-10
2213	110.5835528	-3.020623751e-10
2214	75.42775201	-4.522213715e-10
2215	104.8243367	-2.790905285e-10
2216	110.027701	-3.344524657e-11
2217	26.85247697	-3.721112307e-11
2218	20.26205525	-7.619505027e-11
2219	97.4461779	-1.970335006e-11
2220	66.13807977	7.425171589e-12
2221	16.30822684	-1.486384349e-10
2222	24.52986792	-4.271427656e-11
2223	66.37989685	3.209628119e-10
2224	74.53028946	6.857092671e-11
2225	88.64251723	-4.055173974e-10
2226	117.0242328	-4.987086299e-10
2227	78.93328187	-1.241673431e-10
2228	69.87706685	-4.266809128e-11
2229	42.787647	-1.295106244e-10
2230	47.38425236	-2.048317072e-10
2231	188.1484571	-3.625828526e-10
2232	222.7549926	-5.963016747e-10
2233	163.2112308	-3.028972628e-10
2234	174.4586281	2.923492559e-10
2235	177.3826827	2.898765672e-10
2236	104.9974305	-9.930900546e-11
2237	86.56921802	-3.114557501e-10
2238	87.03667617	-1.310027642e-10
2239	87.21767756	2.28197905e-10
2240	119.5197028	3.10873105e-10
2241	124.7799859	2.002984445e-10
2242	116.4129543	1.261568627e-11
2243	111.2269866	-3.129123627e-10
2244	119.9028317	-4.98186381e-10
2245	120.8424954	-7.354117315e-11
2246	122.7342291	1.645616976e-10
2247	123.8513552	3.869260468e-11
2248	114.5117564	-3.593321196e-10
2249	116.7424204	-3.099813739e-10
2250	121.6641541	-1.261639682e-10
2251	113.3498932	-5.748646004e-11
2252	109.258436	9.715961369e-11
2253	119.800036	3.435367546e-10
2254	95.51302352	2.098801133e-10
2255	58.97778616	-2.273026212e-11
2256	76.67650059	5.653078006e-11
2257	68.89756629	9.966072412e-11
2258	87.61369682	1.743813982e-10
2259	125.0538695	2.212914296e-10
2260	128.6733612	2.405293742e-10
2261	138.2754363	2.310081015e-10
2262	152.4671641	-1.118003468e-10
2263	145.9644363	-3.598650267e-10
2264	125.4929219	-8.678568975e-11
2265	116.0725472	2.554934042e-10
2266	99.78382554	1.184830012e-10
2267	96.13826471	-7.223732723e-11
2268	89.82564563	-1.99833039e-10
2269	104.8875077	-2.059863391e-10
2270	117.4494554	-1.959428175e-10
2271	124.8786914	2.081250727e-10
2272	170.9497827	7.384599598e-10
2273	151.1093186	5.566107575e-10
2274	163.9947811	-1.146851503e-10
2275	186.7881008	-2.077769068e-10
2276	154.3080143	1.229558677e-10
2277	107.2586902	3.758273692e-10
2278	68.80988838	4.888001115e-10
2279	102.0267043	3.25428573e-10
2280	85.22460202	-2.179945113e-11
2281	25.69584503	-3.739657473e-10
2282	19.9062122	-2.632454255e-10
2283	42.71704682	2.466471472e-10
2284	29.56684977	3.958255945e-10
2285	10.88754133	3.597833143e-11
2286	21.09314814	-1.251514448e-10
2287	79.14452736	6.460609825e-11
2288	88.63321941	1.528341897e-10
2289	83.51143447	2.129318943e-10
2290	100.5958042	4.043698709e-10
2291	76.86915835	6.409486275e-10
2292	66.06009368	3.097753165e-10
2293	41.54752149	-3.663913617e-11
2294	57.5739114	1.788365012e-10
2295	182.3797456	3.159570383e-10
2296	215.022705	1.297948415e-10
2297	158.0152727	9.053380268e-11
2298	154.8832244	3.018065797e-10
2299	159.6240013	1.626432322e-10
2300	111.9371731	-1.913917913e-10
2301	100.3805572	-3.435758344e-10
2302	101.2827838	6.495071148e-11
2303	103.3275059	2.582414282e-10
2304	117.389478	1.585238607e-10
2305	130.6323307	2.479652039e-10
2306	136.7364196	2.48547849e-10
2307	132.6749292	-2.885158779e-11
2308	127.7399244	1.271516226e-11
2309	123.8661475	4.750031479e-10
2310	128.5530203	7.403464508e-10
2311	131.9785538	3.773461543e-10
2312	130.8548489	-1.274855777e-10
2313	132.6115868	-4.495781525e-11
2314	134.905885	1.688142959e-10
2315	131.39151	1.620232837e-10
2316	128.523661	1.715374509e-10
2317	128.4490645	1.470841227e-10
2318	130.9827413	-1.747881839e-10
2319	124.921936	-3.772075985e-10
2320	126.1955658	-7.804956681e-11
2321	115.2175013	3.1243097e-10
2322	112.5295091	3.213145305e-10
2323	116.3362464	-1.316031728e-10
2324	124.6043615	3.554490036e-12
2325	129.9330513	2.493223406e-10
2326	129.2039751	1.607709521e-10
2327	139.721129	2.638600449e-11
2328	146.479528	1.844853159e-10
2329	147.4930854	2.182876102e-10
2330	146.4362536	2.656541653e-11
2331	153.3375547	8.287592834e-11
2332	142.1859412	1.605027222e-10
2333	147.8742657	2.781419539e-11
2334	152.8448705	-4.351701222e-10
2335	139.6402833	-3.540545634e-10
2336	166.5290261	2.314948233e-11
2337	156.0154026	7.428546667e-11
2338	156.9684365	-1.372235658e-10
2339	166.4071139	-3.209059685e-10
2340	153.4410086	-1.960316354e-10
2341	138.8847922	-9.013589874e-11
2342	130.8107105	7.007194824e-11
2343	151.621825	2.976658919e-10
2344	120.9227181	3.285158812e-10
2345	102.6020821	-1.720223963e-10
2346	103.6220236	-2.315623249e-10
2347	82.98849544	2.34798847e-10
2348	95.72451288	2.462119397e-10
2349	109.8854955	-7.434408644e-11
2350	89.98249079	-1.772662017e-10
2351	111.7073027	-1.283844142e-10
2352	125.6556115	-3.027036399e-10
2353	134.9604992	-4.533600162e-10
2354	147.624784	-2.758504536e-10
2355	137.2422806	-4.939693099e-11
2356	140.8961555	-2.911928476e-10
2357	136.1623858	-3.016253913e-10
2358	133.4260523	-9.649170352e-12
2359	176.6266018	1.378275272e-11
2360	195.567988	-2.24723351e-10
2361	179.8808719	-3.052580411e-10
2362	170.495477	8.052936096e-11
2363	182.6984237	3.005844462e-10
2364	181.5740549	1.052935517e-10
2365	179.558131	-1.537472372e-10
2366	180.9973844	-1.60232716e-10
2367	161.9651082	-3.668692017e-10
2368	110.202943	-2.844604552e-10
2369	104.8704316	2.05298889e-10
2370	117.0230967	1.853059928e-10
2371	122.4399201	-5.179696672e-10
2372	127.0914096	-9.318767979e-10
2373	120.0782465	-4.665654529e-10
2374	115.8726681	-2.560263113e-11
2375	120.1027729	3.203837196e-11
2376	123.9426664	5.11786169e-11
2377	116.7906534	1.111217784e-10
2378	117.3599743	-3.109406066e-10
2379	124.2933098	-3.782645308e-10
2380	125.5309534	9.137934853e-11
2381	114.2540324	4.797442443e-10
2382	118.8943051	2.40085285e-10
2383	120.6112149	-2.470006422e-10
2384	115.4275747	-3.644178292e-10
2385	121.1416737	-2.022613188e-10
2386	129.899517	-2.626983076e-10
2387	131.0474614	-2.426343571e-10
2388	130.0331266	1.158095841e-10
2389	117.7896176	1.062616661e-11
2390	118.1369424	-4.908748963e-10
2391	127.8149677	-5.653557622e-10
2392	119.4356585	-2.749480643e-10
2393	111.7611834	-1.193889432e-10
2394	112.5429752	-6.212452774e-11
2395	126.2580179	2.554241263e-10
2396	128.2541447	2.885958139e-10
2397	130.0100347	-2.315392322e-10
2398	140.0999912	-6.460805224e-10
2399	139.8942525	-1.582538545e-10
2400	157.3929452	2.882085681e-10
2401	165.0698467	4.492033412e-10
2402	166.3123312	2.093702989e-10
2403	157.401083	-1.926228066e-10
2404	167.2013166	-5.989573282e-10
2405	185.3590216	-6.554028431e-10
2406	183.8349842	-9.219291996e-11
2407	189.3559086	4.821085753e-10
2408	176.5363497	2.561684198e-10
2409	191.9199916	-5.92519811e-10
2410	192.0724378	-7.667093627e-10
2411	161.6908957	-3.238262991e-10
2412	196.8199237	2.005791089e-10
2413	241.5216936	4.551150568e-10
2414	229.1442634	4.130242814e-10
2415	237.6312885	1.543742911e-10
2416	238.2559663	-3.989484298e-10
2417	217.9797994	-3.824034422e-10
2418	209.5214246	2.398135024e-10
2419	216.8480805	6.061835478e-10
2420	229.5469041	2.611812988e-10
2421	241.7380369	-9.721290439e-11
2422	233.7585539	-3.236984014e-10
2423	214.8849468	-3.741345012e-10
2424	218.086851	-3.453912711e-10
2425	237.9703986	-7.743139463e-11
2426	215.5022934	2.976765501e-10
2427	198.1669824	1.950954953e-10
2428	204.2243915	-1.889599588e-10
2429	198.6923407	-1.890274604e-10
2430	201.9137029	-9.256950761e-11
2431	191.0451083	6.554756737e-13
2432	116.3215792	3.573799034e-10
2433	104.4651182	7.132090474e-10
2434	110.3270812	6.099014627e-10
2435	101.7245365	-2.29327668e-12
2436	110.6173019	-3.511892999e-10
2437	119.1296527	8.711076305e-11
2438	115.8349994	4.853468738e-10
2439	111.4160063	4.918536689e-10
2440	112.8297966	1.899671531e-10
2441	109.3206979	-1.538271732e-10
2442	117.0760605	-5.373479439e-10
2443	122.6838144	-3.818723116e-10
2444	131.3897477	2.408331312e-10
2445	129.7495299	7.739444641e-10
2446	123.1133224	4.888160987e-10
2447	126.383585	-1.583000397e-10
2448	124.395629	-1.754845158e-10
2449	117.0609351	6.003375574e-11
2450	120.4523245	4.457039182e-10
2451	123.3522767	7.263629698e-10
2452	123.0887036	6.935430008e-10
2453	122.0692721	1.13987042e-10
2454	119.5779313	-1.936637517e-10
2455	118.5891551	-3.843148022e-11
2456	118.3036959	3.056985776e-10
2457	116.4467112	3.050626418e-10
2458	113.2629584	3.347366828e-11
2459	110.9076897	3.545075344e-11
2460	112.0326704	6.430411759e-12
2461	107.5075552	-7.223555087e-11
2462	100.5898039	-7.233502686e-11
2463	105.663614	1.396109894e-10
2464	114.8072953	3.102069712e-10
2465	122.735749	2.575379909e-10
2466	143.2180201	2.041176117e-10
2467	146.7671874	2.300453161e-10
2468	150.174386	1.078515055e-10
2469	164.1703647	-7.703881977e-11
2470	171.7514343	2.892974749e-10
2471	177.811149	6.459188739e-10
2472	170.8831572	4.488445171e-10
2473	175.2991848	-8.670397733e-12
2474	183.6298305	-1.748752254e-10
2475	178.3290526	-2.03835171e-10
2476	182.9233671	-8.254730233e-12
2477	198.9169472	2.187157122e-10
2478	198.4557189	2.826894274e-10
2479	206.7057007	-4.378186702e-11
2480	206.8754411	-4.286260236e-10
2481	181.0655477	-3.450573161e-10
2482	167.0062355	1.337241429e-10
2483	184.6000639	4.601972137e-10
2484	187.9315659	3.61001895e-10
2485	191.7085537	1.251123649e-10
2486	187.6052904	3.826272632e-12
2487	170.3624957	7.013589709e-11
2488	180.1540533	8.087397418e-11
2489	201.0615741	2.664783949e-10
2490	179.0263185	3.964011341e-10
2491	172.8280983	3.252687009e-11
2492	182.2443065	-1.583426723e-10
2493	164.4471736	-1.746336409e-11
2494	163.0429497	6.110489892e-11
2495	166.0367165	-1.978612829e-10
2496	102.7468719	-2.666347143e-10
2497	103.1606991	-2.344080485e-11
2498	112.186651	1.543067896e-10
2499	93.60123729	-1.921485193e-11
2500	97.95363612	-1.743014622e-10
2501	113.0116501	-9.278267044e-11
2502	112.3772158	-6.195932656e-12
2503	110.1356652	1.843307729e-10
2504	113.4660106	3.562554696e-10
2505	102.9324461	4.218385641e-10
2506	106.7686254	1.247872916e-10
2507	110.7054474	-3.189111197e-10
2508	114.2814808	-2.132143351e-10
2509	116.8504213	2.580318181e-10
2510	112.132623	2.317985803e-10
2511	116.5975631	-9.332268291e-11
2512	117.1724765	-2.143867306e-10
2513	113.5491859	-4.750919658e-10
2514	120.1837186	-5.526619162e-10
2515	116.7964928	-2.615667682e-10
2516	115.8047933	2.484306094e-10
2517	120.2393855	1.838991182e-10
2518	110.6966639	-2.418545364e-10
2519	116.1144582	-3.846931662e-10
2520	125.6977996	2.522426712e-13
2521	119.4141377	7.257661139e-11
2522	122.854726	-2.174793678e-11
2523	114.3511712	1.695603657e-10
2524	112.8640703	1.828954765e-10
2525	118.9560118	-1.174171871e-11
2526	112.7669481	-4.270983567e-10
2527	120.6080094	-3.350830724e-10
2528	119.1349168	-1.517346249e-10
2529	109.9764334	-1.757154422e-10
2530	118.9759891	-2.377635866e-10
2531	114.9782119	1.488587031e-12
2532	110.938714	-2.338822469e-10
2533	122.8318879	-7.130687152e-10
2534	128.2340051	-5.396341152e-10
2535	128.9430236	-1.261746263e-11
2536	128.7826646	3.025562023e-10
2537	128.1733659	2.588507186e-11
2538	135.5389685	-1.839079999e-10
2539	134.4497641	-2.950404365e-10
2540	128.1206713	-4.113669405e-10
2541	140.1137296	-8.73061623e-11
2542	140.4128807	5.565308214e-10
2543	140.5331448	5.29846389e-10
2544	151.1972361	-3.379767577e-10
2545	136.6532836	-8.397940121e-10
2546	109.6108891	-6.528644292e-10
2547	123.436268	-1.374047542e-10
2548	139.5793914	5.858069585e-11
2549	145.2307029	7.076295105e-11
2550	139.7689573	-8.547829111e-11
2551	136.13201	-5.875797626e-10
2552	142.322954	-7.750156072e-10
2553	143.1981956	-2.121574028e-10
2554	134.7893416	3.25856675e-10
2555	142.5644819	2.561488799e-10
2556	140.6811716	-6.343725545e-11
2557	134.8219333	-1.878390776e-10
2558	136.3140851	-1.377209458e-10
2559	135.6678553	-1.305018316e-10
2560	97.15604591	-8.441247701e-12
2561	107.6303502	3.668780835e-10
2562	110.1422617	2.966125123e-10
2563	98.20852452	-2.464748405e-10
2564	105.3628875	-4.842082291e-10
2565	116.7297675	-3.871623022e-10
2566	112.6710126	-3.069207111e-10
2567	107.3134728	-1.08013154e-10
2568	114.8750099	1.59854352e-10
2569	108.4072494	2.369286989e-10
2570	107.4868385	-3.529034842e-10
2571	108.9603083	-6.839773192e-10
2572	114.2725264	-2.164401991e-10
2573	123.5202312	3.213429522e-10
2574	113.3421979	5.193374619e-10
2575	110.1134109	5.119975555e-10
2576	114.3270144	1.745830147e-10
2577	116.1579245	-3.648974456e-10
2578	125.2883769	-4.383400309e-10
2579	119.8769217	1.882138889e-11
2580	115.9914863	6.970912736e-10
2581	127.6115463	4.583462498e-10
2582	122.1630437	-4.41556125e-10
2583	114.250697	-7.268239344e-10
2584	115.7832447	-4.094884432e-10
2585	112.0145657	-2.79660739e-11
2586	122.511305	2.02770245e-10
2587	128.8965392	3.895541667e-10
2588	126.690464	7.887912545e-11
2589	118.6143706	-3.953211092e-10
2590	110.8772995	-3.797220316e-10
2591	121.2072329	3.914690794e-10
2592	126.5064394	6.28680219e-10
2593	121.7118725	3.222311307e-10
2594	120.2955815	1.971196539e-10
2595	117.907913	1.251150294e-10
2596	118.7683412	-9.423484215e-11
2597	121.8034158	-1.041184916e-10
2598	119.7328449	2.012496836e-10
2599	118.8911836	3.572342422e-10
2600	121.7320012	1.147526518e-10
2601	121.2794667	-2.603091076e-10
2602	122.5593133	-8.194955825e-11
2603	124.2294456	-4.13749035e-11
2604	123.8510101	-2.413074185e-10
2605	122.3677349	-1.00924602e-10
2606	125.1599964	4.776836704e-10
2607	125.0312838	5.398907987e-10
2608	119.1109643	-1.650679593e-11
2609	125.7085105	-2.08196127e-10
2610	122.9868708	1.735003252e-10
2611	127.3313612	4.476596871e-10
2612	135.4131733	3.332409904e-10
2613	136.2776292	5.718554519e-10
2614	134.5746007	3.606892562e-10
2615	141.7962364	-2.73906231e-10
2616	144.0685049	-4.193569936e-10
2617	143.1733092	1.954747475e-10
2618	139.8184745	4.965343692e-10
2619	141.1283828	1.56932245e-10
2620	134.7722008	-1.983266884e-10
2621	142.5710527	-1.871169886e-10
2622	137.4776878	-4.786837593e-11
2623	126.1017069	-1.19930732e-11
2624	97.89873353	4.547819898e-10
2625	102.4302375	5.606350939e-10
2626	99.49890581	1.526823112e-10
2627	104.1687546	-1.338271716e-10
2628	107.9416777	1.398978711e-10
2629	104.6682462	5.97786709e-10
2630	108.8708063	3.936602155e-10
2631	107.4963811	1.982058961e-10
2632	109.631684	2.388373943e-10
2633	110.2055325	3.863176445e-10
2634	109.3044231	-5.001954406e-11
2635	102.9294854	-4.2218673e-11
2636	109.5704797	1.457332033e-10
2637	125.6609182	-2.753708372e-11
2638	108.1991048	-1.11781695e-10
2639	102.908057	3.190958608e-11
2640	119.1665745	2.653663955e-10
2641	123.407322	1.343902767e-11
2642	121.7467765	-1.49604773e-10
2643	117.5556558	-6.343370273e-12
2644	120.0700166	4.664055808e-10
2645	127.62953	4.813820453e-10
2646	124.3122822	2.525624154e-10
2647	117.5708902	2.066817828e-10
2648	120.2532442	1.041788877e-10
2649	118.3299079	1.50764734e-10
2650	120.4396755	1.351772028e-10
2651	127.3025226	3.149631667e-10
2652	124.4791997	1.048041653e-10
2653	118.2529069	-2.295346135e-10
2654	113.1491903	-2.951940914e-10
2655	107.3896672	-2.329336724e-11
2656	111.8953261	2.067146454e-11
2657	114.9349781	-1.148441342e-10
2658	113.8707988	-5.316103113e-11
2659	118.8456599	2.992628367e-11
2660	117.7623027	5.810729675e-11
2661	113.2343332	-3.359801326e-11
2662	120.3006916	2.132454213e-10
2663	123.3281421	2.040456692e-10
2664	115.2272537	-2.800693011e-11
2665	122.5913973	3.345768107e-12
2666	130.0807727	3.266409365e-10
2667	123.1991145	2.404920707e-10
2668	127.3612571	-2.888578265e-10
2669	128.3496506	-3.837881124e-10
2670	131.8668509	-1.301341257e-10
2671	131.8922478	1.343583023e-10
2672	125.4294529	2.424993539e-11
2673	136.6889249	-1.674056449e-10
2674	132.6647426	-2.848628e-10
2675	128.5038425	-6.035207889e-10
2676	133.1992036	-3.289857275e-10
2677	132.106013	1.454454335e-10
2678	131.8750879	3.332578657e-10
2679	139.5842864	-8.856027023e-11
2680	138.2892225	-1.806670369e-10
2681	141.6888732	-1.154596418e-10
2682	136.6249292	2.030127177e-10
2683	134.4604331	9.05986397e-11
2684	127.8141174	8.533085349e-11
2685	129.8520582	9.695622083e-11
2686	126.9745282	-2.368034657e-10
2687	124.7272113	-5.215374799e-10
2688	93.44457283	-2.049125314e-10
2689	96.00446449	9.421086133e-11
2690	103.0758256	-9.980372084e-11
2691	113.667158	-2.821201051e-10
2692	108.5420969	-2.189022297e-10
2693	96.50914139	-1.761151225e-10
2694	102.21917	-3.328075593e-10
2695	104.3632551	-3.152411665e-10
2696	114.9279863	2.737321481e-11
2697	120.1806931	1.989288734e-10
2698	110.8532071	7.075362518e-11
2699	103.130929	-6.227018901e-12
2700	105.6161788	-6.709699463e-11
2701	117.6727486	-9.452705285e-11
2702	109.5595876	-2.383591102e-10
2703	107.043502	1.434226071e-10
2704	113.4811591	3.39133166e-10
2705	116.8126042	-2.14717133e-11
2706	118.9257949	-7.161666815e-10
2707	118.8982976	-5.649227752e-10
2708	117.8359332	-1.535700456e-10
2709	117.868534	2.388356179e-11
2710	121.7162566	-8.03916933e-11
2711	119.0878205	-1.996491861e-10
2712	120.8727094	-5.043911955e-10
2713	123.8720712	-5.954130522e-10
2714	121.3568889	-1.35078615e-10
2715	121.3846963	5.471654241e-10
2716	118.3229099	4.219082861e-10
2717	117.1518213	-9.525491507e-11
2718	114.5972485	-3.300044682e-10
2719	108.3318462	-1.600013455e-10
2720	115.072221	8.185896405e-12
2721	113.3664044	1.962772167e-10
2722	109.4499982	8.164624532e-11
2723	116.8759103	-7.324052476e-11
2724	122.0597806	-5.562115213e-10
2725	116.869893	-6.390505902e-10
2726	115.9977801	-1.928222026e-10
2727	119.1338212	1.199085276e-10
2728	112.9032635	-1.437281405e-10
2729	123.3979301	-2.320090786e-10
2730	128.2009227	-1.100253222e-10
2731	118.1564676	-6.565192834e-11
2732	125.6630106	-1.158979579e-10
2733	122.9685105	-3.135847138e-11
2734	118.1696546	2.826685552e-10
2735	121.1756045	2.658113729e-10
2736	121.6608147	4.827516165e-11
2737	123.1814102	9.945999579e-11
2738	118.8168883	4.011768695e-11
2739	119.6803838	-1.674447248e-10
2740	126.2442733	-5.56523716e-11
2741	132.1498123	1.407065575e-10
2742	132.0260842	5.08779685e-11
2743	137.0102036	-2.377711361e-10
2744	131.8438726	-5.752913701e-10
2745	134.0332441	-1.666311533e-10
2746	134.211114	1.060365129e-10
2747	138.9363157	1.445399356e-10
2748	130.9200364	8.661205086e-11
2749	122.5284141	1.925100079e-10
2750	124.9428436	-6.217248938e-14
2751	132.67767	-1.539253169e-10
2752	95.52818102	3.050577568e-10
2753	101.6816579	6.973837063e-10
2754	110.6516224	4.383857721e-10
2755	107.0141389	-2.334576976e-10
2756	101.6254174	-1.71831438e-10
2757	103.0476894	1.207152156e-10
2758	110.6784672	2.612174921e-10
2759	107.7092708	1.988513798e-10
2760	112.20885	8.946599017e-11
2761	112.8726079	-9.799738798e-11
2762	106.5040159	-2.89786195e-10
2763	106.1444886	-8.875300495e-11
2764	103.0283817	3.168252327e-10
2765	108.5702332	2.944036126e-10
2766	110.0491091	-5.22299981e-11
2767	108.035945	4.501599093e-11
2768	104.7032398	3.652420588e-10
2769	114.7606145	2.47592391e-10
2770	121.6276013	3.08607806e-10
2771	114.3258628	4.503557527e-10
2772	109.2802317	5.064373365e-10
2773	116.8238042	-9.193978912e-12
2774	125.2210194	-3.831823747e-12
2775	121.2314901	2.555033962e-10
2776	119.6652185	3.028031159e-10
2777	114.9044744	-1.035111996e-10
2778	110.6822021	7.298472937e-11
2779	115.3675414	3.056475073e-10
2780	118.1808193	1.724176357e-11
2781	122.3629153	-2.364531904e-10
2782	117.6519881	-1.009484718e-10
2783	111.5879985	2.813961286e-10
2784	119.1699763	2.387652298e-10
2785	115.0403067	2.43808973e-10
2786	114.134066	3.682729677e-10
2787	110.8332814	3.962494777e-10
2788	109.5547742	1.523647875e-11
2789	113.7023133	1.264415239e-10
2790	114.2605585	6.768448024e-10
2791	122.6429984	4.461772063e-10
2792	122.1292322	-1.788202919e-11
2793	120.4150203	-1.837749952e-10
2794	123.3797013	1.65813363e-10
2795	124.3843461	1.667305738e-10
2796	122.3940621	2.268374377e-10
2797	119.0755316	1.345928369e-10
2798	120.8141647	3.101158219e-11
2799	118.2364809	-4.280443222e-10
2800	121.431655	-3.108021618e-10
2801	126.8111094	3.903977697e-10
2802	130.0539792	6.141507858e-10
2803	130.4757949	3.17183585e-10
2804	127.7373629	-7.271544478e-11
2805	131.9211481	1.598610411e-10
2806	132.6908606	3.581153984e-10
2807	139.9604498	2.661614817e-10
2808	138.632326	3.393439071e-10
2809	139.0647748	4.240268102e-10
2810	133.0603112	1.043874501e-10
2811	135.4873149	-3.858393952e-10
2812	128.9938787	-2.569602864e-11
2813	122.0954255	1.895262836e-10
2814	123.6786494	6.967740274e-11
2815	128.3850829	-2.535898713e-10
2816	96.75121587	-5.504369183e-11
2817	109.5234573	3.14402393e-11
2818	116.6616737	-1.654925641e-10
2819	110.3379953	-7.881867381e-11
2820	96.02136273	2.628112172e-10
2821	93.7258586	3.895362921e-10
2822	107.3597497	1.566928254e-10
2823	105.4070671	1.965228535e-10
2824	105.9787523	2.327752435e-10
2825	113.1855386	1.306841302e-10
2826	111.2909298	-2.291027368e-10
2827	107.1822201	1.596487387e-10
2828	103.3536279	5.577243112e-10
2829	105.1105816	5.038747197e-11
2830	106.6520578	-5.47911494e-10
2831	108.9013759	-3.199986942e-10
2832	106.0255728	1.581179632e-12
2833	110.8159062	-8.757716774e-11
2834	110.4087369	7.099287824e-11
2835	113.4730512	1.062595567e-10
2836	110.9695597	-2.034085123e-10
2837	105.8941299	-5.968164851e-10
2838	112.4998636	-2.645488273e-10
2839	110.9855554	4.571309997e-10
2840	107.9580426	4.123386077e-10
2841	112.3004417	1.984012954e-11
2842	114.9440336	-2.478190986e-10
2843	112.0007403	-2.496625129e-11
2844	109.8232305	1.615019229e-11
2845	116.5780602	1.908906366e-10
2846	118.2862765	1.784015158e-10
2847	115.3435974	-1.867639376e-11
2848	118.2871827	-5.654321455e-10
2849	109.7157009	-6.421081444e-10
2850	113.2493873	-2.903877139e-11
2851	109.6695727	1.031046359e-10
2852	105.4919232	-2.723963277e-10
2853	117.8365767	-3.710629581e-10
2854	117.8097506	-9.375944465e-11
2855	117.8372657	-7.585354567e-11
2856	118.5224167	-1.903053271e-10
2857	112.7117614	4.70319339e-11
2858	116.0802155	1.575095609e-10
2859	123.2118334	-2.999644977e-11
2860	117.9734087	-1.820521511e-10
2861	117.658971	1.568900565e-10
2862	118.5079715	1.102877789e-10
2863	118.2468786	-2.246596242e-10
2864	125.8854593	-3.689637484e-10
2865	122.4243181	-6.430944666e-11
2866	121.7250017	-8.101674887e-11
2867	126.2982914	-2.676170396e-10
2868	128.1983408	-4.32490932e-10
2869	129.9936004	-2.984563707e-10
2870	124.7438065	-4.439595358e-10
2871	127.7760817	-3.69623443e-10
2872	136.7604127	3.460343123e-12
2873	143.5662903	8.897060866e-11
2874	128.9292556	-2.372533281e-10
2875	130.1917301	-3.052145203e-10
2876	128.966923	8.132516882e-11
2877	128.9291154	3.091185086e-10
2878	128.2821908	9.027889547e-12
2879	123.3040249	-1.435034314e-10
2880	98.93062324	-5.267786207e-11
2881	108.5358075	-1.388040793e-10
2882	98.59085808	-2.51485055e-10
2883	96.50770677	2.706590507e-11
2884	94.44952901	-9.774980825e-11
2885	98.37057936	-5.010223347e-10
2886	101.0697629	-5.253477653e-10
2887	97.33918673	-1.276729833e-10
2888	109.4200518	2.197357851e-10
2889	113.0764684	-9.726042194e-11
2890	109.8526309	-3.547828697e-10
2891	105.1411214	-9.59285984e-11
2892	94.20688976	2.229918472e-10
2893	102.4266785	1.771609526e-10
2894	110.5624645	2.641251662e-10
2895	105.2035296	2.295901247e-10
2896	101.6514171	-1.198197097e-10
2897	105.1493955	-2.646576291e-10
2898	94.67222448	-3.069988708e-11
2899	104.064884	4.728462066e-10
2900	110.2978998	2.861928472e-10
2901	102.9500376	-2.421871592e-10
2902	105.8870387	-4.483036165e-10
2903	106.818727	-2.200120086e-10
2904	112.8777646	-8.835776555e-11
2905	117.2777221	-3.546940519e-12
2906	108.2102634	1.248898762e-10
2907	110.9165849	-4.6494808e-11
2908	109.0645291	-2.693605339e-10
2909	102.7302294	-1.709219433e-10
2910	110.4487445	3.432991669e-10
2911	108.9462109	4.852371838e-10
2912	116.5422457	1.146229778e-10
2913	115.3231873	9.79039072e-11
2914	116.1730113	1.928266435e-10
2915	121.4589169	1.191304833e-10
2916	113.9133041	-1.129536464e-10
2917	113.0074192	2.344746619e-11
2918	109.7750275	2.052797932e-10
2919	108.3114352	1.500062297e-10
2920	118.4701589	-1.383559933e-10
2921	113.9554512	-1.989848286e-10
2922	105.643318	-1.00013331e-10
2923	111.6546515	-3.615729938e-10
2924	112.3493821	2.974731572e-11
2925	112.9840365	4.711848689e-10
2926	110.2853786	5.976907858e-10
2927	112.7412662	-3.529532222e-11
2928	119.9390592	-2.46775933e-10
2929	122.2841224	7.750866615e-11
2930	121.8798839	5.038041095e-10
2931	121.9662071	5.159659366e-10
2932	129.7445304	6.181437584e-10
2933	126.7292645	3.452820252e-10
2934	125.1548098	-3.48870266e-10
2935	131.9929062	-3.915738844e-10
2936	132.6285088	2.897584395e-10
2937	137.1872823	6.584928158e-10
2938	132.1942224	2.306190794e-10
2939	135.3921851	-3.098934442e-10
2940	126.395218	-3.739586418e-10
2941	130.5860484	-1.206341693e-10
2942	137.8113232	1.11313625e-10
2943	125.5592974	3.423137329e-10
2944	94.52525768	6.735128011e-10
2945	99.8385638	2.640501151e-10
2946	80.24511617	-5.397104985e-11
2947	81.96746075	4.67625938e-12
2948	92.26829345	5.51042767e-10
2949	104.7620208	6.332845359e-10
2950	106.2499866	4.371614182e-10
2951	104.564342	3.744204946e-10
2952	111.6503951	2.526814313e-10
2953	100.7851088	-1.284048423e-10
2954	101.0566031	-3.047615493e-10
2955	100.5572743	1.065325606e-10
2956	95.37241154	2.077991113e-10
2957	115.4260511	3.041655816e-10
2958	114.1782426	1.514486314e-10
2959	99.74821256	1.171152064e-11
2960	94.94987757	-1.54971147e-10
2961	93.97470855	9.520384481e-12
2962	90.36270936	4.012159494e-10
2963	101.5800342	7.849898509e-10
2964	109.3148706	6.261284824e-10
2965	114.8395495	-2.286615342e-11
2966	117.3428323	-2.238209618e-10
2967	114.5604153	1.942890293e-11
2968	117.9199706	5.172537954e-10
2969	117.0933773	7.125056101e-10
2970	105.9608205	6.031042332e-10
2971	112.8300313	6.994316237e-11
2972	117.4167478	-6.68534561e-10
2973	113.8926749	-4.407905152e-10
2974	117.2486094	2.979021474e-10
2975	105.1342426	5.962803584e-10
2976	113.6968782	9.82742776e-11
2977	114.070448	-1.662092686e-10
2978	112.001261	-3.071107813e-10
2979	122.7852087	-1.088000801e-10
2980	118.3898951	1.422959528e-10
2981	121.7159592	5.143023785e-10
2982	119.0529289	6.185514323e-10
2983	106.5603676	7.479172837e-11
2984	116.3806222	-2.551381328e-10
2985	116.0644153	-7.724398898e-11
2986	103.9791229	2.300657442e-10
2987	108.5441184	2.018509804e-10
2988	109.9060456	1.662243676e-10
2989	110.0712902	1.24953381e-10
2990	109.9484405	-2.621192152e-11
2991	114.2852584	-4.304379075e-10
2992	111.4454514	-4.309566037e-10
2993	116.0267942	2.359890061e-12
2994	121.8021928	-9.073897189e-11
2995	117.8932753	-4.067235437e-11
2996	125.043017	4.333866599e-11
2997	124.7474307	8.399325679e-11
2998	126.4233793	-3.751230437e-10
2999	128.3515366	-2.592024373e-10
3000	127.3094108	2.823412615e-10
3001	132.9489678	6.481730708e-10
3002	130.5640262	2.253832676e-10
3003	135.6715198	-3.259295056e-10
3004	136.090553	-1.545608086e-10
3005	138.2888342	-1.527666882e-10
3006	135.46574	-7.202238805e-12
3007	128.7961973	1.732107791e-10
3008	94.28377715	2.699529489e-10
3009	93.62209911	-3.21476179e-10
3010	85.72413499	-7.668523594e-10
3011	97.70732245	-5.281153292e-10
3012	90.86235291	6.794920182e-11
3013	90.37673248	1.102620217e-10
3014	104.7173337	-1.064464072e-10
3015	110.148001	3.136335636e-11
3016	114.1124728	-5.824585259e-11
3017	107.1746225	-2.394546783e-10
3018	109.554144	-6.633804617e-12
3019	107.2970043	4.120668251e-10
3020	96.95301148	2.794431353e-10
3021	99.27955534	-1.869722155e-10
3022	91.21977646	-1.305311415e-10
3023	96.85281571	7.027622928e-11
3024	103.2103561	-1.128181992e-10
3025	102.488362	-5.453308916e-10
3026	104.6657272	-2.488125261e-10
3027	103.5869681	-3.502176327e-11
3028	100.7664719	-1.337232547e-10
3029	112.0231578	-3.520836955e-10
3030	113.2261602	-2.495159634e-10
3031	108.8654989	-2.249889164e-10
3032	107.4513219	-3.285727246e-10
3033	111.5124481	-5.758593602e-11
3034	115.7805111	4.054436786e-10
3035	121.0671743	1.891695689e-10
3036	119.5555593	-3.867155485e-10
3037	111.8999441	-2.156648193e-10
3038	113.2901553	5.853006968e-11
3039	107.6899089	1.631557112e-10
3040	109.4639939	3.196110043e-11
3041	107.9417789	-5.135536441e-11
3042	112.6836116	-1.983835318e-10
3043	116.2519852	-5.4099214e-10
3044	114.7542561	-5.788063362e-10
3045	122.3998991	-1.905462454e-10
3046	125.1113975	1.137046013e-10
3047	116.1786575	-2.283027101e-10
3048	108.4355199	-3.239826185e-10
3049	110.6160388	-1.196660548e-10
3050	116.5916168	-1.266755589e-10
3051	120.5571989	-1.980478004e-10
3052	116.2790833	-5.679368087e-11
3053	113.4009208	3.69384523e-10
3054	113.0152713	2.207674044e-10
3055	121.25946	-7.221601095e-11
3056	112.0399441	-2.41016096e-11
3057	110.8589491	-6.114220241e-12
3058	122.6531709	-1.782787251e-10
3059	122.0047645	-1.224975676e-10
3060	123.9119911	2.007070066e-10
3061	124.3532051	1.236450942e-10
3062	129.4210895	-3.441389396e-10
3063	133.957437	-6.660947349e-10
3064	132.9801004	-3.263558312e-10
3065	125.6467998	1.510027658e-10
3066	122.4234766	2.208082606e-10
3067	130.5045312	8.177991617e-11
3068	139.2217756	-1.220534784e-10
3069	138.6895995	-3.523528136e-10
3070	127.4273027	-3.792468561e-10
3071	129.3595386	2.442117619e-10
3072	89.34588677	7.670983848e-10
3073	84.97136981	5.351576959e-10
3074	84.77839614	-2.210498451e-11
3075	96.98712345	-1.355484613e-10
3076	87.52099148	-9.772094245e-11
3077	89.17411795	-8.857270473e-11
3078	107.9774737	2.846416436e-10
3079	110.9986473	4.397566755e-10
3080	109.4248381	-2.252420472e-11
3081	107.0851562	-4.671036891e-10
3082	111.7722978	-3.728697351e-10
3083	108.0577101	4.031797118e-11
3084	95.36714716	2.168256685e-10
3085	95.49835665	1.565396701e-10
3086	89.27508381	3.157012429e-10
3087	91.38107694	3.76871867e-10
3088	101.1638411	-6.282085963e-11
3089	105.1285373	-9.653611244e-11
3090	101.423823	3.029612117e-10
3091	102.365749	7.157279214e-10
3092	103.058666	4.784777019e-10
3093	109.1954142	2.236397734e-10
3094	111.604191	8.370015792e-11
3095	113.6946089	-2.278230937e-10
3096	110.0244663	-4.057234548e-10
3097	109.1447845	1.006092987e-10
3098	112.6759955	7.289795434e-10
3099	112.2994425	3.022915251e-10
3100	112.1498308	-2.189253223e-10
3101	113.5517039	-3.931930337e-10
3102	113.0078922	-1.53637103e-10
3103	106.4797469	2.262119381e-10
3104	105.8435553	6.776712524e-10
3105	107.8275158	8.329816836e-10
3106	111.4890861	2.485869288e-10
3107	103.3194654	-3.389253322e-10
3108	106.7371677	-2.915996333e-10
3109	111.2179754	5.662261771e-10
3110	116.4019454	8.474057012e-10
3111	119.9922767	6.045048906e-10
3112	108.1743356	8.680167696e-11
3113	112.7679069	-1.909743474e-10
3114	112.328046	-3.907345558e-10
3115	107.3888421	-1.384776738e-10
3116	113.2971988	4.193356773e-10
3117	116.8193267	6.027658372e-10
3118	111.776555	3.658229275e-11
3119	120.5913261	-3.370193014e-10
3120	120.704044	-9.527667544e-11
3121	119.2784277	1.514468551e-10
3122	122.5749503	2.981401792e-10
3123	118.5550166	5.217568599e-10
3124	112.1153239	5.838849404e-10
3125	111.8877569	3.82586407e-10
3126	123.0120362	-1.719566711e-10
3127	121.9340664	-8.59810001e-11
3128	122.6671598	2.290558854e-10
3129	125.3095891	4.703721856e-10
3130	123.7118242	3.151203742e-10
3131	117.724994	2.768487661e-10
3132	120.759361	-8.757439218e-11
3133	125.3968002	-4.319211655e-10
3134	124.2239168	-3.820250782e-10
3135	128.4397948	1.369411251e-10
3136	87.6900418	6.527081098e-10
3137	95.06739332	2.50489407e-10
3138	89.9828635	-1.926157012e-10
3139	92.9195413	-3.269686744e-10
3140	96.28909799	-1.347331136e-10
3141	100.958422	1.807247685e-10
3142	105.093239	6.494946803e-10
3143	105.3076313	7.469367347e-10
3144	106.9849328	2.900044649e-10
3145	104.6644124	-3.156905848e-10
3146	103.1301912	-2.922497799e-10
3147	99.28205555	3.829629946e-10
3148	92.00943149	5.214371157e-10
3149	98.28820285	1.00934372e-10
3150	104.7787979	-2.265370114e-10
3151	97.95376699	-3.513278557e-10
3152	96.01337764	-3.943476656e-10
3153	102.5847149	-8.881606561e-11
3154	95.64300343	2.590212489e-10
3155	100.6709773	2.036699698e-10
3156	102.1753605	-3.310418606e-11
3157	102.5854465	-2.14896545e-10
3158	107.9042512	1.018332085e-10
3159	106.3056768	5.350742072e-11
3160	106.0680871	1.803002192e-10
3161	111.3926553	2.647482233e-10
3162	103.2543228	4.279936405e-10
3163	100.2498505	1.549125273e-10
3164	111.0087411	-1.725624088e-10
3165	108.6010927	-2.011901756e-10
3166	102.0910307	-1.124860205e-10
3167	110.3555325	-1.154631946e-10
3168	116.6576179	-1.889297607e-10
3169	112.755017	1.734150601e-10
3170	110.0725844	-1.42978962e-11
3171	98.46624368	-5.016751459e-10
3172	108.8092098	-5.047269269e-10
3173	112.4461578	-4.800071451e-11
3174	105.8973227	2.58548738e-10
3175	108.6472348	6.320277635e-11
3176	106.9028558	-3.192290876e-11
3177	114.1699853	-8.623679548e-11
3178	111.3026855	-5.999289954e-11
3179	110.550158	-6.117772955e-12
3180	111.5739558	3.637854462e-10
3181	111.0101087	1.991953269e-10
3182	109.0773909	-1.677769035e-10
3183	113.7882752	-4.559392863e-10
3184	109.9338209	-3.128040049e-10
3185	109.6246287	-1.835029906e-10
3186	116.0503692	-2.149942446e-10
3187	118.4080098	-3.434070805e-10
3188	116.9053941	-2.481801431e-10
3189	111.929859	-1.95825578e-10
3190	112.297111	-3.317381925e-10
3191	108.7366875	-8.370193427e-11
3192	119.1850493	-6.284572862e-11
3193	119.9172711	-2.949622768e-10
3194	114.6267737	-2.044515668e-10
3195	123.9794495	1.546869299e-10
3196	131.0896442	3.264233328e-10
3197	125.1189454	-6.15294482e-11
3198	128.325149	-3.367865986e-10
3199	127.1645672	-2.576818758e-10
3200	79.84775618	1.613642553e-11
3201	92.424922	3.636557722e-11
3202	86.7341079	5.81010795e-11
3203	84.91939998	-1.352269408e-10
3204	86.55941236	-5.194564778e-10
3205	92.93848111	-5.79795767e-10
3206	95.23399555	-2.315179159e-10
3207	100.2538685	2.41474396e-10
3208	107.8976933	4.5972115e-11
3209	106.9893566	-3.429168061e-10
3210	105.5252002	-4.513811547e-10
3211	108.234688	-9.219291996e-13
3212	104.5620201	8.104272808e-11
3213	99.76410151	2.082849448e-10
3214	102.8821979	2.782876152e-10
3215	96.50030628	1.281517115e-10
3216	94.85930685	-1.201208022e-10
3217	107.8187039	-1.633964075e-10
3218	105.6033323	1.722231247e-10
3219	106.2975534	6.760103588e-11
3220	90.25381357	-1.371791569e-10
3221	81.79689027	-1.72553527e-10
3222	101.4710066	-6.093081595e-11
3223	105.8399392	-2.535447408e-10
3224	100.0505399	-4.276454746e-10
3225	106.6013301	-2.525677445e-10
3226	103.2078893	4.004085952e-11
3227	104.3138362	1.824531637e-10
3228	109.0500711	6.679279352e-11
3229	101.8863354	2.129585397e-10
3230	108.1474571	4.729372449e-11
3231	118.6489302	-2.362376961e-10
3232	113.7472574	-7.244338462e-11
3233	107.7368188	6.019345022e-10
3234	108.8625067	6.284235354e-10
3235	105.5939325	9.404033108e-12
3236	114.4378282	-4.655991148e-10
3237	113.9602198	-3.419042827e-10
3238	104.8303138	2.374278552e-11
3239	103.3890677	2.539835009e-10
3240	101.9778456	3.180993247e-10
3241	107.5059983	5.009859194e-11
3242	108.4787534	-5.728093555e-10
3243	111.688265	-5.609219755e-10
3244	105.5765377	6.081535275e-11
3245	102.4247101	6.196927416e-10
3246	105.2964121	3.86593868e-10
3247	114.6713421	1.086490897e-10
3248	109.7627049	5.740119491e-11
3249	111.7115626	1.763460489e-10
3250	119.6694176	1.42829748e-10
3251	111.5100529	3.73820086e-10
3252	107.3698898	6.058265001e-10
3253	103.9230666	2.545448297e-10
3254	110.2448894	-2.938165267e-10
3255	116.0545417	-1.94795291e-10
3256	121.0164857	5.820766091e-11
3257	117.99559	3.240963053e-11
3258	118.2324928	9.439560245e-12
3259	126.7606066	2.163567103e-10
3260	130.940996	2.709299451e-10
3261	126.399156	-2.953903788e-11
3262	129.3630133	-2.311271174e-10
3263	122.0957809	9.15001408e-11
3264	73.87479207	3.475353338e-10
3265	82.57240753	4.054463432e-10
3266	81.88821908	5.474500853e-10
3267	92.36983329	4.775291274e-10
3268	92.86074984	9.202594242e-11
3269	90.36367583	-1.314131026e-10
3270	85.97555549	2.948574718e-10
3271	93.00707742	7.827534176e-10
3272	103.2766855	5.277716042e-10
3273	108.6524585	-6.069278413e-11
3274	105.190518	-2.216609118e-10
3275	101.9224073	-1.938751382e-10
3276	104.7750946	5.593925323e-11
3277	96.73504504	4.278106758e-10
3278	99.2378915	5.437978956e-10
3279	102.7183274	6.511946538e-11
3280	90.32006224	-4.269224974e-10
3281	93.68586254	-1.558557727e-10
3282	101.5116446	5.06195974e-10
3283	100.3886924	7.379661326e-10
3284	89.81206477	5.365379252e-10
3285	87.18825815	3.290043793e-10
3286	92.18060404	1.84918747e-10
3287	95.97301179	8.712319755e-11
3288	92.99838457	1.576179187e-10
3289	97.75015628	4.40470771e-10
3290	102.9718302	5.507665435e-10
3291	104.2256799	-2.220446049e-13
3292	107.3877276	-2.269580079e-10
3293	105.5682004	7.122302748e-11
3294	109.597627	1.6867574e-10
3295	109.5437074	2.287059431e-11
3296	105.0111382	9.532108436e-11
3297	107.7472564	2.013695877e-10
3298	114.9519626	9.203837692e-11
3299	114.1879425	7.426059767e-11
3300	109.739259	7.000977575e-11
3301	105.7414561	3.686864147e-10
3302	98.81046088	3.302851326e-10
3303	98.89677746	3.980318297e-10
3304	102.4517102	3.946443172e-10
3305	103.6997566	1.831601537e-10
3306	103.0948451	-9.191225558e-11
3307	109.4956804	-1.03478115e-10
3308	106.7234156	2.291820067e-10
3309	105.4018472	2.813003164e-10
3310	105.1404216	-8.05400191e-12
3311	111.0054976	-4.075921822e-10
3312	106.4385678	-1.907789482e-10
3313	111.4520465	-2.135855937e-10
3314	117.9184318	-1.654409942e-10
3315	107.9022345	2.445883496e-10
3316	115.6364056	3.76134679e-10
3317	115.7374567	-6.217781845e-11
3318	109.4995045	-3.112248237e-10
3319	106.9355674	2.450164516e-10
3320	109.7112481	5.381401991e-10
3321	119.0805626	3.67677444e-10
3322	130.1782187	-3.738165333e-11
3323	123.6329406	-1.992717102e-11
3324	123.1240643	-6.433964472e-11
3325	126.4867742	-2.774314112e-11
3326	123.5749928	9.110223687e-11
3327	122.5382702	1.513313919e-10
3328	89.53619733	-1.956443896e-10
3329	92.94994001	-4.685354327e-10
3330	84.41752797	-2.641797892e-10
3331	89.46226924	2.129745269e-10
3332	89.0417837	1.242419501e-10
3333	89.9431275	-2.032010116e-10
3334	85.65495575	-2.767563956e-11
3335	88.91949629	1.359019564e-10
3336	93.81650193	-2.311750791e-11
3337	103.9956596	8.198952628e-11
3338	103.3242614	2.412861022e-10
3339	96.65883317	2.052509274e-10
3340	103.9865141	-1.997904064e-10
3341	103.9828038	-1.069544453e-10
3342	105.1685028	1.226929669e-10
3343	100.5343874	1.192930199e-10
3344	87.95446587	-2.5517366e-10
3345	90.79932627	-2.199307403e-10
3346	88.53348651	-8.795808526e-11
3347	86.8148958	-1.852527021e-10
3348	96.27602999	-2.242472874e-10
3349	90.80012296	-2.441034042e-10
3350	75.87699813	-8.056488809e-11
3351	92.685778	-9.538680956e-11
3352	103.0488068	2.05453432e-11
3353	101.8504108	1.914628456e-10
3354	103.3077605	1.670770189e-10
3355	98.7692879	-1.943831762e-10
3356	105.6788518	-1.262741023e-10
3357	108.8090316	2.647233543e-10
3358	112.5400828	2.503419694e-10
3359	115.7697602	6.8592243e-11
3360	111.8838235	-3.001616733e-10
3361	114.2658736	-2.822417855e-10
3362	119.2423606	-2.803304255e-10
3363	113.5820902	-7.834088933e-11
3364	105.9699614	6.097167216e-11
3365	105.9062747	-1.936228955e-12
3366	101.4365974	-5.262563718e-10
3367	106.5870686	-5.566747063e-10
3368	102.4233109	-9.920597677e-11
3369	95.45960941	1.816040651e-10
3370	97.51269415	7.618083941e-11
3371	97.74414359	-1.427657992e-10
3372	95.62109274	-4.235545248e-11
3373	102.2611288	-2.830802259e-11
3374	100.5817356	1.29851685e-11
3375	101.076441	2.648370412e-10
3376	99.34730802	3.450004726e-10
3377	98.31913221	-4.461142566e-11
3378	103.1615797	-4.277609378e-10
3379	106.7233943	-2.568150137e-10
3380	114.3206074	-9.572431736e-11
3381	112.546101	-1.643485348e-11
3382	116.2322861	-3.189235542e-10
3383	120.7340069	-2.647553288e-10
3384	118.3015129	-2.366036256e-10
3385	115.8603279	-2.999307469e-10
3386	122.2062932	-1.99150918e-10
3387	116.6994611	9.792699984e-11
3388	121.9462048	8.992273592e-11
3389	122.9131963	6.293277011e-11
3390	117.0272618	2.065121407e-10
3391	127.4707722	3.106563895e-10
3392	91.63619393	1.499884661e-10
3393	92.05930172	-1.892601631e-10
3394	91.13597965	7.696954185e-11
3395	81.00260107	2.809841249e-10
3396	76.13766119	1.161346574e-10
3397	93.31533815	-8.15276735e-11
3398	94.23358839	-1.510436221e-10
3399	91.47735806	-9.968559311e-11
3400	85.66020885	-1.022009144e-10
3401	87.21229185	7.380052125e-11
3402	96.10610219	1.895408275e-10
3403	100.6147006	1.209770062e-10
3404	105.1426322	-2.730935478e-10
3405	105.7126173	-1.634568036e-10
3406	101.0390435	3.996234454e-10
3407	93.64111071	4.833502487e-10
3408	92.35158806	3.315143715e-10
3409	90.06653335	1.203694922e-10
3410	89.39537604	1.77895032e-10
3411	97.7152621	1.08137499e-10
3412	96.55968843	1.698730046e-10
3413	96.09541919	4.520046559e-10
3414	91.48430354	3.127986758e-10
3415	93.96626028	-2.379643149e-10
3416	100.5642834	-2.626769913e-10
3417	103.100604	2.015099199e-10
3418	105.4344037	1.645403813e-10
3419	98.83768674	-6.076561476e-11
3420	94.42736378	-1.567457275e-11
3421	95.58191529	1.141131634e-10
3422	107.3575582	1.623057244e-10
3423	105.7167764	1.354827361e-10
3424	95.23214614	3.901163836e-10
3425	100.6676307	4.980726942e-10
3426	107.2438768	1.563442709e-10
3427	106.9867499	-6.965450439e-11
3428	105.3720638	3.267963677e-10
3429	110.1666759	5.010107884e-10
3430	108.3591083	2.767599483e-10
3431	113.9934723	6.025402399e-12
3432	107.3943214	2.493472095e-10
3433	104.45054	1.761755186e-10
3434	105.7078629	-6.358291671e-11
3435	101.7625774	-3.85682597e-11
3436	100.6661653	2.513544928e-10
3437	102.3274963	-4.497735517e-12
3438	95.01674471	-7.560174708e-11
3439	93.90482646	1.848547981e-10
3440	102.4893707	2.976889846e-10
3441	101.638895	1.269171435e-10
3442	101.9732812	1.218793955e-10
3443	106.853643	4.069242721e-10
3444	111.0289103	5.808651338e-10
3445	115.7534679	3.762821166e-10
3446	117.2792812	9.593392747e-11
3447	110.4028527	1.88702387e-10
3448	113.1262026	2.777333918e-10
3449	109.8565925	3.034692497e-10
3450	111.092344	2.96257241e-10
3451	117.3610901	1.422399976e-10
3452	124.7001053	-2.641371566e-10
3453	115.835612	-4.100080275e-10
3454	116.283379	-8.497025306e-11
3455	129.3411397	5.704983153e-10
3456	82.03189795	3.491003042e-10
3457	81.76459653	-1.055120435e-10
3458	83.55726655	-1.33027811e-10
3459	75.63272378	1.388684723e-10
3460	76.20386251	2.855635728e-10
3461	88.71432471	5.67077052e-10
3462	86.978176	5.55996138e-10
3463	85.30336129	3.296634077e-10
3464	84.10848269	-1.337454592e-10
3465	88.30550436	-1.659792304e-10
3466	100.125506	3.237090596e-10
3467	104.4408094	5.373728129e-10
3468	99.15054979	1.203801503e-10
3469	95.42193827	-1.240749725e-10
3470	98.41983833	-2.154720846e-10
3471	103.3791516	-1.985860365e-10
3472	99.87133949	-1.486952783e-10
3473	85.97900904	2.116173903e-10
3474	85.52911986	2.594369164e-10
3475	94.55872593	-2.957989409e-11
3476	93.64017071	-1.870290589e-10
3477	103.6665195	2.076276928e-10
3478	96.12946008	2.667093213e-10
3479	92.13971591	3.987210562e-11
3480	105.9861599	2.53535859e-10
3481	96.30890907	5.348290699e-10
3482	94.89966315	3.090860901e-10
3483	100.3126146	-1.853805998e-10
3484	90.70195503	-2.92633473e-10
3485	90.07583095	5.936229286e-11
3486	106.5818525	1.183124709e-10
3487	106.1017756	1.042685938e-10
3488	105.3994578	1.301216912e-10
3489	113.7323183	-1.676845329e-10
3490	108.087012	-6.880647163e-10
3491	104.3362519	-4.508180496e-10
3492	101.1795669	2.063558213e-10
3493	105.9006115	6.010054676e-10
3494	105.6827255	1.954099105e-10
3495	113.6543425	-2.438014235e-10
3496	112.2745977	-3.270557158e-10
3497	106.8073391	-1.832383134e-10
3498	105.9896313	8.615685942e-11
3499	108.2690593	5.612399434e-10
3500	96.61467442	4.609113091e-10
3501	89.96536663	-3.544577964e-10
3502	95.67551672	-6.591349688e-10
3503	98.48918004	-3.835367579e-10
3504	102.9099659	1.533173588e-10
3505	101.5319701	1.67037939e-10
3506	104.93154	-1.143973805e-10
3507	102.4063444	-3.334079679e-10
3508	103.0520108	-4.820783772e-10
3509	112.2340988	-6.192557578e-10
3510	117.598015	-2.729336757e-10
3511	118.5649471	2.370441621e-10
3512	114.5098951	9.577405535e-11
3513	103.4926807	-1.491322621e-10
3514	112.8664908	-1.450111142e-10
3515	119.7806878	-9.833911463e-12
3516	122.0940496	-1.53885793e-10
3517	123.887447	-1.935482885e-10
3518	123.7749793	2.581153069e-10
3519	120.3638036	3.408295868e-10
3520	79.00120995	-1.027302687e-10
3521	82.57338774	-5.348859133e-10
3522	76.38333762	-4.250004793e-10
3523	78.80915957	-3.745093125e-10
3524	78.96481563	-2.040039249e-10
3525	82.66297959	-4.70627981e-11
3526	88.72453327	8.811795738e-11
3527	82.72538418	-3.121947145e-10
3528	86.7230814	-6.963460919e-10
3529	96.51700814	-3.360440815e-10
3530	93.14627537	3.924185421e-10
3531	83.78795023	4.193694281e-10
3532	77.64960733	8.122924555e-11
3533	81.36348851	-9.737988194e-11
3534	88.50555015	-2.560334167e-10
3535	91.96793392	-2.876276994e-10
3536	92.41809264	3.343458843e-11
3537	91.50123258	5.428830718e-10
3538	94.59034403	2.014424183e-10
3539	102.5727046	-5.137827941e-10
3540	101.2281376	-6.973586153e-10
3541	103.2977635	-2.737046145e-10
3542	90.49180056	-5.622879939e-11
3543	83.83752741	-1.136477579e-10
3544	100.1019346	-5.768185929e-11
3545	95.3775597	-7.345946074e-11
3546	88.07713783	-7.339551189e-11
3547	89.63905593	-1.985718256e-10
3548	97.93202126	3.97903932e-13
3549	104.5770825	3.279367888e-10
3550	109.5707483	2.112052755e-10
3551	106.3570131	9.309175653e-11
3552	106.0013644	1.38623335e-10
3553	110.4431156	1.753086565e-10
3554	102.7386553	-1.377138403e-10
3555	105.4999338	-1.533813077e-10
3556	99.10445821	1.308144704e-10
3557	101.3424171	2.040501101e-10
3558	107.4612729	-9.499956377e-11
3559	108.0216333	-3.116156222e-10
3560	101.9942293	-1.611368816e-10
3561	103.2893566	-3.097007095e-10
3562	104.6809845	-7.894485066e-11
3563	107.1912086	2.773141716e-10
3564	97.54483391	4.210605198e-10
3565	96.39393568	-6.624389925e-11
3566	101.2000192	-3.828439787e-10
3567	98.5965348	-6.482281378e-11
3568	100.3541277	4.116849084e-10
3569	105.25121	3.603837229e-10
3570	118.9579606	1.5325341e-10
3571	108.1275873	2.245208464e-10
3572	105.4098792	9.18376486e-12
3573	109.4946119	-1.58017599e-10
3574	110.6139584	-6.206590797e-12
3575	116.9886201	2.512656749e-10
3576	109.8797286	1.201527766e-11
3577	103.4996878	-2.205453598e-10
3578	108.9884099	-1.06126663e-10
3579	106.150485	1.708428954e-10
3580	116.2363486	-9.650591437e-11
3581	120.7812184	-1.64543934e-10
3582	114.0079609	1.956834694e-10
3583	115.4974108	2.482885009e-10
3584	79.26860008	2.679705347e-10
3585	83.96319003	3.183338038e-10
3586	83.91943592	4.543068144e-10
3587	84.84259234	1.61293201e-10
3588	77.79500798	-7.608136343e-11
3589	75.08720068	3.174918106e-10
3590	82.36066038	7.016751624e-10
3591	80.63222075	4.369766771e-10
3592	84.11390768	-1.860804844e-10
3593	81.1282771	-2.56054733e-10
3594	76.7773587	-1.14614096e-10
3595	80.47422026	1.7461943e-10
3596	81.66297113	3.043894026e-10
3597	84.59395289	4.494680184e-10
3598	86.62042522	6.771472272e-11
3599	89.43809047	-3.33393757e-10
3600	93.88491979	-1.263060767e-10
3601	96.68020096	5.043681028e-10
3602	98.95069292	6.802736152e-10
3603	103.8799305	3.973568141e-10
3604	99.09725357	2.828279833e-10
3605	101.3546345	2.098872187e-10
3606	92.4326371	1.288995577e-10
3607	80.40740535	1.715747544e-10
3608	91.69186353	4.367350925e-10
3609	95.29224801	5.793125979e-10
3610	94.70104509	7.013056802e-11
3611	93.06753296	-2.520685882e-10
3612	97.5883057	-6.223643823e-11
3613	97.39064704	2.424016543e-11
3614	100.3654116	-7.770495358e-11
3615	96.39377768	1.539461891e-10
3616	91.73561409	4.135145559e-10
3617	104.5160849	3.18330251e-10
3618	103.5132451	-7.000622304e-11
3619	105.9639505	-9.250200605e-11
3620	98.03596644	2.166906654e-10
3621	104.5065264	4.74202011e-10
3622	118.5374851	4.620801519e-10
3623	112.7416711	5.868407982e-10
3624	100.758875	2.60037325e-10
3625	107.2773345	-3.432170104e-10
3626	108.5321273	-4.720170921e-10
3627	105.3451007	2.555715639e-10
3628	99.88589608	7.144080882e-10
3629	103.4017598	2.517026587e-10
3630	95.6524239	-4.758575756e-10
3631	92.57559108	-5.105675882e-10
3632	104.1405165	-3.222595524e-10
3633	99.03439011	-2.935252041e-11
3634	102.1378437	5.527276414e-10
3635	97.52890053	7.260645418e-10
3636	105.6090572	-7.187139772e-12
3637	105.5745019	-6.002096598e-10
3638	101.1670365	-3.076507937e-10
3639	104.8986584	3.48705953e-10
3640	105.5168744	5.516369583e-10
3641	110.6217939	4.071267767e-10
3642	108.5405511	2.843059121e-10
3643	100.2434928	-9.333334106e-11
3644	109.7366496	-4.464126846e-10
3645	118.4782993	-1.713758024e-10
3646	118.3892752	3.240323565e-10
3647	119.9023746	2.760138784e-10
3648	79.30789433	-1.535553906e-10
3649	85.54505237	-4.460005698e-10
3650	85.07296634	-2.097308993e-10
3651	76.74906585	-2.236753005e-10
3652	78.31154673	-2.592699389e-10
3653	78.36387232	2.050803971e-10
3654	86.67053727	6.025011601e-10
3655	96.57455017	1.01437081e-10
3656	95.83488976	-2.947118105e-10
3657	77.69374474	-2.41797693e-10
3658	73.40302885	7.670664104e-11
3659	88.32434937	2.156461676e-10
3660	93.25088725	4.362128436e-10
3661	87.62522993	4.352713745e-10
3662	88.32643316	-1.538182914e-10
3663	96.38717228	-7.843041772e-10
3664	96.37232265	-6.718217094e-10
3665	89.85149055	8.517986316e-11
3666	86.08222943	3.42861739e-10
3667	95.43025874	1.220747947e-10
3668	98.61389129	-3.601314802e-10
3669	97.92720128	-5.612115217e-10
3670	89.659382	-5.180353924e-10
3671	85.49577425	-2.238280672e-10
3672	91.15298163	5.083649057e-10
3673	86.49191253	5.750813159e-10
3674	92.75953676	-1.775184444e-10
3675	98.08834677	-5.530580438e-10
3676	99.93027681	-1.486419876e-10
3677	93.71863293	1.026556617e-10
3678	91.6071029	2.061781856e-10
3679	91.43518612	1.817568318e-10
3680	91.68466015	2.717470693e-11
3681	99.05400509	-4.827356292e-10
3682	92.46255345	-7.562341864e-10
3683	95.82435581	-3.287361494e-10
3684	93.3285649	4.064304449e-11
3685	97.00364961	-1.612256995e-10
3686	100.0231749	-1.720223963e-10
3687	99.47980808	-1.226112545e-10
3688	94.17902127	-2.006430577e-10
3689	93.64555609	-3.706333018e-10
3690	99.87709138	-2.106368413e-10
3691	106.4417754	2.457980486e-10
3692	99.59652954	4.15635526e-10
3693	104.4160194	3.58149066e-11
3694	99.15080353	-1.547597606e-10
3695	92.932478	-2.676969757e-10
3696	103.7582419	-3.692477435e-10
3697	100.1911646	-2.170246205e-10
3698	104.953593	1.962661145e-10
3699	104.0391097	1.123758864e-10
3700	106.5739243	-3.480167265e-10
3701	101.8080896	-7.903686594e-10
3702	104.7470318	-4.962714684e-10
3703	105.5293167	-1.034194952e-11
3704	101.2434499	3.843325658e-11
3705	104.0608483	1.661248916e-11
3706	106.2472293	-9.235989751e-11
3707	98.98556253	-3.922231429e-10
3708	95.19189295	-4.869100678e-10
3709	115.3420548	5.465494723e-11
3710	124.3037453	4.725784208e-10
3711	120.5533629	3.543618732e-10
3712	79.1176738	-2.508002694e-10
3713	80.16886254	-3.635740597e-10
3714	86.10144664	-3.527844683e-12
3715	82.21238739	-6.745537462e-11
3716	86.55876817	-1.20284227e-10
3717	85.06554366	-1.216093892e-10
3718	81.02679588	-1.428084317e-10
3719	81.44422228	-2.949747113e-10
3720	87.33830078	-3.508482393e-10
3721	83.10363066	-7.05142611e-11
3722	85.12489196	-9.422151948e-11
3723	91.54982641	-2.399325183e-10
3724	87.08615277	-5.412914561e-11
3725	90.24607315	4.490807726e-10
3726	99.69227997	2.665316856e-10
3727	96.17673607	-1.224869095e-10
3728	89.34008251	-4.205347182e-11
3729	90.82677166	2.645030861e-10
3730	86.06515784	2.981899172e-10
3731	83.62633002	2.267661614e-10
3732	85.39149447	3.734186294e-10
3733	93.03466166	1.591935472e-10
3734	91.83375179	-4.327951331e-10
3735	87.24369502	-3.944755633e-10
3736	89.43003156	2.964952728e-10
3737	83.53025999	4.158806632e-10
3738	83.97121751	2.455990966e-11
3739	87.63844186	-2.454214609e-10
3740	93.16171417	-8.352429859e-11
3741	91.06444689	5.233147249e-12
3742	89.87182861	7.36832817e-11
3743	90.01031195	3.253397551e-10
3744	84.34831054	4.755520422e-10
3745	86.07874756	2.011901756e-10
3746	93.06649146	-2.905053975e-11
3747	95.85297273	3.620925781e-10
3748	89.23214008	3.808757754e-10
3749	101.6630624	1.986038001e-10
3750	93.21424524	3.772626656e-11
3751	90.36009191	3.25577787e-10
3752	102.1639656	2.255333698e-10
3753	97.28720579	-1.721787157e-10
3754	90.93302927	-2.739923843e-10
3755	98.57391583	5.087485988e-12
3756	94.39640257	9.559997238e-11
3757	99.30070973	1.759730139e-10
3758	96.34253936	4.981970392e-10
3759	88.53668114	3.065885323e-10
3760	97.55804355	-1.802007432e-10
3761	89.68043499	-2.252313891e-10
3762	87.54585779	3.41024986e-10
3763	93.31090464	8.674057028e-10
3764	102.1778165	6.849774081e-10
3765	97.67600859	1.416076145e-10
3766	102.3275868	-8.121858741e-11
3767	104.6518776	-1.25620403e-10
3768	103.2576288	5.21787058e-11
3769	100.3302511	3.486704259e-10
3770	105.0888964	5.132463343e-10
3771	110.0296435	1.089119905e-10
3772	95.96265608	-4.781384177e-10
3773	103.7178978	-4.698783584e-10
3774	113.809612	2.635935914e-10
3775	116.8790358	4.155040756e-10
3776	81.71876844	2.125375431e-10
3777	76.07100429	1.356994517e-10
3778	80.51121331	9.848477589e-11
3779	79.80912739	-1.42048151e-10
3780	85.21162738	1.387618909e-10
3781	86.77447088	4.989821889e-10
3782	87.31691335	6.367528727e-10
3783	84.12272839	3.523865644e-10
3784	86.84078854	1.534488092e-10
3785	85.41369388	5.688249871e-11
3786	85.28575122	-9.446310401e-11
3787	82.08276104	-1.292796981e-10
3788	81.22773984	1.360511703e-10
3789	91.94396257	4.546407695e-10
3790	93.20748218	1.511395453e-10
3791	88.49926819	-1.871356403e-10
3792	82.99829596	-3.449933672e-10
3793	80.21814011	-1.482192147e-11
3794	84.14792266	1.234781166e-10
3795	84.92444078	3.50244278e-10
3796	82.30711867	6.873470682e-10
3797	88.40764616	3.154703165e-10
3798	90.1338577	-3.242277558e-10
3799	82.79492413	-1.747295642e-10
3800	70.93025488	5.456328722e-10
3801	67.04995075	7.379767908e-10
3802	76.08877767	4.508535767e-10
3803	78.4952977	3.846878371e-11
3804	83.55024782	-2.187441339e-10
3805	90.37029836	-3.522266923e-10
3806	90.90698714	-1.220321622e-10
3807	87.91454304	4.513864837e-10
3808	86.86823287	4.177564961e-10
3809	87.05799361	-2.487645645e-10
3810	89.5265513	-5.822116123e-10
3811	85.43551666	-2.71526801e-10
3812	73.10181069	1.039630604e-10
3813	87.16196762	1.609166134e-10
3814	85.82063604	2.123989873e-10
3815	85.68363414	3.942766114e-10
3816	93.89489576	1.287290274e-10
3817	93.00345512	-3.205045118e-10
3818	93.02344767	-5.766764843e-11
3819	98.67712402	3.506457347e-10
3820	90.18826127	1.769713265e-10
3821	87.99107432	-8.17088619e-11
3822	83.01217452	-9.272582702e-11
3823	82.60371698	-2.142499511e-10
3824	92.54117253	-5.184688234e-10
3825	84.85315188	-5.623626009e-10
3826	94.58868299	7.670308833e-12
3827	99.52035355	1.839524089e-10
3828	94.89032152	-1.651514481e-10
3829	90.37292221	-3.976268204e-10
3830	94.60369364	-2.769908747e-10
3831	95.946465	-2.003268662e-10
3832	101.0049663	-7.701572713e-11
3833	103.7748075	3.83622023e-10
3834	100.9130828	4.578133428e-10
3835	101.4183578	-7.142730851e-11
3836	98.8978439	-6.815490394e-10
3837	109.4067589	-2.921503039e-10
3838	113.9138598	2.278603972e-10
3839	112.9086193	1.520810144e-10
3840	85.38216011	-7.053557738e-11
3841	80.49915922	-2.810374156e-10
3842	79.86010235	-5.065174946e-10
3843	81.94600352	-5.97712102e-10
3844	83.48092015	-2.17713847e-10
3845	86.59400921	2.217603878e-10
3846	96.90957872	1.959321594e-11
3847	85.31986938	-4.646736329e-10
3848	84.98317024	-4.060929371e-10
3849	85.25080495	-1.389821591e-11
3850	75.01506799	3.124256409e-11
3851	74.81330595	2.913225217e-11
3852	84.94380947	1.946922623e-10
3853	85.72200691	1.499635971e-10
3854	78.74377864	-1.554454343e-10
3855	88.95749744	-2.622613238e-10
3856	91.14701286	3.679190286e-11
3857	83.12237148	8.902745208e-11
3858	85.4068905	-2.919833264e-10
3859	80.78692686	-3.142908156e-10
3860	81.30791393	-1.291233787e-10
3861	85.56955324	-1.483044798e-10
3862	78.20509163	-3.258833203e-10
3863	83.59860508	-2.934221754e-10
3864	86.66069837	-8.806466667e-11
3865	79.69722704	5.232436706e-11
3866	76.45319497	-6.748379633e-11
3867	75.75742269	-1.366586844e-10
3868	77.94612172	3.068478804e-11
3869	80.0967708	-7.214495668e-11
3870	86.76163212	-4.203926096e-11
3871	93.22763987	3.765556755e-10
3872	96.51297445	2.730971005e-10
3873	89.10050235	-1.284377049e-10
3874	80.13133129	-3.694680117e-10
3875	86.41230104	4.937206199e-11
3876	84.04042661	9.280753943e-11
3877	84.17921974	-1.181668097e-10
3878	84.92965325	-2.402487098e-10
3879	87.82315937	-1.168416475e-10
3880	86.59187809	-3.258300296e-10
3881	86.6667789	-3.286153571e-10
3882	86.12256938	5.668709946e-11
3883	86.78652198	1.972750852e-10
3884	80.79245465	-3.80495635e-11
3885	87.43686797	-2.907682983e-10
3886	87.98929419	5.367084555e-11
3887	83.00857998	3.928235515e-10
3888	95.01316347	3.328324283e-10
3889	91.42911609	4.477129778e-11
3890	86.72092563	4.310152235e-11
3891	85.442764	-7.458922369e-11
3892	93.45085222	-1.363567037e-10
3893	84.78588621	1.614637313e-10
3894	79.60656839	2.908393526e-10
3895	92.19753005	-1.418563045e-10
3896	95.18402236	-4.882920734e-10
3897	97.74144214	-1.824673745e-10
3898	95.09480078	2.238564889e-10
3899	91.8982167	3.987210562e-11
3900	103.6699501	-6.184563972e-11
3901	112.3619838	9.474021567e-11
3902	109.302402	-5.016431714e-12
3903	105.5855925	-3.710454166e-11
3904	80.33258704	3.445279617e-10
3905	82.3534354	5.639826384e-10
3906	85.68347094	3.792237635e-10
3907	86.96830173	-6.194156299e-11
3908	89.99137534	1.551825335e-11
3909	87.50412231	2.025437595e-10
3910	89.51182109	1.091713386e-10
3911	86.19927524	1.168487529e-11
3912	91.23462858	1.580708897e-10
3913	86.3632276	1.05121245e-10
3914	81.23734022	-7.063150065e-11
3915	82.56601218	-1.102904434e-10
3916	83.58861417	1.06101794e-10
3917	89.66385827	1.369144798e-10
3918	89.33839609	1.060840304e-11
3919	86.76558184	2.30258479e-10
3920	86.64865875	5.607816433e-10
3921	82.8404206	3.156230832e-10
3922	80.5187207	-1.962519036e-11
3923	77.60810841	2.676472377e-10
3924	85.12815916	6.20779872e-10
3925	89.91743227	5.047091634e-10
3926	77.25236666	2.915108155e-10
3927	80.336962	1.155662233e-10
3928	84.69104495	1.154383256e-10
3929	79.24414529	-3.584688102e-11
3930	78.01842296	1.390993987e-10
3931	77.59186222	4.695372979e-10
3932	78.11695364	3.518394465e-10
3933	87.13391507	-2.207514171e-10
3934	96.20616492	-2.603677274e-10
3935	92.79649596	1.205542333e-10
3936	91.2633802	4.812115151e-10
3937	90.25262616	3.592468545e-10
3938	80.72023508	2.801066046e-10
3939	80.17470896	2.545377242e-10
3940	82.53716453	1.024140772e-10
3941	87.97381716	8.022738029e-11
3942	86.51018969	4.658922137e-10
3943	83.93257636	6.275122644e-10
3944	86.50893792	2.694129364e-10
3945	86.02562216	-1.304911734e-11
3946	80.95362887	3.61524144e-11
3947	84.25008987	2.197211302e-10
3948	77.29797327	1.307967068e-10
3949	84.71670218	-7.470291052e-11
3950	91.96369988	2.725286663e-11
3951	84.33389086	-4.206412996e-11
3952	92.39225646	-1.305267006e-10
3953	85.85539731	2.386357778e-11
3954	79.12099649	2.888818074e-10
3955	89.47073	1.331201815e-10
3956	97.93873326	5.62039304e-11
3957	83.20129842	3.722497866e-10
3958	79.81422741	4.804157072e-10
3959	94.10629668	2.242366293e-10
3960	96.50150411	-1.223483537e-10
3961	98.75544914	1.942233041e-10
3962	93.19904066	3.693614303e-10
3963	93.10871735	1.979785225e-10
3964	101.0836461	-1.229878421e-10
3965	99.52249897	-1.165929575e-10
3966	110.4648536	-2.052509274e-10
3967	110.2300392	-2.165627677e-10
3968	73.45156713	-8.960654441e-11
3969	73.72133596	2.563496082e-10
3970	83.34560821	2.718536507e-11
3971	78.0610384	-3.864073506e-10
3972	83.08493801	-2.851194836e-10
3973	83.09955641	2.487112738e-10
3974	81.63574729	3.870290755e-10
3975	86.11572773	1.963229579e-10
3976	85.21765235	1.206288402e-10
3977	81.59437057	-3.212008437e-11
3978	84.51761596	-3.146283234e-11
3979	77.21917139	1.309530262e-10
3980	74.42629442	4.540332554e-10
3981	83.84887847	2.217639405e-10
3982	85.78047088	-4.046682989e-10
3983	78.30301171	-4.464091319e-10
3984	76.48108488	-1.419167006e-10
3985	74.41426911	1.491002877e-10
3986	76.01428342	-3.229061463e-11
3987	77.34491135	-1.647855186e-10
3988	74.34211422	-2.306741465e-10
3989	82.65230442	-1.645332759e-10
3990	83.87053414	-1.144542239e-10
3991	74.6543459	2.540616606e-10
3992	73.57296279	4.196536452e-10
3993	79.39812177	3.407052418e-12
3994	72.77569935	-1.95402805e-10
3995	62.75643826	1.144080386e-10
3996	68.14124501	1.517079795e-10
3997	76.03392587	-4.105515927e-11
3998	69.08448132	-1.315818565e-10
3999	69.42698701	-3.83089116e-11
4000	79.87506708	-1.55498725e-10
4001	83.61183741	-2.555005096e-10
4002	83.80742433	-1.888871282e-10
4003	78.60871971	-8.083489433e-11
4004	73.30690266	-3.029541062e-10
4005	84.55498578	-1.911182324e-10
4006	87.43187507	-5.485034649e-11
4007	82.74921128	-2.840394586e-11
4008	82.52818519	-2.497699825e-10
4009	83.46200668	-2.928430831e-10
4010	84.17430173	1.848832198e-11
4011	87.26977185	3.497646617e-10
4012	84.11782137	1.845528175e-10
4013	83.75497109	-1.067412825e-10
4014	83.54506842	-1.614566258e-10
4015	80.30351552	-4.120224162e-10
4016	82.39595673	-2.033360147e-10
4017	84.15982838	1.898499136e-10
4018	90.47109145	2.679421129e-10
4019	85.10988246	-3.754614397e-10
4020	79.22134491	-8.403944207e-10
4021	86.46834973	-5.787121893e-10
4022	85.57890164	-9.247713706e-12
4023	82.40437494	1.684732354e-10
4024	85.62457077	-1.323030574e-11
4025	86.04904312	-1.866418131e-10
4026	88.26115214	-3.970015428e-10
4027	94.47939714	-3.213607158e-10
4028	92.3432808	6.348699344e-11
4029	97.79144169	4.557207944e-10
4030	106.2042655	4.30574687e-10
4031	99.0162122	-2.573550262e-10
4032	81.82232055	-4.573728063e-10
4033	72.27738431	-1.324629295e-10
4034	71.99632395	4.63344918e-11
4035	66.60141365	-5.265121672e-12
4036	76.08961333	3.505817858e-11
4037	86.66881577	-1.570157337e-10
4038	80.95635644	-4.761986361e-10
4039	81.35846033	-5.463114405e-10
4040	82.66662373	-1.357740587e-10
4041	82.22781437	5.558575822e-11
4042	77.18522976	-1.129656368e-10
4043	75.37530685	-2.153655032e-11
4044	86.23567698	2.889386508e-10
4045	83.29665586	8.171596733e-11
4046	79.78953841	-2.924132048e-10
4047	74.3297345	2.998135074e-11
4048	68.4416804	5.061373543e-10
4049	73.33319047	5.096261191e-10
4050	80.21739686	1.087059331e-10
4051	79.95866438	-1.302957742e-10
4052	74.35607503	-7.484146636e-11
4053	78.56228163	-2.431335133e-10
4054	79.63191135	-4.110489726e-11
4055	71.4797923	3.565503448e-10
4056	74.08711041	2.553619538e-10
4057	77.03994296	-4.851656854e-10
4058	66.24090187	-5.495408573e-10
4059	63.11710691	-9.959322256e-11
4060	64.37228487	4.662332742e-10
4061	67.60212436	4.14903667e-10
4062	67.60066121	3.264943871e-10
4063	71.86979817	1.655315884e-10
4064	79.08925489	-1.607993738e-10
4065	80.41314285	-1.427373775e-10
4066	82.85226176	4.870699399e-10
4067	79.01499012	7.221316878e-10
4068	76.21644738	2.639168883e-10
4069	84.53193552	-1.947881856e-10
4070	82.19689843	-1.162234753e-10
4071	74.94718006	1.14813048e-10
4072	69.55835726	1.06982867e-10
4073	73.54146514	8.684608588e-11
4074	77.09692949	2.912479147e-10
4075	73.73670294	8.436629173e-11
4076	82.21443283	-2.375024621e-10
4077	80.81843671	-1.650946047e-11
4078	71.24245321	2.899867013e-10
4079	71.9678594	1.647215697e-10
4080	76.71978576	1.450999321e-10
4081	84.48655759	3.523936698e-10
4082	83.37323641	5.359552802e-10
4083	76.97176699	2.35122144e-10
4084	79.0510869	-2.581046488e-11
4085	85.50663464	2.675513144e-10
4086	85.5832503	4.856772762e-10
4087	86.57524026	3.835403106e-10
4088	81.85259227	1.854445486e-10
4089	79.50218486	6.780709327e-11
4090	92.24390756	-1.843929454e-10
4091	91.39721382	-2.302655844e-10
4092	93.59018146	7.3605122e-11
4093	109.6470638	5.163833805e-10
4094	98.46789474	2.218882855e-10
4095	137.5567266	-1.790176896e-10
